id,category,caption,bytes
4_Yes_Chad/11299,Yes_Chad,"50s Greaser Chad, Yes Chad, 1950-1960, United States, Civilian (Adult)",158974
4_Yes_Chad/11300,Yes_Chad,"Aang Chad, Yes Chad, Cartoon, The Last Airbender",59539
4_Yes_Chad/11301,Yes_Chad,"Aaron Kimball, Yes Chad, Video Game, Fallout : New Vegas, New California Republic",31510
4_Yes_Chad/11302,Yes_Chad,"Abbasid Caliphate Warrior, Yes Chad, Iraq, 476-1492",219924
4_Yes_Chad/11303,Yes_Chad,"Abdel Fattah el-Sisi, Yes Chad, Egypt, President, 2010-2020",310425
4_Yes_Chad/11304,Yes_Chad,"Aboriginal chad, Yes Chad, Autochthonous, Australia, Pacific",63857
4_Yes_Chad/11305,Yes_Chad,"Aboriginal Tribe, Yes Chad, Australia, 1492-1789, Autochthonous",227704
4_Yes_Chad/11306,Yes_Chad,"Abrahamic Religion Chad, Yes Chad, Judaism, Islam, Christianism, Religious Authority",913471
4_Yes_Chad/11307,Yes_Chad,"Abraham Lincoln, Yes Chad, 1821-1914, United States, President",283153
4_Yes_Chad/11308,Yes_Chad,"Abu Lu'lu'a Firuz Chad, Yes Chad, Iran, 476-1492",227575
4_Yes_Chad/11309,Yes_Chad,"Abu-Malek Abd-el-Ouahad, Zianid Sultan, Yes Chad, Algeria, Monarch, 476-1492",123381
4_Yes_Chad/11310,Yes_Chad,"Abusive Wife Chad, Yes Chad, Civilian (Adult)",72687
4_Yes_Chad/11311,Yes_Chad,"Achmiedean Knight, Yes Chad, Iran, Knight, 476-1492",277194
4_Yes_Chad/11312,Yes_Chad,"Acreano Chad, Yes Chad, Brazil, South America",40661
4_Yes_Chad/11313,Yes_Chad,"Adam Sandler (Uncut Gems), Yes Chad, Movie and TV Show",487373
4_Yes_Chad/11314,Yes_Chad,"Adam Smith Chad, Yes Chad, United Kingdom, Liberal Right, 1492-1789, Philosophy",7354
4_Yes_Chad/11315,Yes_Chad,"Adem Jashari, Yes Chad, Other Army (Europe), Kosovo, Albania, 1990-2000",19670
4_Yes_Chad/11316,Yes_Chad,"Adolf Hitler, Yes Chad, 1939-1945, The Third Reich, Despot, National-Socialism",125443
4_Yes_Chad/11317,Yes_Chad,"Adolf Hitler Chad, Yes Chad, The Third Reich, 1939-1945, National-Socialism, Despot",64160
4_Yes_Chad/11318,Yes_Chad,"Adventurer Relic, Yes Chad, Fantasy",457233
4_Yes_Chad/11319,Yes_Chad,"Afghan Chad, Yes Chad, Asia, Afghanistan",168097
4_Yes_Chad/11320,Yes_Chad,"Afghan Chad, Yes Chad, Afghanistan, Asia",43448
4_Yes_Chad/11321,Yes_Chad,"Afghan Chad, Yes Chad, Asia, Afghanistan",43435
4_Yes_Chad/11322,Yes_Chad,"Afghan Chad, Yes Chad, Asia, Afghanistan",23535
4_Yes_Chad/11323,Yes_Chad,"Afghan Chad, Yes Chad, Afghanistan, Asia",43462
4_Yes_Chad/11324,Yes_Chad,"Afghan Chad, Yes Chad, Asia, Afghanistan",9788
4_Yes_Chad/11325,Yes_Chad,"Afghanistan chad, Yes Chad, Asia, Afghanistan",247213
4_Yes_Chad/11326,Yes_Chad,"African Chad, Yes Chad, Africa",289196
4_Yes_Chad/11327,Yes_Chad,"African King Chad, Yes Chad, Africa, Autochthonous, Monarch",235748
4_Yes_Chad/11328,Yes_Chad,"African Noble Chad, Yes Chad, Africa, Nobility and Bourgeoisie, Autochthonous",71027
4_Yes_Chad/11329,Yes_Chad,"African Priest Tribal Chad, Yes Chad, Africa, Autochthonous, Other Sovereign Title",340616
4_Yes_Chad/11330,Yes_Chad,"African Prince Chad, Yes Chad, Africa, Autochthonous, Other Sovereign Title",54343
4_Yes_Chad/11331,Yes_Chad,"African Soldier Tribal Chad, Yes Chad, Africa, Autochthonous, Other Sovereign Title",680110
4_Yes_Chad/11332,Yes_Chad,"Agustín Tosco, Yes Chad, Argentina, Worker, 1960-1970",305106
4_Yes_Chad/11333,Yes_Chad,"Ahmed II, Dey of Algiers , Yes Chad, Algeria, Monarch, 1789-1821",200448
4_Yes_Chad/11334,Yes_Chad,"Ahmed Sami chad , Yes Chad, Egypt, Bahrain, NSFW",250025
4_Yes_Chad/11335,Yes_Chad,"Ajo-Kagan Chad , Yes Chad, Kyrgyzstan, 476-1492",191697
4_Yes_Chad/11336,Yes_Chad,"Akagi, Yes Chad, Anime",72160
4_Yes_Chad/11337,Yes_Chad,"Akhenaten (Amenhotep IV), Yes Chad, Ancient Egypt, -3000-476, Monarch, Mythology",123398
4_Yes_Chad/11338,Yes_Chad,"Akkadian Chad, Yes Chad, Iraq, -3000-476, Middle East",21053
4_Yes_Chad/11339,Yes_Chad,"ALARM Chad, Yes Chad, The Ever-Expanding Bunker",104420
4_Yes_Chad/11340,Yes_Chad,"Albert Wesker, Yes Chad, Video Game, Resident Evil",299821
4_Yes_Chad/11341,Yes_Chad,"Al ChestBreach, Yes Chad, Post Apocalyptic, Fallout : New Vegas, Youtube",117942
4_Yes_Chad/11342,Yes_Chad,"Alejandro Giammattei, Yes Chad, Guatemala, President, 2020-2030",88135
4_Yes_Chad/11343,Yes_Chad,"Alexander Lukashenko, Yes Chad, 2010-2020, Belarus, Despot, Authoritarian Right",61637
4_Yes_Chad/11344,Yes_Chad,"Alexander The Great, Yes Chad, -3000-476, Macedonia, Imperial",255683
4_Yes_Chad/11345,Yes_Chad,"Alexander The Great, Yes Chad, Macedonia, -3000-476, Imperial",341712
4_Yes_Chad/11346,Yes_Chad,"Alexandros Papagos, Yes Chad, Greece, 1950-1960, Prime Minister, Hellenic Army",140346
4_Yes_Chad/11347,Yes_Chad,"Alex Chad, Yes Chad, Video Game, Minecraft",6286
4_Yes_Chad/11348,Yes_Chad,"Algerian Chad, Yes Chad, Algeria, Africa",176926
4_Yes_Chad/11349,Yes_Chad,"Alien Chad, Yes Chad, Space",71122
4_Yes_Chad/11350,Yes_Chad,"Ali Khodja, Dey of Algiers , Yes Chad, Algeria, Monarch, 1789-1821",268926
4_Yes_Chad/11351,Yes_Chad,"Alpha Legion Chad, Yes Chad, Video Game, Futuristic, Warhammer",42116
4_Yes_Chad/11352,Yes_Chad,"Alt Girl Chad, Yes Chad, Civilian (Teenager)",506576
4_Yes_Chad/11353,Yes_Chad,"Amir timur, Yes Chad, Uzbekistan, Knight, Mongolia, 476-1492",687327
4_Yes_Chad/11354,Yes_Chad,"Anarchist Chad, Yes Chad, Anarchism, Liberal Left",163236
4_Yes_Chad/11355,Yes_Chad,"Andreas Papandreou, Yes Chad, Greece, 1980-1990, Prime Minister",93531
4_Yes_Chad/11356,Yes_Chad,"Andrew Jackson Chad, Yes Chad, American Civil War, 1821-1914, United States, President",155802
4_Yes_Chad/11357,Yes_Chad,"Andrzej Duda, Yes Chad, Poland, President, Authoritarian Right, 2010-2020",73028
4_Yes_Chad/11358,Yes_Chad,"Anglo Saxon Yes Chad, Yes Chad, United Kingdom, 476-1492, Knight",51387
4_Yes_Chad/11359,Yes_Chad,"Anisoptera (Mini Mini Farm), Yes Chad, Video Game, Mini Mini Farm, Full Body",528376
4_Yes_Chad/11360,Yes_Chad,"Antanas Smetona, Yes Chad, President, Lithuania, 1939-1945",45637
4_Yes_Chad/11361,Yes_Chad,"Antifa Chad, Yes Chad, Liberal Left, 2010-2020",85054
4_Yes_Chad/11362,Yes_Chad,"Anushravan, Yes Chad, Iran, Monarch, -3000-476",437917
4_Yes_Chad/11363,Yes_Chad,"Aquaman, Yes Chad, Comics, DC, Ocean",84417
4_Yes_Chad/11364,Yes_Chad,"Arab chad, Yes Chad, Middle East, Saudi Arabia",594626
4_Yes_Chad/11365,Yes_Chad,"Arab chad, Yes Chad, Middle East, Saudi Arabia",331344
4_Yes_Chad/11366,Yes_Chad,"Arab Chad, Yes Chad, Middle East, Saudi Arabia",44746
4_Yes_Chad/11367,Yes_Chad,"Arab Chad, Yes Chad, Middle East, Saudi Arabia",272712
4_Yes_Chad/11368,Yes_Chad,"Arab Chad, Yes Chad, Middle East, Saudi Arabia",51458
4_Yes_Chad/11369,Yes_Chad,"Aragorn Chad, Yes Chad, Fantasy, The Lord of the Rings, Movie and TV Show",55156
4_Yes_Chad/11370,Yes_Chad,"Arc de Triomphe Chad, Yes Chad, France, Festivity",65294
4_Yes_Chad/11371,Yes_Chad,"Ardshir I, Yes Chad, Iran, Monarch, -3000-476",252975
4_Yes_Chad/11372,Yes_Chad,"Argentinian Chad, Yes Chad, South America, Argentina",63092
4_Yes_Chad/11373,Yes_Chad,"Argentinian Chad, Yes Chad, South America, Argentina",87747
4_Yes_Chad/11374,Yes_Chad,"Ariobarzanes of Persis, Yes Chad, Iran, -3000-476",20056
4_Yes_Chad/11375,Yes_Chad,"Arkham Batman, Yes Chad, Comics, DC",316275
4_Yes_Chad/11376,Yes_Chad,"Arma Soldier, Yes Chad, Arma, Video Game, Militia Forces",116410
4_Yes_Chad/11377,Yes_Chad,"Armenian Chad, Yes Chad, Europe, Armenia",128762
4_Yes_Chad/11378,Yes_Chad,"Armenian Chad, Yes Chad, Europe, Armenia",98125
4_Yes_Chad/11379,Yes_Chad,"Armenian Chad, Yes Chad, Asia, Armenia",1740628
4_Yes_Chad/11380,Yes_Chad,"Armenian Chad , Yes Chad, Armenia, Europe",172333
4_Yes_Chad/11381,Yes_Chad,"Armenian Chad, Yes Chad, Armenia",180310
4_Yes_Chad/11382,Yes_Chad,"Armenian Gamer, Yes Chad, Armenia, Chad",147032
4_Yes_Chad/11383,Yes_Chad,"Armenian King, Yes Chad, Armenia, Monarch, -3000-476",490419
4_Yes_Chad/11384,Yes_Chad,"Armenian King, Yes Chad, Armenia, Monarch",1035353
4_Yes_Chad/11385,Yes_Chad,"Arminius, Yes Chad, Germany, -3000-476, Autochthonous",788478
4_Yes_Chad/11386,Yes_Chad,"Arsaces I , Yes Chad, Iran, Monarch, -3000-476",252275
4_Yes_Chad/11387,Yes_Chad,"Arthas Chad, Yes Chad, Video Game, World of Warcraft",79828
4_Yes_Chad/11388,Yes_Chad,"Arthur Morgan , Yes Chad, Far West, Video Game, United States, 1821-1914",286126
4_Yes_Chad/11389,Yes_Chad,"Arthur Schopenhauer, Yes Chad, Germany, Philosophy, 1821-1914",89360
4_Yes_Chad/11390,Yes_Chad,"Arthur Schopenhauer, Yes Chad, Germany, Philosophy, 1821-1914",89360
4_Yes_Chad/11391,Yes_Chad,"Arvanitis, Yes Chad, Greece, 1821-1914",8299
4_Yes_Chad/11392,Yes_Chad,"Aryan Muslim , Yes Chad, Islam, The Third Reich, 1821-1914, 1939-1945",410219
4_Yes_Chad/11393,Yes_Chad,"Asgore Gigachad, Yes Chad, Video Game, Undertale",379410
4_Yes_Chad/11394,Yes_Chad,"Assyrian Chad, Yes Chad, Iraq, Middle East",149673
4_Yes_Chad/11395,Yes_Chad,"Atmer Chad, Yes Chad, Video Game, Skyrim, Fantasy, Elf",45629
4_Yes_Chad/11396,Yes_Chad,"Attila Dorn (Powerwolf), Yes Chad, 2000-2010, Music, Germany",228059
4_Yes_Chad/11397,Yes_Chad,"Austria-Hungarian Chad, Yes Chad, Austria-Hungarian Empire, 1914-1918, Austro-Hungarian Armed Forces",52438
4_Yes_Chad/11398,Yes_Chad,"Authoritarian Right Berber, Yes Chad, Algeria, Kabylia, Authoritarian Right",46436
4_Yes_Chad/11399,Yes_Chad,"AutLeftist Chad, Yes Chad, Authoritarian Left (Political Compass), Political Compass",170682
4_Yes_Chad/11400,Yes_Chad,"Ayatollah Khamenei Chad, Yes Chad, Iran, Despot, 2010-2020, Religious Authority, Islam",198745
4_Yes_Chad/11401,Yes_Chad,"Ayn Rand, Yes Chad, United States, 1950-1960, Russia, Philosophy",98003
4_Yes_Chad/11402,Yes_Chad,"Azerbaijani Chad, Yes Chad, Azerbaijan, Other Army (Caucasus)",322009
4_Yes_Chad/11403,Yes_Chad,"Azerbaijani Chad, Yes Chad, Azerbaijan, Asia",1664354
4_Yes_Chad/11404,Yes_Chad,"Azerbaijani Chad, Yes Chad, Azerbaijan, Asia",583598
4_Yes_Chad/11405,Yes_Chad,"Aztec Eagle Warrior, Yes Chad, 1492-1789, Mexico, Autochthonous",1020066
4_Yes_Chad/11406,Yes_Chad,"Aztec Emperor Cuauhtémoc, Yes Chad, 1492-1789, Mexico, Autochthonous",428601
4_Yes_Chad/11407,Yes_Chad,"Aztec Jaguar Warrior, Yes Chad, 1492-1789, Mexico, Autochthonous",485438
4_Yes_Chad/11408,Yes_Chad,"Aztec Priest Coyote Warrior, Yes Chad, 1492-1789, Mexico, Autochthonous",657864
4_Yes_Chad/11409,Yes_Chad,"Baba Ali Chaouch, Yes Chad, Algeria, Monarch, 1492-1789",296832
4_Yes_Chad/11410,Yes_Chad,"Babak Khorramdin, Yes Chad, 476-1492, Iran, Knight",393333
4_Yes_Chad/11411,Yes_Chad,"Baby Chad, Yes Chad, Civilian (Teenager)",35478
4_Yes_Chad/11412,Yes_Chad,"Baby yes chad, Yes Chad, Civilian (Teenager)",163054
4_Yes_Chad/11413,Yes_Chad,"Bahrain Chad, Yes Chad, Middle East, Bahrain",302194
4_Yes_Chad/11414,Yes_Chad,"Baiano Chad, Yes Chad, Brazil, South America",51989
4_Yes_Chad/11415,Yes_Chad,"Bald Chad, Yes Chad, Civilian (Adult)",149005
4_Yes_Chad/11416,Yes_Chad,"Bandolero 1808 with hat, Yes Chad, Spain, 1789-1821, Revolution",779301
4_Yes_Chad/11417,Yes_Chad,"Bangladeshi Wojak, Yes Chad, Asia, Bangladesh",101288
4_Yes_Chad/11418,Yes_Chad,"Barnacle Boy Chad , Yes Chad, Cartoon, SpongeBob SquarePants",95486
4_Yes_Chad/11419,Yes_Chad,"Barry Gibb, Yes Chad, Music, Full Body, United Kingdom, 1970-1980",242446
4_Yes_Chad/11420,Yes_Chad,"Based Maga, Yes Chad, Group, MAGA, United States",195932
4_Yes_Chad/11421,Yes_Chad,"Bashar Al Assad Chad, Yes Chad, Syria, Authoritarian Left, 2000-2010, President",65665
4_Yes_Chad/11422,Yes_Chad,"Baso Chad, Yes Chad, Internet, Youtube",517329
4_Yes_Chad/11423,Yes_Chad,"Batman, Yes Chad, Comics, DC",55632
4_Yes_Chad/11424,Yes_Chad,"Batman Chad, Yes Chad, Comics, DC",49424
4_Yes_Chad/11425,Yes_Chad,"Batman Prime Earth, Yes Chad, Comics, DC",65487
4_Yes_Chad/11426,Yes_Chad,"Batonian Chad, Yes Chad, Steampunk, Brazil",93437
4_Yes_Chad/11427,Yes_Chad,"BDSM Chad, Yes Chad, NSFW",72080
4_Yes_Chad/11428,Yes_Chad,"Beagle Chad, Yes Chad, Farm",85038
4_Yes_Chad/11429,Yes_Chad,"Bengali Chad, Yes Chad, Asia, Bangladesh",10188
4_Yes_Chad/11430,Yes_Chad,"Bengali Chad, Yes Chad, Asia, Bangladesh",9018
4_Yes_Chad/11431,Yes_Chad,"Bengali Chad, Yes Chad, Asia, Bangladesh",360658
4_Yes_Chad/11432,Yes_Chad,"Bengali Chad, Yes Chad, Asia, Bangladesh",9018
4_Yes_Chad/11433,Yes_Chad,"Bengali Wojak, Yes Chad, Asia, Bangladesh",692924
4_Yes_Chad/11434,Yes_Chad,"Benito Mussolini, Yes Chad, Italy, 1939-1945, Authoritarian Right, Despot",166103
4_Yes_Chad/11435,Yes_Chad,"Benito Mussolini, Yes Chad, Italy, 1939-1945, Authoritarian Right, Despot",76452
4_Yes_Chad/11436,Yes_Chad,"Berber Chad, Yes Chad, Kabylia, Africa",161318
4_Yes_Chad/11437,Yes_Chad,"Berber Chad, Yes Chad, Kabylia, Algeria, Africa",647130
4_Yes_Chad/11438,Yes_Chad,"Berserker Nordic Chad, Yes Chad, Scandinavia, -3000-476",135070
4_Yes_Chad/11439,Yes_Chad,"Billie Eilish Chad, Yes Chad, Music, United States, 2010-2020",408091
4_Yes_Chad/11440,Yes_Chad,"Black Chad Baby, Yes Chad, Civilian (Teenager)",8664
4_Yes_Chad/11441,Yes_Chad,"Black Chad, Yes Chad, Civilian (Adult), Civilian (Adult)",6658
4_Yes_Chad/11442,Yes_Chad,"Black Chad Special Forces, Yes Chad, Other Army (Europe)",1107245
4_Yes_Chad/11443,Yes_Chad,"Black Communist, Yes Chad, Authoritarian Left",70743
4_Yes_Chad/11444,Yes_Chad,"Black Gang Chad, Yes Chad, Criminal, Criminal",144261
4_Yes_Chad/11445,Yes_Chad,"Black Jock Chad, Yes Chad, Civilian (Teenager), Academic",47727
4_Yes_Chad/11446,Yes_Chad,"Black Jock Chad, Yes Chad, Civilian (Teenager), Academic, Full Body",158678
4_Yes_Chad/11447,Yes_Chad,"Black Muslim, Yes Chad, Africa, Islam",257842
4_Yes_Chad/11448,Yes_Chad,"Black Panther Party Chad, Yes Chad, 1960-1970, United States, Authoritarian Left",622458
4_Yes_Chad/11449,Yes_Chad,"Black Samurai, Yes Chad, Japan, Imperial Japanese Army, Imperial, 1492-1789",221103
4_Yes_Chad/11450,Yes_Chad,"Black Sea Pontic, Yes Chad, Greece, Russia, Ukraine, Georgia, Europe",3766
4_Yes_Chad/11451,Yes_Chad,"Black Turk Chad, Yes Chad, Turkey",335481
4_Yes_Chad/11452,Yes_Chad,"Blond Kabyle chad, Yes Chad, Kabylia, Algeria, Autochthonous",573558
4_Yes_Chad/11453,Yes_Chad,"Bloody Hijab Iranian Chad, Yes Chad, Iran, Islam, Injured and Dead, 2020-2030",184294
4_Yes_Chad/11454,Yes_Chad,"Blue Shirt Chad, Yes Chad, Civilian (Adult)",159941
4_Yes_Chad/11455,Yes_Chad,"Blue Toad, Yes Chad, Video Game, Super Mario, Nintendo",60966
4_Yes_Chad/11456,Yes_Chad,"Blushed Chad, Yes Chad, Template",1746865
4_Yes_Chad/11457,Yes_Chad,"Boer, Yes Chad, South Africa, South African Defence Force",156386
4_Yes_Chad/11458,Yes_Chad,"Boiadeiro Goiano, Yes Chad, Brazil, South America",113815
4_Yes_Chad/11459,Yes_Chad,"Bolivian Chad, Yes Chad, Bolivia , South America",20502
4_Yes_Chad/11460,Yes_Chad,"Boomer Chad, Yes Chad, Civilian (Eldery)",7683
4_Yes_Chad/11461,Yes_Chad,"Bosnian Soldier Chad, Yes Chad, Bosnia and Herzegovina, Armed Forces of Bosnia and Herzegovina, 1914-1918",14162
4_Yes_Chad/11462,Yes_Chad,"Bosnian Yes Chad, Yes Chad, Europe, Balkan, Bosnia and Herzegovina, Armed Forces of Bosnia and Herzegovina",35699
4_Yes_Chad/11463,Yes_Chad,"Boubou, Yes Chad, Anime, Dragon Ball",108652
4_Yes_Chad/11464,Yes_Chad,"Brainlet (Rythm Game), Yes Chad, Video Game, Music",32837
4_Yes_Chad/11465,Yes_Chad,"Brazilian Chad, Yes Chad, South America, Brazil",93072
4_Yes_Chad/11466,Yes_Chad,"Bride and Groom on Wedding Day, Yes Chad, Family, Festivity, Full Body, Group",164470
4_Yes_Chad/11467,Yes_Chad,"British Colonialist, Yes Chad, United Kingdom, 1821-1914, Colonial, India",289763
4_Yes_Chad/11468,Yes_Chad,"British Colonialist, Yes Chad, United Kingdom, 1821-1914, Colonial, India",289763
4_Yes_Chad/11469,Yes_Chad,"British Indeed Chap, Yes Chad, United Kingdom, Europe",465141
4_Yes_Chad/11470,Yes_Chad,"British Raj Colon Chad, Yes Chad, United Kingdom, 1821-1914, Colonial, India",366234
4_Yes_Chad/11471,Yes_Chad,"British Soldier Chad, Yes Chad, United Kingdom, 1939-1945, British Armed Forces",14706
4_Yes_Chad/11472,Yes_Chad,"British Special Force Chad, Yes Chad, British Armed Forces, United Kingdom, 1960-1970",406707
4_Yes_Chad/11473,Yes_Chad,"Brown Hair And Beard Chad, Yes Chad, Civilian (Adult)",164179
4_Yes_Chad/11474,Yes_Chad,"Brown Hair Chad, Yes Chad, Civilian (Adult)",120094
4_Yes_Chad/11475,Yes_Chad,"Brown Hair Chad, Yes Chad, Civilian (Adult)",11193
4_Yes_Chad/11476,Yes_Chad,"Brown Tribal Chad, Yes Chad, Autochthonous",150162
4_Yes_Chad/11477,Yes_Chad,"Bruce Chad, Yes Chad, Australia, Pacific",9000
4_Yes_Chad/11478,Yes_Chad,"Buddha, Yes Chad, Mythology, India, Buddhism",128007
4_Yes_Chad/11479,Yes_Chad,"Buddha, Yes Chad, Buddhism, Mythology",99729
4_Yes_Chad/11480,Yes_Chad,"Bulgarian Chad, Yes Chad, Europe, Balkan, Bulgaria",116237
4_Yes_Chad/11481,Yes_Chad,"Bulletproof Chad, Yes Chad, Comics, Invincible",155916
4_Yes_Chad/11482,Yes_Chad,"Burgur Chad, Yes Chad, Video Game, Halo, Internet",69294
4_Yes_Chad/11483,Yes_Chad,"Burmese Chad, Yes Chad, Asia, Myanmar",350299
4_Yes_Chad/11484,Yes_Chad,"Cadian General Chad, Yes Chad, Video Game, Futuristic, Warhammer",51707
4_Yes_Chad/11485,Yes_Chad,"Cadian Troops Chad, Yes Chad, Video Game, Futuristic, Warhammer, Group",81321
4_Yes_Chad/11486,Yes_Chad,"Caesar Chad, Yes Chad, Post Apocalyptic, Fallout : New Vegas",91160
4_Yes_Chad/11487,Yes_Chad,"Caius (Augustus) Octavius, Yes Chad, -3000-476, Roman Empire, Imperial",190742
4_Yes_Chad/11488,Yes_Chad,"Campesino, Yes Chad, Dominican Republic, Cuba, Puerto Rico, Farm, Central America",617086
4_Yes_Chad/11489,Yes_Chad,"Canaanite Chad, Yes Chad, Palestine , Israel, Middle East",67721
4_Yes_Chad/11490,Yes_Chad,"Canadian Police Monté Chad, Yes Chad, Canada, North America, Rescue Services",17961
4_Yes_Chad/11491,Yes_Chad,"Candace Owens, Yes Chad, 2020-2030, MAGA, United States, Authoritarian Right, Political Figure",134707
4_Yes_Chad/11492,Yes_Chad,"Cangaceiro Pernambucano , Yes Chad, Brazil, South America",138292
4_Yes_Chad/11493,Yes_Chad,"Capitol Invader, Yes Chad, Authoritarian Right, United States, 2020-2030, MAGA",256448
4_Yes_Chad/11494,Yes_Chad,"Capitol Invader, Yes Chad, Authoritarian Right, United States, 2020-2030, MAGA",256448
4_Yes_Chad/11495,Yes_Chad,"Cappadocian , Yes Chad, Greece, Turkey",3902
4_Yes_Chad/11496,Yes_Chad,"Captain America Chad, Yes Chad, Comics, Marvel, United States",81624
4_Yes_Chad/11497,Yes_Chad,"Captain America, Yes Chad, Comics, Marvel, United States",85967
4_Yes_Chad/11498,Yes_Chad,"Captain Archibald Haddock, Yes Chad, Belgium, Tintin",143190
4_Yes_Chad/11499,Yes_Chad,"Captain Falcon Chad, Yes Chad, Video Game, Nintendo",55042
4_Yes_Chad/11500,Yes_Chad,"Captain Mar-Vell, Yes Chad, Comics, Marvel",7376
4_Yes_Chad/11501,Yes_Chad,"Capybara Chad, Yes Chad, South America",365592
4_Yes_Chad/11502,Yes_Chad,"Carlist Chad, Yes Chad, Spain, Authoritarian Right, 1821-1914",922365
4_Yes_Chad/11503,Yes_Chad,"Carlos Ibáñez del Campo, Yes Chad, Authoritarian Left, Chile, 1950-1960, President",173072
4_Yes_Chad/11504,Yes_Chad,"Carolingian Chad, Yes Chad, 476-1492, Knight",297653
4_Yes_Chad/11505,Yes_Chad,"Carolus (Charlemagne) Magnus, Yes Chad, Germany, 476-1492, France, Monarch",323156
4_Yes_Chad/11506,Yes_Chad,"Casual Chad, Yes Chad, Civilian (Adult)",21152
4_Yes_Chad/11507,Yes_Chad,"Catholic Chad, Yes Chad, Christianism, Civilian (Adult)",557622
4_Yes_Chad/11508,Yes_Chad,"Catholic French Knight, Yes Chad, 476-1492, Knight, France, Christianism",403194
4_Yes_Chad/11509,Yes_Chad,"Catholic Priest, Yes Chad, Christianism, Religious Authority",17537
4_Yes_Chad/11510,Yes_Chad,"Caulipower Chad, Yes Chad, Video Game, Plants vs. Zombies",252713
4_Yes_Chad/11511,Yes_Chad,"Cearense Chad, Yes Chad, Brazil, South America",53990
4_Yes_Chad/11512,Yes_Chad,"Celtic Chad, Yes Chad, Ireland, Europe, Autochthonous",390466
4_Yes_Chad/11513,Yes_Chad,"Celtic Irish Chad, Yes Chad, 1980-1990, Ireland, Terrorism",171718
4_Yes_Chad/11514,Yes_Chad,"Celtic Irish Chad, Yes Chad, Ireland, Europe",10229
4_Yes_Chad/11515,Yes_Chad,"Centrist Chad, Yes Chad, Centrism, Political Compass",304558
4_Yes_Chad/11516,Yes_Chad,"Centrist Chad, Yes Chad, Centrism, Political Compass",98912
4_Yes_Chad/11517,Yes_Chad,"Centrist Chad, Yes Chad, Centrism, Political Compass",98912
4_Yes_Chad/11518,Yes_Chad,"Chad, Yes Chad, Template, Full Body, Civilian (Teenager)",160952
4_Yes_Chad/11519,Yes_Chad,"Chad Adventurer, Yes Chad, Fantasy",386114
4_Yes_Chad/11520,Yes_Chad,"Chad Adventurer, Yes Chad, Fantasy",68172
4_Yes_Chad/11521,Yes_Chad,"Chad Adventurer, Yes Chad, Fantasy",107224
4_Yes_Chad/11522,Yes_Chad,"Chad Adventurer, Yes Chad, Fantasy",55120
4_Yes_Chad/11523,Yes_Chad,"Chad Adventurer, Yes Chad, Fantasy",55120
4_Yes_Chad/11524,Yes_Chad,"Chad Aleksandr Antonov, Yes Chad, 1914-1918, Revolution, Soviet Union",195692
4_Yes_Chad/11525,Yes_Chad,"Chad Amazigh Berber, Yes Chad, Kabylia, Algeria, Autochthonous",550433
4_Yes_Chad/11526,Yes_Chad,"Chad Amazigh Berber, Yes Chad, Kabylia, Algeria, Autochthonous",448632
4_Yes_Chad/11527,Yes_Chad,"Chad Anarchist, Yes Chad, Anarchism",385006
4_Yes_Chad/11528,Yes_Chad,"Chad Anti-Twink, Yes Chad, The Ever-Expanding Bunker",200824
4_Yes_Chad/11529,Yes_Chad,"Chad Arab Girl, Yes Chad, Middle East, Islam, Islam",40285
4_Yes_Chad/11530,Yes_Chad,"Chad Argentina II, Yes Chad, Argentina, South America",170609
4_Yes_Chad/11531,Yes_Chad,"Chad ArtHoe, Yes Chad, Template",72165
4_Yes_Chad/11532,Yes_Chad,"Chad Asian Woman, Yes Chad, Civilian (Adult), Asia",21003
4_Yes_Chad/11533,Yes_Chad,"Chad Baiano, Yes Chad, Brazil, South America",958956
4_Yes_Chad/11534,Yes_Chad,"Chad Bald Girl, Yes Chad, Template",251404
4_Yes_Chad/11535,Yes_Chad,"Chad Baldwin IV of Jerusalem, Yes Chad, Christianism, 476-1492, Israel, Monarch",211530
4_Yes_Chad/11536,Yes_Chad,"Chad Banna, Yes Chad, Hinduism, India, Asia, Autochthonous",525783
4_Yes_Chad/11537,Yes_Chad,"Chad Berber Pagan, Yes Chad, Africa, Algeria, Morocco, Tunisia, Kabylia",15178
4_Yes_Chad/11538,Yes_Chad,"Chad Bernie Sanders, Yes Chad, United States, 2010-2020, Liberal Left",146531
4_Yes_Chad/11539,Yes_Chad,"Chad Bernie Sanders, Yes Chad, United States, 2010-2020, Liberal Left",69740
4_Yes_Chad/11540,Yes_Chad,"Chad Bernie Sanders, Yes Chad, United States, 2010-2020, Liberal Left",69740
4_Yes_Chad/11541,Yes_Chad,"Chad Black Cap, Yes Chad, Civilian (Adult)",118885
4_Yes_Chad/11542,Yes_Chad,"Chad Black Girl, Yes Chad, Civilian (Adult), Civilian (Adult)",6296
4_Yes_Chad/11543,Yes_Chad,"Chad Black Girl Woman, Yes Chad, Civilian (Adult)",301565
4_Yes_Chad/11544,Yes_Chad,"Chad Black Woman, Yes Chad, Civilian (Adult), Civilian (Adult)",50727
4_Yes_Chad/11545,Yes_Chad,"Chad Blazkowicz (Wolfenstein), Yes Chad, Video Game",234403
4_Yes_Chad/11546,Yes_Chad,"Chad Blonde Girl Woman , Yes Chad, Civilian (Adult)",187672
4_Yes_Chad/11547,Yes_Chad,"Chad Blonde Woman, Yes Chad, Civilian (Adult)",72782
4_Yes_Chad/11548,Yes_Chad,"Chad Blue Scout, Yes Chad, Video Game, Team Fortress 2",48919
4_Yes_Chad/11549,Yes_Chad,"Chad Blue Spy, Yes Chad, Video Game, Team Fortress 2",832520
4_Yes_Chad/11550,Yes_Chad,"Chad Bosnian Soldier, Yes Chad, 1990-2000, Armed Forces of Bosnia and Herzegovina, Bosnia and Herzegovina",240282
4_Yes_Chad/11551,Yes_Chad,"Chad breton, Yes Chad, Europe, France, Food and Drink",159831
4_Yes_Chad/11552,Yes_Chad,"Chad Brown Hair, Yes Chad, Civilian (Adult)",221304
4_Yes_Chad/11553,Yes_Chad,"Chad Businessman, Yes Chad, Liberal Right, Corporation",6701
4_Yes_Chad/11554,Yes_Chad,"Chad chad, Yes Chad, Internet, Meme",612835
4_Yes_Chad/11555,Yes_Chad,"Chad Charles de Gaulle, Yes Chad, France, Armée Française, 1939-1945",141027
4_Yes_Chad/11556,Yes_Chad,"Chad Chuck, Yes Chad, Cartoon, The Simpsons, Meme",108707
4_Yes_Chad/11557,Yes_Chad,"Chad Clone Trooper, Yes Chad, Movie and TV Show, Star Wars",103571
4_Yes_Chad/11558,Yes_Chad,"Chad Colonel Dési Bouterse, Yes Chad, Suriname, Authoritarian Left, President, 2010-2020",153734
4_Yes_Chad/11559,Yes_Chad,"Chad Colonist, Yes Chad, Colonial, British Armed Forces, 1821-1914",62653
4_Yes_Chad/11560,Yes_Chad,"Chad Coomer, Yes Chad, Template, Template",144569
4_Yes_Chad/11561,Yes_Chad,"Chad Copyright pirate, Yes Chad, Pirate, Internet, Criminal",74224
4_Yes_Chad/11562,Yes_Chad,"Chad Country Bumpling, Yes Chad, Farm, United States",303209
4_Yes_Chad/11563,Yes_Chad,"Chad Crusader, Yes Chad, 476-1492, Knight",508043
4_Yes_Chad/11564,Yes_Chad,"Chad crusader, Yes Chad, 476-1492, Knight",368353
4_Yes_Chad/11565,Yes_Chad,"Chad Dauphin Of France, Yes Chad, 476-1492, Other Sovereign Title, France",225910
4_Yes_Chad/11566,Yes_Chad,"Chad De Scufan, Yes Chad, Knight, France, Christianism, 476-1492",434009
4_Yes_Chad/11567,Yes_Chad,"Chad Diogenes of Sinope, Yes Chad, Macedonia, Philosophy, -3000-476, Greece",47334
4_Yes_Chad/11568,Yes_Chad,"Chad Doom Slayer, Yes Chad, Video Game, Doom",541577
4_Yes_Chad/11569,Yes_Chad,"Chad doppio, Yes Chad, Civilian (Adult)",8725
4_Yes_Chad/11570,Yes_Chad,"Chad Dragi Crni, Yes Chad, Croatia, Internet, 2020-2030",428226
4_Yes_Chad/11571,Yes_Chad,"Chad Drinking Coffe With A Fedora, Yes Chad, Civilian (Adult)",620345
4_Yes_Chad/11572,Yes_Chad,"Chad Edward Longshanks, Yes Chad, 476-1492, United Kingdom, Monarch",281024
4_Yes_Chad/11573,Yes_Chad,"Chad Egyptian Siwi Siwa Amazigh Berber, Yes Chad, Autochthonous, Ancient Egypt, -3000-476",638981
4_Yes_Chad/11574,Yes_Chad,"Chad Elizabeth I, Yes Chad, United Kingdom, 1492-1789",381988
4_Yes_Chad/11575,Yes_Chad,"Chad Emperor Of Brazil, Yes Chad, 476-1492, Imperial, Brazil",456488
4_Yes_Chad/11576,Yes_Chad,"Chad Emperor Of Russia, Yes Chad, 476-1492, Imperial, Russia",409982
4_Yes_Chad/11577,Yes_Chad,"Chad Engineer , Yes Chad, Video Game, Team Fortress 2, Worker",70934
4_Yes_Chad/11578,Yes_Chad,"Chad Estonian Man, Yes Chad, Estonia, Europe",224316
4_Yes_Chad/11579,Yes_Chad,"Chad Father Elijah, Yes Chad, Post Apocalyptic, Fallout : New Vegas",86597
4_Yes_Chad/11580,Yes_Chad,"Chad Fedora, Yes Chad, Civilian (Adult)",179452
4_Yes_Chad/11581,Yes_Chad,"Chad Felix Arvid (Pewdiepie)  Ulf Kjellberg, Yes Chad, Internet, Sweden, Youtube",129039
4_Yes_Chad/11582,Yes_Chad,"Chad Firefighter, Yes Chad, Rescue Services",131518
4_Yes_Chad/11583,Yes_Chad,"Chad Firefighter, Yes Chad, Rescue Services",64878
4_Yes_Chad/11584,Yes_Chad,"Chad French Emperor, Yes Chad, 1789-1821, France, Monarch",66396
4_Yes_Chad/11585,Yes_Chad,"Chad French Soldier, Yes Chad, 1789-1821, France, Armée Française",25813
4_Yes_Chad/11586,Yes_Chad,"Chad French Tank Captain, Yes Chad, 1939-1945, France, Armée Française",60400
4_Yes_Chad/11587,Yes_Chad,"Chad General Lee, Yes Chad, 1821-1914, Confederate States of America, American Civil War, Confederate States Army",8107
4_Yes_Chad/11588,Yes_Chad,"Chad Girl, Yes Chad, Template",130388
4_Yes_Chad/11589,Yes_Chad,"Chad Girl, Yes Chad, Template",8725
4_Yes_Chad/11590,Yes_Chad,"Chad Girl, Yes Chad, Template",1461945
4_Yes_Chad/11591,Yes_Chad,"Chad Girl, Yes Chad, Civilian (Teenager)",79350
4_Yes_Chad/11592,Yes_Chad,"Chad Girl Brunette, Yes Chad, Template",351683
4_Yes_Chad/11593,Yes_Chad,"Chad Girl Brunette, Yes Chad, Civilian (Teenager)",95004
4_Yes_Chad/11594,Yes_Chad,"Chad Girl Glasses, Yes Chad, Civilian (Teenager)",133506
4_Yes_Chad/11595,Yes_Chad,"Chad Girl, Yes Chad, Template",1461945
4_Yes_Chad/11596,Yes_Chad,"Chad Gjergj Kastrioti ""Skanderbeg"", Yes Chad, Albania, 476-1492, Monarch",231367
4_Yes_Chad/11597,Yes_Chad,"Chad Grandma, Yes Chad, Civilian (Eldery)",44715
4_Yes_Chad/11598,Yes_Chad,"Chad Haruhi Suzumiya, Yes Chad, Anime",17604
4_Yes_Chad/11599,Yes_Chad,"Chad Highlander, Yes Chad, Scotland, United Kingdom, British Armed Forces",15445
4_Yes_Chad/11600,Yes_Chad,"Chad Incroyable, Yes Chad, 1789-1821, Nobility and Bourgeoisie, France",1023515
4_Yes_Chad/11601,Yes_Chad,"Chad Intersectional LibLeft, Yes Chad, Liberal Left, LGBT+, Anarchism",82532
4_Yes_Chad/11602,Yes_Chad,"Chad Intersectional LibLeft, Yes Chad, Liberal Left, LGBT+, Anarchism",247216
4_Yes_Chad/11603,Yes_Chad,"Chad Inugami Korone, Yes Chad, Japan, Virtual Youtuber, Youtube",287540
4_Yes_Chad/11604,Yes_Chad,"Chad Iron Golem, Yes Chad, Video Game, Minecraft",258835
4_Yes_Chad/11605,Yes_Chad,"Chad Javier Milei, Yes Chad, Argentina, Political Figure, 2010-2020, Liberal Right",301021
4_Yes_Chad/11606,Yes_Chad,"Chad Jean Lassalle, Yes Chad, France, Authoritarian Right, 2010-2020, Political Figure",84970
4_Yes_Chad/11607,Yes_Chad,"Chad Jerry, Yes Chad, Cartoon",101301
4_Yes_Chad/11608,Yes_Chad,"Chad Jesus, Yes Chad, Christianism, Mythology, 476-1492",337270
4_Yes_Chad/11609,Yes_Chad,"Chad Jewish Elder, Yes Chad, Judaism, Israel",473199
4_Yes_Chad/11610,Yes_Chad,"Chad Jihadist, Yes Chad, Islam, Middle East, Bangladesh, Terrorism, Authoritarian Right",406600
4_Yes_Chad/11611,Yes_Chad,"Chad Josip Broz Tito (Old), Yes Chad, Yugoslavia, 1970-1980, Authoritarian Left, President",179184
4_Yes_Chad/11612,Yes_Chad,"Chad Josip Broz Tito (Young), Yes Chad, Yugoslavia, 1960-1970, Authoritarian Left, President",163562
4_Yes_Chad/11613,Yes_Chad,"Chad JSK Hooligan, Yes Chad, Kabylia, Algeria, Sport",37835
4_Yes_Chad/11614,Yes_Chad,"Chad Jude the Apostle, Yes Chad, Christianism, Mythology, -3000-476",451306
4_Yes_Chad/11615,Yes_Chad,"Chad Kabyle, Yes Chad, Kabylia, Algeria, Africa, Autochthonous",29077
4_Yes_Chad/11616,Yes_Chad,"Chad Kabylian with Turkish Head, Yes Chad, Kabylia, Algeria, 1492-1789, Injured and Dead",618998
4_Yes_Chad/11617,Yes_Chad,"Chad Kamikaze, Yes Chad, Imperial Japanese Army, 1939-1945, Japan",135848
4_Yes_Chad/11618,Yes_Chad,"Chad Kashub, Yes Chad, Poland, Europe",201830
4_Yes_Chad/11619,Yes_Chad,"Chad King, Yes Chad, 476-1492, Monarch",67097
4_Yes_Chad/11620,Yes_Chad,"Chad King, Yes Chad, 476-1492, Monarch",100771
4_Yes_Chad/11621,Yes_Chad,"Chad King Haakon, Yes Chad, Norway, Monarch, 1939-1945, Other Army (Europe)",55907
4_Yes_Chad/11622,Yes_Chad,"Chad King Of Belgium, Yes Chad, 476-1492, Monarch, Belgium",267497
4_Yes_Chad/11623,Yes_Chad,"Chad King Of Denmark, Yes Chad, 476-1492, Monarch, Denmark",328709
4_Yes_Chad/11624,Yes_Chad,"Chad King Of France, Yes Chad, 476-1492, Monarch, France",170734
4_Yes_Chad/11625,Yes_Chad,"Chad King Of Roman, Yes Chad, 476-1492, Monarch",416284
4_Yes_Chad/11626,Yes_Chad,"Chad King Of Savoy, Yes Chad, 476-1492, Monarch, Italy",361159
4_Yes_Chad/11627,Yes_Chad,"Chad King Of Spain, Yes Chad, 476-1492, Monarch, Spain",303979
4_Yes_Chad/11628,Yes_Chad,"Chad King Pin, Yes Chad, Comics, Marvel",58515
4_Yes_Chad/11629,Yes_Chad,"Chad King, Yes Chad, 476-1492, Monarch",100771
4_Yes_Chad/11630,Yes_Chad,"Chad Kiryu Coco, Yes Chad, Japan, Virtual Youtuber, Youtube",9695
4_Yes_Chad/11631,Yes_Chad,"Chad Knight, Yes Chad, 476-1492, Knight",310549
4_Yes_Chad/11632,Yes_Chad,"Chad Koume Akaboshi, Yes Chad, Anime, Girls Und Panzer",10167
4_Yes_Chad/11633,Yes_Chad,"Chad Kurdish, Yes Chad, Kurdistan, Middle East",266840
4_Yes_Chad/11634,Yes_Chad,"Chad Latino, Yes Chad, Civilian (Adult), South America",154570
4_Yes_Chad/11635,Yes_Chad,"Chad Latino, Yes Chad, South America",555816
4_Yes_Chad/11636,Yes_Chad,"Chad Latino, Yes Chad, South America",523245
4_Yes_Chad/11637,Yes_Chad,"Chad Latino Group, Yes Chad, Group, Uruguay, Brazil, Ecuador, Mexico",59860
4_Yes_Chad/11638,Yes_Chad,"Chad Lazar Kolisevski, Yes Chad, Macedonia, 1939-1945",31826
4_Yes_Chad/11639,Yes_Chad,"Chad Lee Oliver, Yes Chad, Video Game, Fallout : New Vegas, New California Republic",20713
4_Yes_Chad/11640,Yes_Chad,"Chad Legate Lanius, Yes Chad, Video Game, Fallout : New Vegas, The Legion, Post Apocalyptic",134401
4_Yes_Chad/11641,Yes_Chad,"Chad Link, Yes Chad, Video Game, The Legend of Zelda, Nintendo",100077
4_Yes_Chad/11642,Yes_Chad,"Chad Lolailo, Yes Chad, Music, Spain",1189983
4_Yes_Chad/11643,Yes_Chad,"Chad Louis IX ""St-Louis"", Yes Chad, Christianism, France, 476-1492, Monarch",41298
4_Yes_Chad/11644,Yes_Chad,"Chad Louis XIV, Yes Chad, France, Monarch, 1492-1789",252907
4_Yes_Chad/11645,Yes_Chad,"Chad Lula da Silva, Yes Chad, Authoritarian Left, President, 2010-2020, Brazil",283847
4_Yes_Chad/11646,Yes_Chad,"Chad Lupine (Corruption of Champions), Yes Chad, Video Game, Fantasy",65987
4_Yes_Chad/11647,Yes_Chad,"Chad Macedonian Soldier, Yes Chad, -3000-476, Macedonia, Knight",684826
4_Yes_Chad/11648,Yes_Chad,"Chad MAGA, Yes Chad, MAGA, Authoritarian Right, 2010-2020, United States",125761
4_Yes_Chad/11649,Yes_Chad,"Chad Mario, Yes Chad, Nintendo, Video Game, Super Mario",52470
4_Yes_Chad/11650,Yes_Chad,"Chad Marquis Of France, Yes Chad, 476-1492, Other Sovereign Title, France",149796
4_Yes_Chad/11651,Yes_Chad,"Chad Matthew the Apostle, Yes Chad, Christianism, Mythology, -3000-476",440133
4_Yes_Chad/11652,Yes_Chad,"Chad Medic, Yes Chad, Video Game, Team Fortress 2",296977
4_Yes_Chad/11653,Yes_Chad,"Chad Medic, Yes Chad, Video Game, Team Fortress 2",261021
4_Yes_Chad/11654,Yes_Chad,"Chad Medic, Yes Chad, Video Game, Team Fortress 2",261021
4_Yes_Chad/11655,Yes_Chad,"Chad Messi, Yes Chad, Sport, Argentina, 2010-2020",369520
4_Yes_Chad/11656,Yes_Chad,"Chad Mexican, Yes Chad, Central America, Mexico",118301
4_Yes_Chad/11657,Yes_Chad,"Chad Mexican, Yes Chad, Central America, Mexico",455394
4_Yes_Chad/11658,Yes_Chad,"Chad Mexican, Yes Chad, Central America, Mexico",455394
4_Yes_Chad/11659,Yes_Chad,"Chad Miku, Yes Chad, Japan, Music, Internet",126205
4_Yes_Chad/11660,Yes_Chad,"Chad Muslim, Yes Chad, Middle East, Islam",151558
4_Yes_Chad/11661,Yes_Chad,"Chad Napoleon III , Yes Chad, France, Imperial, President, 1821-1914, Authoritarian Right",122045
4_Yes_Chad/11662,Yes_Chad,"Chad NCR Patroling Ranger, Yes Chad, Video Game, Fallout : New Vegas, New California Republic",27673
4_Yes_Chad/11663,Yes_Chad,"Chad Neanderthal, Yes Chad, -3000",22232
4_Yes_Chad/11664,Yes_Chad,"Chad Nigeri, Yes Chad, Africa, Niger",249504
4_Yes_Chad/11665,Yes_Chad,"Chad Norman Knight, Yes Chad, France, 476-1492, Knight",56301
4_Yes_Chad/11666,Yes_Chad,"Chad Obelix, Yes Chad, Comics, France, -3000-476",140406
4_Yes_Chad/11667,Yes_Chad,"Chad Odia, Yes Chad, India, Asia, Autochthonous",2764016
4_Yes_Chad/11668,Yes_Chad,"Chad Old Indian, Yes Chad, Hinduism, Asia, India, Civilian (Eldery)",66982
4_Yes_Chad/11669,Yes_Chad,"Chad Ottoman Sultan, Yes Chad, Ottoman Empire, 1492-1789, Monarch",194335
4_Yes_Chad/11670,Yes_Chad,"Chad Otto von Bismarck, Yes Chad, Germany, Prussia, 1821-1914, Prime Minister",154513
4_Yes_Chad/11671,Yes_Chad,"Chad Pascal Praud, Yes Chad, 2010-2020, France, Civilian (Eldery)",115673
4_Yes_Chad/11672,Yes_Chad,"Chad Patriarch, Yes Chad, Orthodox, Christianism, Religious Authority",67162
4_Yes_Chad/11673,Yes_Chad,"Chad Patrick, Yes Chad, Cartoon, SpongeBob SquarePants, Ocean",89435
4_Yes_Chad/11674,Yes_Chad,"Chad Peasant, Yes Chad, 476-1492",62486
4_Yes_Chad/11675,Yes_Chad,"Chad Pepe Roman, Yes Chad, Roman Empire, Knight, -3000-476",415436
4_Yes_Chad/11676,Yes_Chad,"Chad Peter the Apostle, Yes Chad, Christianism, Mythology, -3000-476",473991
4_Yes_Chad/11677,Yes_Chad,"Chad Pharaoh, Yes Chad, Ancient Egypt, -3000-476, Monarch",55407
4_Yes_Chad/11678,Yes_Chad,"Chad Pharaoh, Yes Chad, Ancient Egypt, -3000-476, Monarch",252735
4_Yes_Chad/11679,Yes_Chad,"Chad Pilgrim, Yes Chad, United States, Protestantism, Colonial, 1821-1914",202910
4_Yes_Chad/11680,Yes_Chad,"Chad Pirate, Yes Chad, Pirate, 1492-1789, Ocean",69710
4_Yes_Chad/11681,Yes_Chad,"Chad Pirate, Yes Chad, Pirate, 1492-1789, Ocean",67195
4_Yes_Chad/11682,Yes_Chad,"Chad Pirate, Yes Chad, Pirate, 1492-1789, Ocean",67195
4_Yes_Chad/11683,Yes_Chad,"Chad Player, Yes Chad, Civilian (Adult)",23336
4_Yes_Chad/11684,Yes_Chad,"Chad Pokemon Trainer, Yes Chad, Video Game, Nintendo, Pokemon",118765
4_Yes_Chad/11685,Yes_Chad,"Chad Portuguese Fuzileiro, Yes Chad, Portugal, Other Army (Europe)",14073
4_Yes_Chad/11686,Yes_Chad,"Chad President de Gaulle, Yes Chad, 1960-1970, France, President",95903
4_Yes_Chad/11687,Yes_Chad,"Chad Priest, Yes Chad, Christianism, Religious Authority, Protestantism",174869
4_Yes_Chad/11688,Yes_Chad,"Chad Psychobilly Girl, Yes Chad, Music, United Kingdom",608062
4_Yes_Chad/11689,Yes_Chad,"Chad Punk Girl, Yes Chad, Music, Criminal, 1980-1990",796439
4_Yes_Chad/11690,Yes_Chad,"Chad Purple Guy, Yes Chad, Video Game, Five Nights at Freddy's, Rescue Services",175544
4_Yes_Chad/11691,Yes_Chad,"Chad Queen, Yes Chad, 476-1492, Monarch",73122
4_Yes_Chad/11692,Yes_Chad,"Chad Rajput King, Yes Chad, India, 476-1492, Monarch",476089
4_Yes_Chad/11693,Yes_Chad,"Chad Rasputin, Yes Chad, Russia, 1914-1918, Strange",402121
4_Yes_Chad/11694,Yes_Chad,"Chad Rasta Girl, Yes Chad, Jamaica, Music",1033083
4_Yes_Chad/11695,Yes_Chad,"Chad Redditor, Yes Chad, Internet, Brands, Social Media",36198
4_Yes_Chad/11696,Yes_Chad,"Chad Red Spy, Yes Chad, Video Game, Team Fortress 2",42196
4_Yes_Chad/11697,Yes_Chad,"Chad Reiner Braun, Yes Chad, Anime, Attack On Titan",107451
4_Yes_Chad/11698,Yes_Chad,"Chad Remove Kebab, Yes Chad, Serbian Armed Forces, Serbia, 1990-2000, Meme",89487
4_Yes_Chad/11699,Yes_Chad,"Chad Richard the Lionheart, Yes Chad, United Kingdom, Monarch, 476-1492, Knight, Christianism",18130
4_Yes_Chad/11700,Yes_Chad,"Chad Rizado, Yes Chad, South America",710061
4_Yes_Chad/11701,Yes_Chad,"Chad Rockabilly, Yes Chad, Music, 1950-1960",704929
4_Yes_Chad/11702,Yes_Chad,"Chad Roman, Yes Chad, Roman Empire, -3000-476, Knight",356514
4_Yes_Chad/11703,Yes_Chad,"Chad Roman, Yes Chad, Roman Empire, -3000-476, Knight",148690
4_Yes_Chad/11704,Yes_Chad,"Chad Roman, Yes Chad, Roman Empire, -3000-476, Knight",148690
4_Yes_Chad/11705,Yes_Chad,"Chad Russian, Yes Chad, Russia, Europe, Asia",116882
4_Yes_Chad/11706,Yes_Chad,"Chad Russian Soldier, Yes Chad, Russia, Russian Armed Forces",223601
4_Yes_Chad/11707,Yes_Chad,"Chad Santo Agostinho De Hipona, Yes Chad, Christianism, Algeria, -3000-476, Mythology",278252
4_Yes_Chad/11708,Yes_Chad,"Chad Sasanid Immortal Guard, Yes Chad, Iran, -3000-476, Knight",332056
4_Yes_Chad/11709,Yes_Chad,"Chad Shia Muslim, Yes Chad, Middle East, Islam",338510
4_Yes_Chad/11710,Yes_Chad,"Chad Siikh , Yes Chad, India, Asia",118641
4_Yes_Chad/11711,Yes_Chad,"Chad Skinhead, Yes Chad, 1970-1980, United Kingdom, Authoritarian Right",621198
4_Yes_Chad/11712,Yes_Chad,"Chad Soldier Canadian, Yes Chad, Canada, United Kingdom, 1939-1945, Canadian Armed Forces, 1914-1918",186656
4_Yes_Chad/11713,Yes_Chad,"Chad Sonic, Yes Chad, SEGA, Video Game, Sonic the Hedgehog",29385
4_Yes_Chad/11714,Yes_Chad,"Chad Soviet Soldier (Whitout Mustache), Yes Chad, Soviet Union, Authoritarian Left, 1960-1970",141058
4_Yes_Chad/11715,Yes_Chad,"Chad Spongebob, Yes Chad, Cartoon, SpongeBob SquarePants, Ocean",104350
4_Yes_Chad/11716,Yes_Chad,"Chad Squared, Yes Chad, Civilian (Adult)",189574
4_Yes_Chad/11717,Yes_Chad,"Chad Statue, Yes Chad, Mythology",39908
4_Yes_Chad/11718,Yes_Chad,"Chad S. Tomás de Aquino, Yes Chad, Christianism, Philosophy, 476-1492, Italy, Mythology",90637
4_Yes_Chad/11719,Yes_Chad,"Chad Stoney, Yes Chad, 2020-2030, Internet, Cartoon",64497
4_Yes_Chad/11720,Yes_Chad,"Chad Subaru, Yes Chad, Re: Zero, Anime",26787
4_Yes_Chad/11721,Yes_Chad,"Chad Sunjak, Yes Chad, Chad, Space, Mythology",654554
4_Yes_Chad/11722,Yes_Chad,"Chad Superman, Yes Chad, Movie and TV Show, DC",92128
4_Yes_Chad/11723,Yes_Chad,"Chad Sveta Izvorac, Yes Chad, Montenegro, Internet, 2020-2030",476375
4_Yes_Chad/11724,Yes_Chad,"Chad Taila (The Realm Tree), Yes Chad, Fantasy",138968
4_Yes_Chad/11725,Yes_Chad,"Chad Taliban, Yes Chad, Asia, Terrorism, Afghanistan",624012
4_Yes_Chad/11726,Yes_Chad,"Chad Tan Sri. P. Ramlee, Yes Chad, 1960-1970, Malaysia, Music",112986
4_Yes_Chad/11727,Yes_Chad,"Chad Template, Yes Chad, Template",59379
4_Yes_Chad/11728,Yes_Chad,"Chad The Fly), Yes Chad, Movie and TV Show, Science, Strange, Monster",193856
4_Yes_Chad/11729,Yes_Chad,"Chad Touareg Amazigh Berber, Yes Chad, Kabylia, Algeria, Autochthonous",392911
4_Yes_Chad/11730,Yes_Chad,"Chad Trainer, Yes Chad, Video Game, Pokemon, Nintendo",142566
4_Yes_Chad/11731,Yes_Chad,"Chad Tuareg, Yes Chad, Africa, Algeria, Autochthonous",11426
4_Yes_Chad/11732,Yes_Chad,"Chad Twinkjak, Yes Chad, Template",23789
4_Yes_Chad/11733,Yes_Chad,"Chad Ukraine Supporter, Yes Chad, Europe, Ukraine",219120
4_Yes_Chad/11734,Yes_Chad,"Chad Ukrainian Cossack, Yes Chad, Ukraine, 1492-1789, Europe, Autochthonous",169845
4_Yes_Chad/11735,Yes_Chad,"Chad Ukrainian On Bike, Yes Chad, Ukraine, Europe",43880
4_Yes_Chad/11736,Yes_Chad,"Chad Ulfric, Yes Chad, Video Game, Skyrim, Fantasy",27717
4_Yes_Chad/11737,Yes_Chad,"Chad Usada Pekora, Yes Chad, Japan, Virtual Youtuber, Youtube",112749
4_Yes_Chad/11738,Yes_Chad,"Chad Viking, Yes Chad, 476-1492, Scandinavia, Viking",178073
4_Yes_Chad/11739,Yes_Chad,"Chad Waluigi, Yes Chad, Nintendo, Video Game, Super Mario",204901
4_Yes_Chad/11740,Yes_Chad,"Chad Wario, Yes Chad, Video Game, Nintendo, Super Mario",123947
4_Yes_Chad/11741,Yes_Chad,"Chad Waylon Smithers, Yes Chad, Cartoon, The Simpsons",31119
4_Yes_Chad/11742,Yes_Chad,"Chad wearing flanel, Yes Chad, Civilian (Adult)",324748
4_Yes_Chad/11743,Yes_Chad,"Chad Western Saharan soldier, Yes Chad, Morocco, Africa, Militia Forces",274970
4_Yes_Chad/11744,Yes_Chad,"Chad With A Bible, Yes Chad, Christianism",161115
4_Yes_Chad/11745,Yes_Chad,"Chad Wojak, Yes Chad, Template",84538
4_Yes_Chad/11746,Yes_Chad,"Chad Wolf, Yes Chad, Farm",97230
4_Yes_Chad/11747,Yes_Chad,"Chad Woman Gamer, Yes Chad, Civilian (Adult), Internet",99738
4_Yes_Chad/11748,Yes_Chad,"Chad Woman Nordeste Brazilian, Yes Chad, Civilian (Adult), Brazil",140144
4_Yes_Chad/11749,Yes_Chad,"Chad Woman Redhead, Yes Chad, Civilian (Adult)",75270
4_Yes_Chad/11750,Yes_Chad,"Chad worker, Yes Chad, Worker",371402
4_Yes_Chad/11751,Yes_Chad,"Chad Yellow Jacket, Yes Chad, 2010-2020, France, Worker",8599
4_Yes_Chad/11752,Yes_Chad,"Chad Yes Thomas Sankara, Yes Chad, Burkina Faso, President, Authoritarian Left, 1980-1990",155324
4_Yes_Chad/11753,Yes_Chad,"Chad Yiddish, Yes Chad, Judaism, Israel",170674
4_Yes_Chad/11754,Yes_Chad,"Chad Zarathustra, Yes Chad, Iran, Philosophy, -3000-476",246047
4_Yes_Chad/11755,Yes_Chad,"Chad Zoomer, Yes Chad, Template",284520
4_Yes_Chad/11756,Yes_Chad,"Chandravanshi Rajput chad, Yes Chad, India, Asia, Hinduism",605782
4_Yes_Chad/11757,Yes_Chad,"Chaoui Yes Chad, Yes Chad, Kabylia, Algerian",62858
4_Yes_Chad/11758,Yes_Chad,"Charlemagne, Yes Chad, France, 476-1492, Monarch, Germany",194254
4_Yes_Chad/11759,Yes_Chad,"Charles de Montesquieu, Yes Chad, France, 1492-1789, Philosophy",18872
4_Yes_Chad/11760,Yes_Chad,"Charles IV., Yes Chad, Imperial, Czechia, 476-1492",292976
4_Yes_Chad/11761,Yes_Chad,"Charles Spencer (Charlie) Chaplin, Yes Chad, Movie and TV Show, 1918-1939",43990
4_Yes_Chad/11762,Yes_Chad,"Charles Spencer (Charlie) Chaplin -  The Dictator, Yes Chad, Movie and TV Show, 1918-1939",18959
4_Yes_Chad/11763,Yes_Chad,"Charly García, Yes Chad, 1980-1990, Liberal Left, Music, Argentina",196088
4_Yes_Chad/11764,Yes_Chad,"Chechen Chad, Yes Chad, Russia, Europe, Chechnya",19731
4_Yes_Chad/11765,Yes_Chad,"Chechnyan Chad, Yes Chad, Europe, Russia, Chechnya",243392
4_Yes_Chad/11766,Yes_Chad,"Chilean chad, Yes Chad, Chile, South America",463071
4_Yes_Chad/11767,Yes_Chad,"Chinese Chad, Yes Chad, China, Asia",214609
4_Yes_Chad/11768,Yes_Chad,"Chinese Soldier Chad, Yes Chad, China, People's Liberation Army, 1945-1950",137781
4_Yes_Chad/11769,Yes_Chad,"Chris Redfield, Yes Chad, Video Game, Resident Evil",245685
4_Yes_Chad/11770,Yes_Chad,"Chris Redfield , Yes Chad, Video Game, Resident Evil",34693
4_Yes_Chad/11771,Yes_Chad,"Christian Chad, Yes Chad, United States, Christianism, Christianism",200668
4_Yes_Chad/11772,Yes_Chad,"Christian Chad, Yes Chad, Christianism, Orthodox, Protestantism, Group, Religious Authority",82426
4_Yes_Chad/11773,Yes_Chad,"Christian Lifting Chad, Yes Chad, Christianism, Religious Authority",610593
4_Yes_Chad/11774,Yes_Chad,"Christine Chad, Yes Chad, Christianism",215018
4_Yes_Chad/11775,Yes_Chad,"Christmas Chad, Yes Chad, Festivity",406354
4_Yes_Chad/11776,Yes_Chad,"CIA Chad, Yes Chad, United States, Rescue Services",106459
4_Yes_Chad/11777,Yes_Chad,"CIA Chad, Yes Chad, United States, Rescue Services",184275
4_Yes_Chad/11778,Yes_Chad,"CIA Chad, Yes Chad, Rescue Services, United States",45094
4_Yes_Chad/11779,Yes_Chad,"CIA Chad, Yes Chad, United States, Rescue Services",184275
4_Yes_Chad/11780,Yes_Chad,"Cipriano Castro, Yes Chad, Venezuela, Political Figure, 1821-1914, Authoritarian Right",25168
4_Yes_Chad/11781,Yes_Chad,"Circle Trigon, Yes Chad, United States Army, United States",35345
4_Yes_Chad/11782,Yes_Chad,"Classy Old Chad, Yes Chad, Nobility and Bourgeoisie, Civilian (Eldery)",150082
4_Yes_Chad/11783,Yes_Chad,"Cleopatra Chad, Yes Chad, Ancient Egypt, Monarch, -3000-476",314776
4_Yes_Chad/11784,Yes_Chad,"Clonetrooper, Yes Chad, Star Wars, Space",848159
4_Yes_Chad/11785,Yes_Chad,"Clone Trooper Phase 1, Yes Chad, Star Wars, Movie and TV Show, Space",403427
4_Yes_Chad/11786,Yes_Chad,"CNT Chad, Yes Chad, Spanish Civil War, Anarchism, 1918-1939, Spain, Republican Side (Spanish Civil War)",123219
4_Yes_Chad/11787,Yes_Chad,"Colchis Chad, Yes Chad, Europe",182773
4_Yes_Chad/11788,Yes_Chad,"Colchis Warrior, Yes Chad, Europe",190953
4_Yes_Chad/11789,Yes_Chad,"Colombian Chad, Yes Chad, South America, Colombia",85620
4_Yes_Chad/11790,Yes_Chad,"Colonial Bruce Chad, Yes Chad, 1789-1821, Australia, Colonial",84915
4_Yes_Chad/11791,Yes_Chad,"Colt (Deathloop), Yes Chad, Video Game",247728
4_Yes_Chad/11792,Yes_Chad,"Commander Shepard, Yes Chad, Video Game, Mass Effect, Space",417039
4_Yes_Chad/11793,Yes_Chad,"Communist Activist, Yes Chad, Authoritarian Left (Political Compass), Political Compass",50162
4_Yes_Chad/11794,Yes_Chad,"Communist Chad, Yes Chad, Authoritarian Left (Political Compass), Political Compass",81340
4_Yes_Chad/11795,Yes_Chad,"Comoros Chad, Yes Chad, Comoros , Africa",224719
4_Yes_Chad/11796,Yes_Chad,"Computerist Chad, Yes Chad, The Ever-Expanding Bunker, Guard (The Ever-Expanding Bunker)",107321
4_Yes_Chad/11797,Yes_Chad,"Conferedate Chad, Yes Chad, Confederate States of America, American Civil War, 1821-1914, Confederate States Army",151490
4_Yes_Chad/11798,Yes_Chad,"Conquistador, Yes Chad, Spain, Colonial, 1492-1789",472576
4_Yes_Chad/11799,Yes_Chad,"Conquistador, Yes Chad, Spain, Colonial, 1492-1789",198100
4_Yes_Chad/11800,Yes_Chad,"Conquistador and a Native, Yes Chad, Spain, Portugal, Colonial, Autochthonous, 1492-1789",73629
4_Yes_Chad/11801,Yes_Chad,"Conquistador, Yes Chad, Spain, Colonial, 1492-1789",198100
4_Yes_Chad/11802,Yes_Chad,"Constantinopolitan Rum, Yes Chad, Greece, Turkey, 1918-1939",126733
4_Yes_Chad/11803,Yes_Chad,"Coptic Orthodox , Yes Chad, Christianism, Orthodox",281560
4_Yes_Chad/11804,Yes_Chad,"Costa Rican Chad, Yes Chad, South America, Costa Rica",29665
4_Yes_Chad/11805,Yes_Chad,"Cowboy, Yes Chad, Far West, 1821-1914, United States",19928
4_Yes_Chad/11806,Yes_Chad,"Coxinha, Yes Chad, Brazil, South America",206976
4_Yes_Chad/11807,Yes_Chad,"Craig Chad, Yes Chad, Video Game, Halo",169872
4_Yes_Chad/11808,Yes_Chad,"Crazy Dave, Yes Chad, Video Game, Plants vs. Zombies",295421
4_Yes_Chad/11809,Yes_Chad,"Cultist, Yes Chad, Post Apocalyptic",396931
4_Yes_Chad/11810,Yes_Chad,"Cultist, Yes Chad, Post Apocalyptic",151530
4_Yes_Chad/11811,Yes_Chad,"Cultist, Yes Chad, Post Apocalyptic",246065
4_Yes_Chad/11812,Yes_Chad,"Cuman-Kipchak Chad, Yes Chad, Kazakhstan, Knight, 476-1492",433475
4_Yes_Chad/11813,Yes_Chad,"Curly Black Hair Chad, Yes Chad, Civilian (Adult)",180290
4_Yes_Chad/11814,Yes_Chad,"Cute Redhead Chad, Yes Chad, Civilian (Teenager)",280678
4_Yes_Chad/11815,Yes_Chad,"Cyrus Chad, Yes Chad, Autochthonous, -3000-476",65504
4_Yes_Chad/11816,Yes_Chad,"Cyrus the great, Yes Chad, Iran, -3000-476, Monarch",402002
4_Yes_Chad/11817,Yes_Chad,"Daniel Fernandez Crespo, Yes Chad, Uruguay, 1960-1970, Liberal Right, President",113484
4_Yes_Chad/11818,Yes_Chad,"Daniel Jadue, Yes Chad, Liberal Left, Chile, Political Figure, 2010-2020",189906
4_Yes_Chad/11819,Yes_Chad,"Daniel Ortega, Yes Chad, Nicaragua, President, 2010-2020",857096
4_Yes_Chad/11820,Yes_Chad,"Danish Chad, Yes Chad, Scandinavia, Europe, Denmark",171218
4_Yes_Chad/11821,Yes_Chad,"Dante Alighieri, Yes Chad, Italy, Art, 1492-1789",108987
4_Yes_Chad/11822,Yes_Chad,"Dante Chad, Yes Chad, Video Game, Devil May Cry",286582
4_Yes_Chad/11823,Yes_Chad,"Dapperhebrew Chad, Yes Chad, Judaism, Israel",165200
4_Yes_Chad/11824,Yes_Chad,"Darius, Yes Chad, Video Game, League of Legends",48272
4_Yes_Chad/11825,Yes_Chad,"Darius the Great, Yes Chad, Iran, Monarch, -3000-476",331012
4_Yes_Chad/11826,Yes_Chad,"Davi Gamer, Yes Chad, Minecraft, Brazil, Internet",79098
4_Yes_Chad/11827,Yes_Chad,"Decanus Chad, Yes Chad, Post Apocalyptic, Fallout : New Vegas",115830
4_Yes_Chad/11828,Yes_Chad,"Demon Chad, Yes Chad, Demon",288565
4_Yes_Chad/11829,Yes_Chad,"Demonic Druid, Yes Chad, Fantasy, Demon",245455
4_Yes_Chad/11830,Yes_Chad,"Depressed Chad, Yes Chad, Template",771083
4_Yes_Chad/11831,Yes_Chad,"Devil Chad With Jesus Mask, Yes Chad, Demon, Christianism, Masked",1339015
4_Yes_Chad/11832,Yes_Chad,"Dewiart, Yes Chad, United States Army, 1914-1918, United States",103683
4_Yes_Chad/11833,Yes_Chad,"Diego Portales, Yes Chad, Chile, 1821-1914, Political Figure",126417
4_Yes_Chad/11834,Yes_Chad,"Dio Brando, Yes Chad, Anime, JoJo's Bizarre Adventure",315976
4_Yes_Chad/11835,Yes_Chad,"Djorge Kuzmanovic, Yes Chad, Authoritarian Left, France, Political Figure, 2020-2030",8728
4_Yes_Chad/11836,Yes_Chad,"Dolphin Rider Zombie, Yes Chad, Video Game, Plants vs. Zombies, Monster",125998
4_Yes_Chad/11837,Yes_Chad,"Dominican Chad, Yes Chad, Dominican Republic, Central America",59942
4_Yes_Chad/11838,Yes_Chad,"Dominican Liniera Woman Trad Chad, Yes Chad, Dominican Republic, Central America",53187
4_Yes_Chad/11839,Yes_Chad,"Donald Trump, Yes Chad, United States, President, MAGA, 2010-2020",522888
4_Yes_Chad/11840,Yes_Chad,"Doomer Chad, Yes Chad, Template",159837
4_Yes_Chad/11841,Yes_Chad,"Doomer Chad, Yes Chad, Civilian (Adult)",199238
4_Yes_Chad/11842,Yes_Chad,"Doomer Chad, Yes Chad, Civilian (Adult)",199238
4_Yes_Chad/11843,Yes_Chad,"Doomguy, Yes Chad, Video Game, Doom",90344
4_Yes_Chad/11844,Yes_Chad,"Draco Malfoy, Yes Chad, Movie and TV Show, Harry Potter, Fantasy",132442
4_Yes_Chad/11845,Yes_Chad,"Dragonborn, Yes Chad, Video Game, Skyrim, Fantasy",154107
4_Yes_Chad/11846,Yes_Chad,"Dragonborn, Yes Chad, Video Game, Skyrim, Fantasy",11826
4_Yes_Chad/11847,Yes_Chad,"Dragonborn, Yes Chad, Video Game, Skyrim, Fantasy",11826
4_Yes_Chad/11848,Yes_Chad,"Dragon Chad, Yes Chad, Fantasy",83921
4_Yes_Chad/11849,Yes_Chad,"Dr.Fred (Maniac Mansion), Yes Chad, Science, Video Game, 1980-1990",9884
4_Yes_Chad/11850,Yes_Chad,"Dr.Livesey, Yes Chad, Cartoon, Treasure Island, Pirate, Ocean",87280
4_Yes_Chad/11851,Yes_Chad,"Dr Mundo, Yes Chad, Video Game, League of Legends",82098
4_Yes_Chad/11852,Yes_Chad,"Dr. Mundo, Yes Chad, Video Game, League of Legends",129995
4_Yes_Chad/11853,Yes_Chad,"Dude postal2 in sunglasses, Yes Chad, Postal, Video Game",64853
4_Yes_Chad/11854,Yes_Chad,"Dude Postal2 Without sunglasses, Yes Chad, Postal, Video Game",62045
4_Yes_Chad/11855,Yes_Chad,"Dutch Chad, Yes Chad, Europe, Netherlands",231761
4_Yes_Chad/11856,Yes_Chad,"Dutch Conquistador, Yes Chad, 1492-1789, Netherlands, Colonial",155243
4_Yes_Chad/11857,Yes_Chad,"Dutch van der Linde, Yes Chad, Far West, United States, Video Game, 1821-1914",157852
4_Yes_Chad/11858,Yes_Chad,"Dynamike (Brawl Stars), Yes Chad, Video Game, Worker",1076955
4_Yes_Chad/11859,Yes_Chad,"Earth Chad, Yes Chad, Space",69123
4_Yes_Chad/11860,Yes_Chad,"East German Officer Chad, Yes Chad, 1960-1970, Bundeswehr, Germany",128757
4_Yes_Chad/11861,Yes_Chad,"Easy Pete, Yes Chad, Post Apocalyptic, Fallout : New Vegas, Far West",196910
4_Yes_Chad/11862,Yes_Chad,"Eduardo Artés , Yes Chad, Chile, Political Figure, Authoritarian Left, 2020-2030",1642602
4_Yes_Chad/11863,Yes_Chad,"Egyptian chad , Yes Chad, Africa, Egypt",87657
4_Yes_Chad/11864,Yes_Chad,"Egyptian Chad, Yes Chad, Egypt, -3000-476, Ancient Egypt",191110
4_Yes_Chad/11865,Yes_Chad,"Eleazar Lopez Contreras, Yes Chad, Venezuela, President, 1939-1945, Authoritarian Right, National Bolivarian Armed Forces of Venezuela",57832
4_Yes_Chad/11866,Yes_Chad,"Eleftherios Venizelos, Yes Chad, Greece, Prime Minister, 1918-1939",127359
4_Yes_Chad/11867,Yes_Chad,"Elf Chad, Yes Chad, Fantasy, Elf",204406
4_Yes_Chad/11868,Yes_Chad,"Elf Chad, Yes Chad, Fantasy, Elf",419238
4_Yes_Chad/11869,Yes_Chad,"Elf Chad, Yes Chad, Fantasy, Elf",419238
4_Yes_Chad/11870,Yes_Chad,"Eliot Ness, Yes Chad, Criminal, United States, 1918-1939",157990
4_Yes_Chad/11871,Yes_Chad,"Elizabeth II, Yes Chad, United Kingdom, 2010-2020, Monarch",231020
4_Yes_Chad/11872,Yes_Chad,"Elvis Presley, Yes Chad, Music, United States, 1950-1960, Music",204855
4_Yes_Chad/11873,Yes_Chad,"Emo Chad, Yes Chad, Music",79614
4_Yes_Chad/11874,Yes_Chad,"Emperor Dave Gigger, Yes Chad, Morocco, Imperial",313193
4_Yes_Chad/11875,Yes_Chad,"Emperor Stefan Dusan Chad, Yes Chad, Serbia, Imperial, 476-1492",52464
4_Yes_Chad/11876,Yes_Chad,"Enver Hoxha Chad, Yes Chad, Albania, Authoritarian Left, General Secretary, 1960-1970",205215
4_Yes_Chad/11877,Yes_Chad,"Eptanisios, Yes Chad, Greece, 1821-1914",113491
4_Yes_Chad/11878,Yes_Chad,"Eren Titan, Yes Chad, Anime, Attack On Titan",151011
4_Yes_Chad/11879,Yes_Chad,"Erling Haaland, Yes Chad, Sport, Norway, 2020-2030",272830
4_Yes_Chad/11880,Yes_Chad,"Ernesto Che Guevara Chad, Yes Chad, 1950-1960, Authoritarian Left, Cuba, Argentina, Revolution",145604
4_Yes_Chad/11881,Yes_Chad,"Eshradun , Yes Chad, Iraq, Monarch, -3000-476",323292
4_Yes_Chad/11882,Yes_Chad,"Esim Khan Chad, Yes Chad, Kazakhstan, 1492-1789, Monarch",130409
4_Yes_Chad/11883,Yes_Chad,"Ethiopian Orthodox, Yes Chad, Ethiopia, Christianism, Orthodox",108342
4_Yes_Chad/11884,Yes_Chad,"Eusocialist Chad, Yes Chad, Science, Monster",85109
4_Yes_Chad/11885,Yes_Chad,"Eva Peron, Yes Chad, Argentina, Political Figure, 1945-1950",9227
4_Yes_Chad/11886,Yes_Chad,"Evil CIA agent, Yes Chad, United States, Rescue Services",72163
4_Yes_Chad/11887,Yes_Chad,"Exorcist Chad, Yes Chad, Christianism, Religious Authority",56724
4_Yes_Chad/11888,Yes_Chad,"Fanboy and Chum Chum Chad, Yes Chad, Cartoon, Fanboy and Chum Chum, Group",204123
4_Yes_Chad/11889,Yes_Chad,"Fantasy Traveler, Yes Chad, Fantasy, Elf",120770
4_Yes_Chad/11890,Yes_Chad,"Far East Russian Chad, Yes Chad, Russia, Asia",43241
4_Yes_Chad/11891,Yes_Chad,"Farrukhan the Great, Yes Chad, Iran, Monarch, Knight, 476-1492",164979
4_Yes_Chad/11892,Yes_Chad,"Fat Chad, Yes Chad, Template",442204
4_Yes_Chad/11893,Yes_Chad,"Fat Chad, Yes Chad, Template",442204
4_Yes_Chad/11894,Yes_Chad,"Fatimaid Caliphate Chad, Yes Chad, Egypt, 476-1492",415190
4_Yes_Chad/11895,Yes_Chad,"Felipe III, Yes Chad, Spain, Monarch, 1492-1789",1057800
4_Yes_Chad/11896,Yes_Chad,"Femboy Chad, Yes Chad, Anime, LGBT+, Fate, Re: Zero",263699
4_Yes_Chad/11897,Yes_Chad,"Ferb, Yes Chad, Cartoon, Phineas and Ferb",117446
4_Yes_Chad/11898,Yes_Chad,"Ferdinand I of Romania, Yes Chad, Monarch, Romania, 1914-1918",802838
4_Yes_Chad/11899,Yes_Chad,"Fidel Castro, Yes Chad, Cuba, Authoritarian Left, 1960-1970, General Secretary",163068
4_Yes_Chad/11900,Yes_Chad,"Fidel Castro Chad, Yes Chad, Revolution, Cuba, Authoritarian Left, 1960-1970, General Secretary",177060
4_Yes_Chad/11901,Yes_Chad,"Finn Mertens, Yes Chad, Cartoon, Adventure Time",58014
4_Yes_Chad/11902,Yes_Chad,"Finn Mertens, Yes Chad, Cartoon, Adventure Time",39324
4_Yes_Chad/11903,Yes_Chad,"Finno Ugric Chad, Yes Chad, -3000-476, Europe, Finland",125153
4_Yes_Chad/11904,Yes_Chad,"First Order Stormtrooper, Yes Chad, Movie and TV Show, Star Wars, Futuristic, Space",82239
4_Yes_Chad/11905,Yes_Chad,"Flathat Jewish ChadChad, Yes Chad, Judaism, Israel",277147
4_Yes_Chad/11906,Yes_Chad,"Flower Pot, Yes Chad, Video Game, Plants vs. Zombies",80226
4_Yes_Chad/11907,Yes_Chad,"Flowey Chad, Yes Chad, Undertale, Video Game",60707
4_Yes_Chad/11908,Yes_Chad,"Flying Dutchman Chad, Yes Chad, Cartoon, SpongeBob SquarePants, Ocean",132891
4_Yes_Chad/11909,Yes_Chad,"Forces Spéciales, Yes Chad, France, Armée Française",1239994
4_Yes_Chad/11910,Yes_Chad,"Forces Spéciales JVN, Yes Chad, France, Armée Française",1253500
4_Yes_Chad/11911,Yes_Chad,"Forever player , Yes Chad, Minecraft, Brazil, Internet",93775
4_Yes_Chad/11912,Yes_Chad,"Francisco Franco Chad, Yes Chad, Spain, Spanish Civil War, Nationalist Side (Spanish Civil War), 1918-1939, Despot",84957
4_Yes_Chad/11913,Yes_Chad,"Frederick the Great, Yes Chad, Germany, Prussia, 1492-1789, Monarch",148583
4_Yes_Chad/11914,Yes_Chad,"French Chad Napoleonic Soldier, Yes Chad, 1789-1821, Grande Armée, France",338024
4_Yes_Chad/11915,Yes_Chad,"Front Chad, Yes Chad, Template",61524
4_Yes_Chad/11916,Yes_Chad,"Gamal Abdel Nasser, Yes Chad, Egypt, President, Authoritarian Left, 1960-1970",146054
4_Yes_Chad/11917,Yes_Chad,"Gamorrean Chad, Yes Chad, Star Wars, Futuristic, Space",85774
4_Yes_Chad/11918,Yes_Chad,"Gary chad, Yes Chad, Cartoon, SpongeBob SquarePants",166596
4_Yes_Chad/11919,Yes_Chad,"Gaucho, Yes Chad, Argentina, South America",115022
4_Yes_Chad/11920,Yes_Chad,"Gay Chad, Yes Chad, LGBT+, Group",41339
4_Yes_Chad/11921,Yes_Chad,"Gender Fluid Chad, Yes Chad, LGBT+",58736
4_Yes_Chad/11922,Yes_Chad,"General Chae-Myung-shin, Yes Chad, Vietnam War, 1960-1970, Other Army (Asia)",2664
4_Yes_Chad/11923,Yes_Chad,"General Infantry Chad, Yes Chad, 1939-1945, United States, United States Army",55178
4_Yes_Chad/11924,Yes_Chad,"General Jose de San Martin, Yes Chad, Argentina, Other Army (South And Central America), 1789-1821, Peru",243858
4_Yes_Chad/11925,Yes_Chad,"General Jose de San Martin II, Yes Chad, Argentina, Other Army (South And Central America), 1789-1821, Peru",514813
4_Yes_Chad/11926,Yes_Chad,"General Milan Rastislav Štefánik Chad, Yes Chad, 1914-1918, France, Slovakia, Other Army (Europe)",29744
4_Yes_Chad/11927,Yes_Chad,"Genghis Khan, Yes Chad, Mongolia, 476-1492, Imperial",184605
4_Yes_Chad/11928,Yes_Chad,"Georges Soros Yes Chad, Yes Chad, Liberal Right, Political Figure, Hungary",15059
4_Yes_Chad/11929,Yes_Chad,"German CancillerTheobald von Bethmann-Hollweg, Yes Chad, Nobility and Bourgeoisie, 1821-1914, Germany, Prime Minister",70138
4_Yes_Chad/11930,Yes_Chad,"German Chad, Yes Chad, Europe, Germany",56561
4_Yes_Chad/11931,Yes_Chad,"German Chad, Yes Chad, Deutsches Heer, 1914-1918, Germany",307786
4_Yes_Chad/11932,Yes_Chad,"German GeneralFeldMarshall Chad, Yes Chad, 1939-1945, Deutsches Heer, The Third Reich",239928
4_Yes_Chad/11933,Yes_Chad,"German Trench Chad, Yes Chad, Deutsches Heer, Germany, 1914-1918",202269
4_Yes_Chad/11934,Yes_Chad,"GI Chad, Yes Chad, United States, 1939-1945, United States Army",249178
4_Yes_Chad/11935,Yes_Chad,"GI Chad, Yes Chad, United States, 1939-1945, United States Army",82293
4_Yes_Chad/11936,Yes_Chad,"GI Chad, Yes Chad, United States, 1939-1945, United States Army",82293
4_Yes_Chad/11937,Yes_Chad,"Gilaki chad, Yes Chad, Middle East, Iran",187934
4_Yes_Chad/11938,Yes_Chad,"Gilgamesh Chad, Yes Chad, Iraq, -3000-476, Mythology",227438
4_Yes_Chad/11939,Yes_Chad,"Girl 9 - Mata Hari, Yes Chad, 1914-1918, Netherlands, Art, Colonial",738040
4_Yes_Chad/11940,Yes_Chad,"Girls Und Panzer Enjoyer, Yes Chad, Anime, Girls Und Panzer, Italy",110215
4_Yes_Chad/11941,Yes_Chad,"G-Man, Yes Chad, Video Game, Half Life",90839
4_Yes_Chad/11942,Yes_Chad,"God (YHWH), Yes Chad, Religious Authority, Christianism, Orthodox, Mythology",28482
4_Yes_Chad/11943,Yes_Chad,"Goiano, Yes Chad, Brazil, Autochthonous",133583
4_Yes_Chad/11944,Yes_Chad,"Goiano Chad, Yes Chad, Brazil, South America, Autochthonous",133583
4_Yes_Chad/11945,Yes_Chad,"Gordon Freeman, Yes Chad, Video Game, Half Life, Futuristic",38116
4_Yes_Chad/11946,Yes_Chad,"Governor Jim Justice Chad, Yes Chad, Political Figure, United States, Authoritarian Right, 2020-2030",37184
4_Yes_Chad/11947,Yes_Chad,"Greek King Chad, Yes Chad, -3000-476, Greece, Monarch, Autochthonous",24821
4_Yes_Chad/11948,Yes_Chad,"Greek Soldier Chad, Yes Chad, Greece, Hellenic Army",318415
4_Yes_Chad/11949,Yes_Chad,"Greek Soldier Chad, Yes Chad, Hellenic Army, Greece, 1918-1939",268245
4_Yes_Chad/11950,Yes_Chad,"Greek Tsolias, Yes Chad, Greece, 1821-1914",240538
4_Yes_Chad/11951,Yes_Chad,"Green Toad, Yes Chad, Video Game, Super Mario, Nintendo",60910
4_Yes_Chad/11952,Yes_Chad,"Grey Chad Chad, Yes Chad, Template",130653
4_Yes_Chad/11953,Yes_Chad,"Grico, Yes Chad, Greece, Italy, Europe, Civilian (Adult)",72390
4_Yes_Chad/11954,Yes_Chad,"Gurzil, Yes Chad, Mythology, Kabylia",76092
4_Yes_Chad/11955,Yes_Chad,"Hammurabi, Yes Chad, Iraq, -3000-476, Monarch",38056
4_Yes_Chad/11956,Yes_Chad,"Hannibal Barca, Yes Chad, -3000-476, Monarch, Tunisia",151525
4_Yes_Chad/11957,Yes_Chad,"Hard Boy, Yes Chad, United Kingdom, 1960-1970",621044
4_Yes_Chad/11958,Yes_Chad,"Harrier 'Harry' Du Bois, Yes Chad, Video Game, Disco Elysium",59325
4_Yes_Chad/11959,Yes_Chad,"Hatshepsut , Yes Chad, Ancient Egypt, -3000-476",111429
4_Yes_Chad/11960,Yes_Chad,"Hawaiian Chad, Yes Chad, Autochthonous, Pacific",78991
4_Yes_Chad/11961,Yes_Chad,"Hazmat Chad, Yes Chad, Hazmat, Science",234204
4_Yes_Chad/11962,Yes_Chad,"Headless Chad, Yes Chad, Injured and Dead",31545
4_Yes_Chad/11963,Yes_Chad,"Heavy Chad, Yes Chad, Video Game, Team Fortress 2",18175
4_Yes_Chad/11964,Yes_Chad,"Heihachi Mishima (Tekken), Yes Chad, Video Game, Japan",185217
4_Yes_Chad/11965,Yes_Chad,"Hijab Chad, Yes Chad, Middle East, Islam",59742
4_Yes_Chad/11966,Yes_Chad,"Hijaz Chad, Yes Chad, Middle East, Saudi Arabia",105813
4_Yes_Chad/11967,Yes_Chad,"Himeno , Yes Chad, Chainsaw Man, Anime",219491
4_Yes_Chad/11968,Yes_Chad,"Hinduism Idol, Yes Chad, Hinduism, India",3847
4_Yes_Chad/11969,Yes_Chad,"Hippie Chad, Yes Chad, United States, Liberal Left, Vietnam War, 1960-1970",218989
4_Yes_Chad/11970,Yes_Chad,"Hipster Chad, Yes Chad, Civilian (Adult)",363206
4_Yes_Chad/11971,Yes_Chad,"Hitler Chad, Yes Chad, The Third Reich, National-Socialism, 1939-1945, Despot",83775
4_Yes_Chad/11972,Yes_Chad,"Hitman, Yes Chad, Video Game, Hitman, Criminal",111364
4_Yes_Chad/11973,Yes_Chad,"Ho Chi Minh, Yes Chad, Vietnam, Authoritarian Left, 1950-1960, Vietnam War, General Secretary",151949
4_Yes_Chad/11974,Yes_Chad,"Honduran Chad, Yes Chad, Central America, Honduras",208225
4_Yes_Chad/11975,Yes_Chad,"Hooded Chad, Yes Chad, Fantasy, 476-1492",48353
4_Yes_Chad/11976,Yes_Chad,"Huilliche, Yes Chad, Chile, Autochthonous",345160
4_Yes_Chad/11977,Yes_Chad,"Hungarian Chad, Yes Chad, 1939-1945, Hungary, Other Army (Europe)",137958
4_Yes_Chad/11978,Yes_Chad,"Hungarian Soldier Chad, Yes Chad, 1939-1945, Hungary, Other Army (Europe)",62386
4_Yes_Chad/11979,Yes_Chad,"Hunter (Hunt: Showdown), Yes Chad, Video Game, First-Person Shooter, Hunt: Showdown, Far West",359256
4_Yes_Chad/11980,Yes_Chad,"Hunter (Hunt: Showdown), Yes Chad, Video Game, First-Person Shooter, Hunt: Showdown, Far West",63724
4_Yes_Chad/11981,Yes_Chad,"Husein Gradaščević, Yes Chad, 1821-1914, Bosnia and Herzegovina, Armed Forces of Bosnia and Herzegovina",40791
4_Yes_Chad/11982,Yes_Chad,"Hypno- Shroom, Yes Chad, Video Game, Plants vs. Zombies",75619
4_Yes_Chad/11983,Yes_Chad,"Ian Danskin, Yes Chad, United States, Youtube, Internet",57922
4_Yes_Chad/11984,Yes_Chad,"Iberian Chad, Yes Chad, Europe",182795
4_Yes_Chad/11985,Yes_Chad,"Imam al-Abbas, Yes Chad, 476-1492, Islam, Saudi Arabia, Religious Authority",279553
4_Yes_Chad/11986,Yes_Chad,"Imam Quli Khan (Safavid Governor) Chad, Yes Chad, Iran, 1492-1789",159928
4_Yes_Chad/11987,Yes_Chad,"IMRO Orthodox Chad, Yes Chad, Macedonia, Authoritarian Right",101321
4_Yes_Chad/11988,Yes_Chad,"Inal the Great of Circassia, Yes Chad, Russia, Monarch, 476-1492",93683
4_Yes_Chad/11989,Yes_Chad,"Inca Chad, Yes Chad, Peru, 476-1492, Autochthonous",996802
4_Yes_Chad/11990,Yes_Chad,"Incan Chad, Yes Chad, Autochthonous, 476-1492, South America",13827
4_Yes_Chad/11991,Yes_Chad,"Indian Gamer, Yes Chad, India, Asia",61120
4_Yes_Chad/11992,Yes_Chad,"INGSOC Soldier, Yes Chad, 1980-1990, United Kingdom, Authoritarian Right, Authoritarian Left",146172
4_Yes_Chad/11993,Yes_Chad,"Intellectual Marathi, Yes Chad, India, Hinduism, Asia",168891
4_Yes_Chad/11994,Yes_Chad,"Ioannis Kapodistrias, Yes Chad, Greece, 1789-1821",148093
4_Yes_Chad/11995,Yes_Chad,"Ioannis Metaxas, Yes Chad, Greece, 1939-1945, Prime Minister",19132
4_Yes_Chad/11996,Yes_Chad,"Iran chad, Yes Chad, Middle East, Iran",191658
4_Yes_Chad/11997,Yes_Chad,"Iranian Chad, Yes Chad, Middle East, Iran",30584
4_Yes_Chad/11998,Yes_Chad,"Iranian Chad, Yes Chad, Middle East, Iran",10017
4_Yes_Chad/11999,Yes_Chad,"Iranian chad, Yes Chad, Middle East, Iran",276283
4_Yes_Chad/12000,Yes_Chad,"Iranian Chad, Yes Chad, Middle East, Iran",10017
4_Yes_Chad/12001,Yes_Chad,"Iranian Shia, Yes Chad, Iran, Middle East",193676
4_Yes_Chad/12002,Yes_Chad,"Iraq Arab Chad, Yes Chad, Iraq, Middle East",342498
4_Yes_Chad/12003,Yes_Chad,"Iraq chad, Yes Chad, Middle East, Iraq",597512
4_Yes_Chad/12004,Yes_Chad,"Iraqi Royalist Chad, Yes Chad, Iraq, Middle East",323379
4_Yes_Chad/12005,Yes_Chad,"Iraqi Yes Chad, Yes Chad, Iraq, Kurdistan, Middle East",350079
4_Yes_Chad/12006,Yes_Chad,"Iraq Soldier Golden Division ISOF, Yes Chad, Iraq, Royal Iraqi Army",2355821
4_Yes_Chad/12007,Yes_Chad,"Iraqui Adult (90s), Yes Chad, Iraq, 1990-2000, Civilian (Adult)",217000
4_Yes_Chad/12008,Yes_Chad,"Irish Gallowglass Chad, Yes Chad, Ireland, 476-1492, Christianism, Knight",218072
4_Yes_Chad/12009,Yes_Chad,"Iroh Chad, Yes Chad, Cartoon, The Last Airbender",44512
4_Yes_Chad/12010,Yes_Chad,"Irradiated Chad, Yes Chad, Post Apocalyptic, Injured and Dead",285815
4_Yes_Chad/12011,Yes_Chad,"Isaias Medina Angarita, Yes Chad, Venezuela, President, 1939-1945, Authoritarian Right, National Bolivarian Armed Forces of Venezuela",41284
4_Yes_Chad/12012,Yes_Chad,"Iserius chad , Yes Chad, Ancient Egypt, -3000-476, Mythology",214479
4_Yes_Chad/12013,Yes_Chad,"Islam Shekh, Yes Chad, Middle East, Islam, Religious Authority",128587
4_Yes_Chad/12014,Yes_Chad,"Israeli Chad, Yes Chad, Middle East, Israel, Judaism",132546
4_Yes_Chad/12015,Yes_Chad,"Israelite Chad, Yes Chad, Israel, Judaism, -3000-476",806400
4_Yes_Chad/12016,Yes_Chad,"Jaarl Balgruuf, Yes Chad, Video Game, Skyrim, Fantasy",82013
4_Yes_Chad/12017,Yes_Chad,"Jack Sparrow, Yes Chad, Movie and TV Show, Pirate, Ocean",481394
4_Yes_Chad/12018,Yes_Chad,"Jacobin Chad, Yes Chad, 1789-1821, France, French Revolution",201949
4_Yes_Chad/12019,Yes_Chad,"Jacques Brissot de Warville, Yes Chad, 1789-1821, France, French Revolution",24532
4_Yes_Chad/12020,Yes_Chad,"Jagmeet Singh, Yes Chad, Canada, 2010-2020, Sikhism",835980
4_Yes_Chad/12021,Yes_Chad,"Jagmeet Singh Chad, Yes Chad, Canada, India, Asia",61088
4_Yes_Chad/12022,Yes_Chad,"Jake, Yes Chad, Cartoon, Adventure Time",50751
4_Yes_Chad/12023,Yes_Chad,"Jake, Yes Chad, Cartoon, Adventure Time",8398
4_Yes_Chad/12024,Yes_Chad,"Janusz Korwin-Mikke, Yes Chad, Political Figure, Liberal Right, 2010-2020, Poland",58248
4_Yes_Chad/12025,Yes_Chad,"Japanese Christian Chad, Yes Chad, Japan, 476-1492, Christianism",289477
4_Yes_Chad/12026,Yes_Chad,"Japanese Pop Star, Yes Chad, 2010-2020, Music, Japan",507680
4_Yes_Chad/12027,Yes_Chad,"Japanese Samurai Chad, Yes Chad, Japan, Knight, 476-1492",202907
4_Yes_Chad/12028,Yes_Chad,"Jarosław Kaczyński, Yes Chad, Poland, Prime Minister, Authoritarian Right, 2010-2020",64020
4_Yes_Chad/12029,Yes_Chad,"Javanese Chad, Yes Chad, Indonesia, Asia, Civilian (Eldery)",86982
4_Yes_Chad/12030,Yes_Chad,"Jean Baptiste Bessière, Yes Chad, France, 1789-1821, Grande Armée",52611
4_Yes_Chad/12031,Yes_Chad,"Jean-Michel Labadie (Gojira), Yes Chad, 2010-2020, France, Music",305136
4_Yes_Chad/12032,Yes_Chad,"Jesus Christ Chad, Yes Chad, Mythology, -3000-476, Christianism, Palestine",189976
4_Yes_Chad/12033,Yes_Chad,"Jesus Christ (God the Son), Yes Chad, Christianism, Mythology, -3000-476, Orthodox",17680
4_Yes_Chad/12034,Yes_Chad,"Jewish Chad, Yes Chad, Israel, Judaism",263424
4_Yes_Chad/12035,Yes_Chad,"Jewish Chad, Yes Chad, Judaism, Israel",149730
4_Yes_Chad/12036,Yes_Chad,"Jewish Medditeranean Chad, Yes Chad, Judaism, Europe",93737
4_Yes_Chad/12037,Yes_Chad,"Jiraiya Sarutobi, Yes Chad, Anime, Naruto",131972
4_Yes_Chad/12038,Yes_Chad,"Joachim Murat, Yes Chad, France, 1789-1821, Grande Armée, French Revolution",83945
4_Yes_Chad/12039,Yes_Chad,"Joe Biden Chad, Yes Chad, United States, President, 2020-2030",117703
4_Yes_Chad/12040,Yes_Chad,"Johnny Bravo, Yes Chad, Cartoon",56133
4_Yes_Chad/12041,Yes_Chad,"John Wick Chad, Yes Chad, Movie and TV Show",1413389
4_Yes_Chad/12042,Yes_Chad,"Joker, Yes Chad, Comics, DC, Criminal",141437
4_Yes_Chad/12043,Yes_Chad,"Joker, Yes Chad, Comics, DC, Criminal",151391
4_Yes_Chad/12044,Yes_Chad,"Joker, Yes Chad, Circus, DC, Comics, Criminal",983865
4_Yes_Chad/12045,Yes_Chad,"Jordanian Chad, Yes Chad, Middle East, Jordan",283855
4_Yes_Chad/12046,Yes_Chad,"José Gaspar Rodríguez de Francia, Yes Chad, Paraguay, Despot, 1821-1914",185852
4_Yes_Chad/12047,Yes_Chad,"José Gervasio Artigas, Yes Chad, Argentina, Uruguay, Other Army (South And Central America), 1492-1789",8561
4_Yes_Chad/12048,Yes_Chad,"José Joaquín Prieto, Yes Chad, Chile, 1821-1914, President",102959
4_Yes_Chad/12049,Yes_Chad,"Joseph Antione Poniatowski, Yes Chad, France, 1789-1821, Grande Armée, Poland, French Revolution",79954
4_Yes_Chad/12050,Yes_Chad,"Joseph Joestar , Yes Chad, Anime, JoJo's Bizarre Adventure",143766
4_Yes_Chad/12051,Yes_Chad,"Joseph Stalin, Yes Chad, Soviet Union, General Secretary, Authoritarian Left, 1939-1945",250188
4_Yes_Chad/12052,Yes_Chad,"Joshua Chad, Yes Chad, Post Apocalyptic, Fallout : New Vegas",8378
4_Yes_Chad/12053,Yes_Chad,"Joshua Graham, Yes Chad, Video Game, Fallout : New Vegas, Post Apocalyptic",127185
4_Yes_Chad/12054,Yes_Chad,"Josip Broz Tito Chad, Yes Chad, 1950-1960, Yugoslavia, President, Authoritarian Left",308610
4_Yes_Chad/12055,Yes_Chad,"Jotaro Kujo, Yes Chad, Anime, JoJo's Bizarre Adventure, JoJo's Bizarre Adventure",57510
4_Yes_Chad/12056,Yes_Chad,"Jotaro Kujo, Yes Chad, Anime, JoJo's Bizarre Adventure",165832
4_Yes_Chad/12057,Yes_Chad,"Józef Piłsudski, Yes Chad, 1918-1939, Poland, Polish Armed Forces",71367
4_Yes_Chad/12058,Yes_Chad,"Jreg Chad, Yes Chad, Internet, Youtube, Political Compass",44131
4_Yes_Chad/12059,Yes_Chad,"Juan Bautista Alberdi, Yes Chad, Argentina, Liberal Right, President, Liberal Right",220212
4_Yes_Chad/12060,Yes_Chad,"Juan Manuel de Rosas, Yes Chad, Other Army (South And Central America), 1821-1914, Argentina",278841
4_Yes_Chad/12061,Yes_Chad,"Juan Vicente Gomez, Yes Chad, Venezuela, 1821-1914, President, Authoritarian Right, National Bolivarian Armed Forces of Venezuela",70417
4_Yes_Chad/12062,Yes_Chad,"Judean Chad, Yes Chad, Israel, Judaism, -3000-476, Autochthonous",1189859
4_Yes_Chad/12063,Yes_Chad,"Judeo-Mede chad, Yes Chad, Middle East, Iran, Judaism",365549
4_Yes_Chad/12064,Yes_Chad,"Kabyle Chad, Yes Chad, Algeria, Kabylia, Africa",392911
4_Yes_Chad/12065,Yes_Chad,"Kalmykia Chad, Yes Chad, Russia, Autochthonous",67261
4_Yes_Chad/12066,Yes_Chad,"Kannapa Nayanar, Yes Chad, India, Hinduism",114158
4_Yes_Chad/12067,Yes_Chad,"Kapresh Chad, Yes Chad, United States",7300
4_Yes_Chad/12068,Yes_Chad,"Karen chad, Yes Chad, Cartoon, Robot, SpongeBob SquarePants",86661
4_Yes_Chad/12069,Yes_Chad,"Karim Khan Zand Chad, Yes Chad, Iran, 1492-1789, Monarch",429037
4_Yes_Chad/12070,Yes_Chad,"Karl Marx Chad, Yes Chad, 1821-1914, Authoritarian Left, Germany, Philosophy",141217
4_Yes_Chad/12071,Yes_Chad,"Kashmiri Chad, Yes Chad, Asia, Pakistan, India",149429
4_Yes_Chad/12072,Yes_Chad,"Kashmiri in a Pheran, Yes Chad, Asia, Pakistan, India",1513537
4_Yes_Chad/12073,Yes_Chad,"Kazuma Sato, Yes Chad, Anime, KonoSuba",14930
4_Yes_Chad/12074,Yes_Chad,"Kermes the Persian, Yes Chad, Iran, -3000-476, Sport",748805
4_Yes_Chad/12075,Yes_Chad,"KFC Chad, Yes Chad, Brands, Corporation, Food and Drink",114412
4_Yes_Chad/12076,Yes_Chad,"KGBeast, Yes Chad, Comics, DC",18236
4_Yes_Chad/12077,Yes_Chad,"Khajiit Chad, Yes Chad, Video Game, Skyrim, Fantasy",54544
4_Yes_Chad/12078,Yes_Chad,"Khalifa Abbasi Chad, Yes Chad, Middle East, Iraq",217143
4_Yes_Chad/12079,Yes_Chad,"Khazar Chad, Yes Chad, Judaism, Ukraine, Russia, Asia, 476-1492",400520
4_Yes_Chad/12080,Yes_Chad,"Khosrow II, Yes Chad, Iran, Monarch, 476-1492",315817
4_Yes_Chad/12081,Yes_Chad,"Kim Kitsuragi Chad, Yes Chad, Video Game, Disco Elysium",56477
4_Yes_Chad/12082,Yes_Chad,"King Harkinian, Yes Chad, Video Game, The Legend of Zelda, Nintendo",87162
4_Yes_Chad/12083,Yes_Chad,"King Massinissa , Yes Chad, Algeria",82646
4_Yes_Chad/12084,Yes_Chad,"King Nebton Chad , Yes Chad, Cartoon, SpongeBob SquarePants, Ocean",114066
4_Yes_Chad/12085,Yes_Chad,"King Neptune, Yes Chad, Cartoon, SpongeBob SquarePants, Ocean",898845
4_Yes_Chad/12086,Yes_Chad,"King Sargon Chad, Yes Chad, Iraq, -3000-476, Monarch",281367
4_Yes_Chad/12087,Yes_Chad,"Kiprios, Yes Chad, Greece, 1821-1914",4509
4_Yes_Chad/12088,Yes_Chad,"Kirby Gamer, Yes Chad, Nintendo, Video Game",94440
4_Yes_Chad/12089,Yes_Chad,"Kizbech Tughuzhuqo, Yes Chad, Russia, 1821-1914",705339
4_Yes_Chad/12090,Yes_Chad,"Kizbech Tughuzhuqo, Yes Chad, 1821-1914, Russia, Other Sovereign Title",496195
4_Yes_Chad/12091,Yes_Chad,"Knight, Yes Chad, 476-1492, Knight",42725
4_Yes_Chad/12092,Yes_Chad,"Knight, Yes Chad, 476-1492, Knight",22031
4_Yes_Chad/12093,Yes_Chad,"Knight, Yes Chad, 476-1492, Knight",350093
4_Yes_Chad/12094,Yes_Chad,"Knight Chad, Yes Chad, Fantasy, Knight",137954
4_Yes_Chad/12095,Yes_Chad,"Kratos Chad, Yes Chad, Mythology, Video Game, Greece",107909
4_Yes_Chad/12096,Yes_Chad,"Kratos Chad, Yes Chad, Video Game, Mythology, -3000-476, God Of War",87637
4_Yes_Chad/12097,Yes_Chad,"Kritikos, Yes Chad, Greece, 1821-1914",4359
4_Yes_Chad/12098,Yes_Chad,"Krzysztof Komeda, Yes Chad, Music, Poland, 1950-1960",742342
4_Yes_Chad/12099,Yes_Chad,"Kshatriya Chad, Yes Chad, India, Asia",425521
4_Yes_Chad/12100,Yes_Chad,"Kurdish Chad Wojak, Yes Chad, Kurdistan, Middle East",385440
4_Yes_Chad/12101,Yes_Chad,"Kurdistan Chad, Yes Chad, Middle East, Kurdistan, Iraq",187422
4_Yes_Chad/12102,Yes_Chad,"KYM-Tan, Yes Chad, Internet, Social Media",27095
4_Yes_Chad/12103,Yes_Chad,"Ladder Zombie, Yes Chad, Video Game, Plants vs. Zombies, Monster",163702
4_Yes_Chad/12104,Yes_Chad,"Land Wars Chad, Yes Chad, New Zealand, United Kingdom, Colonial",60862
4_Yes_Chad/12105,Yes_Chad,"Lanius Chad, Yes Chad, Post Apocalyptic, Fallout : New Vegas, The Legion",150220
4_Yes_Chad/12106,Yes_Chad,"Latino Chad, Yes Chad, South America",51670
4_Yes_Chad/12107,Yes_Chad,"Latino Chad, Yes Chad, South America, Civilian (Adult)",146364
4_Yes_Chad/12108,Yes_Chad,"Latino Chad, Yes Chad, South America, Civilian (Adult)",56579
4_Yes_Chad/12109,Yes_Chad,"Latino Chad, Yes Chad, South America, Civilian (Adult)",54441
4_Yes_Chad/12110,Yes_Chad,"Latino Chad, Yes Chad, Civilian (Adult), South America",40961
4_Yes_Chad/12111,Yes_Chad,"Latino Chad, Yes Chad, Civilian (Adult), South America",182041
4_Yes_Chad/12112,Yes_Chad,"Latino Chad, Yes Chad, South America, Civilian (Adult)",223508
4_Yes_Chad/12113,Yes_Chad,"Latino Chad, Yes Chad, Civilian (Adult), South America",182041
4_Yes_Chad/12114,Yes_Chad,"Laughing Chad Redhead, Yes Chad, Civilian (Adult)",197627
4_Yes_Chad/12115,Yes_Chad,"Lawrence Of Arabia Chad, Yes Chad, United Kingdom, 1914-1918, Saudi Arabia",172037
4_Yes_Chad/12116,Yes_Chad,"Lazaro Cardenas, Yes Chad, Mexico, President, 1918-1939",160108
4_Yes_Chad/12117,Yes_Chad,"Laz Chad, Yes Chad, Europe",213789
4_Yes_Chad/12118,Yes_Chad,"Lebanon Chad, Yes Chad, Lebanon, Middle East",207689
4_Yes_Chad/12119,Yes_Chad,"Legion Chad, Yes Chad, Post Apocalyptic, Fallout : New Vegas, The Legion",48222
4_Yes_Chad/12120,Yes_Chad,"Legionnary Romanian Militant , Yes Chad, Romania, Romanian Armed Forces, 1939-1945, Authoritarian Right",226393
4_Yes_Chad/12121,Yes_Chad,"Lenin Chad, Yes Chad, Revolution, Soviet Union, Authoritarian Left, Philosophy, 1914-1918",8782
4_Yes_Chad/12122,Yes_Chad,"Leonese Chad , Yes Chad, Europe, Spain",60775
4_Yes_Chad/12123,Yes_Chad,"LesPrimus Chad, Yes Chad, Internet, Youtube, Music",130010
4_Yes_Chad/12124,Yes_Chad,"Liberal Left Girl Chad, Yes Chad, Liberal Left, LGBT+",879425
4_Yes_Chad/12125,Yes_Chad,"Libertarian Chad, Yes Chad, Political Compass, Liberal Right (Political Compass)",270259
4_Yes_Chad/12126,Yes_Chad,"Libo Chad, Yes Chad, Lybia, -3000-476, Autochthonous",310757
4_Yes_Chad/12127,Yes_Chad,"Lifting Brown-haired Chad, Yes Chad, Civilian (Adult), Sport",648904
4_Yes_Chad/12128,Yes_Chad,"Lifting Chad, Yes Chad, Sport",638585
4_Yes_Chad/12129,Yes_Chad,"Liniero Dominicano Chad, Yes Chad, Dominican Republic, Central America",135175
4_Yes_Chad/12130,Yes_Chad,"Lombard Padanian Yes, Yes Chad, Europe, Italy",801537
4_Yes_Chad/12131,Yes_Chad,"Long Brown Hair Teen Chad, Yes Chad, Civilian (Teenager)",223222
4_Yes_Chad/12132,Yes_Chad,"Long Hair and Beard Chad, Yes Chad, Fantasy",937306
4_Yes_Chad/12133,Yes_Chad,"Lorenzo Latorre, Yes Chad, Uruguay, 1821-1914, Liberal Right, President",285275
4_Yes_Chad/12134,Yes_Chad,"Lou Bega, Yes Chad, 2010-2020, Music, Germany",209875
4_Yes_Chad/12135,Yes_Chad,"Louis XIV, Yes Chad, France, Monarch, 1492-1789",55278
4_Yes_Chad/12136,Yes_Chad,"Louis XIV, Yes Chad, France, Monarch, 1492-1789",55278
4_Yes_Chad/12137,Yes_Chad,"Ľudovít Štúr, Yes Chad, Slovakia, 1821-1914, Revolution",137145
4_Yes_Chad/12138,Yes_Chad,"Luigi Chad, Yes Chad, Nintendo, Video Game, Super Mario",46126
4_Yes_Chad/12139,Yes_Chad,"Luis Alberto Spinetta, Yes Chad, Music, Argentina, 1970-1980",147784
4_Yes_Chad/12140,Yes_Chad,"Luis Lacale, Yes Chad, Uruguay, 1990-2000, Liberal Right, President",403656
4_Yes_Chad/12141,Yes_Chad,"Luna Lovegood, Yes Chad, Movie and TV Show, Harry Potter, Fantasy",43894
4_Yes_Chad/12142,Yes_Chad,"Lybian Chad, Yes Chad, Lybia, Africa",159162
4_Yes_Chad/12143,Yes_Chad,"Macedonian , Yes Chad, Macedonia, Greece",3675
4_Yes_Chad/12144,Yes_Chad,"Macedonian VMRO Loyalist, Yes Chad, Other Army (Europe), Macedonia, 1918-1939",194422
4_Yes_Chad/12145,Yes_Chad,"Madrona (Mini Mini Farm), Yes Chad, Video Game, Mini Mini Farm",163155
4_Yes_Chad/12146,Yes_Chad,"Mad Scientist , Yes Chad, Science",82006
4_Yes_Chad/12147,Yes_Chad,"Maharana Pratap, Yes Chad, Hinduism, India, Monarch",1741126
4_Yes_Chad/12148,Yes_Chad,"Makhno Supporter, Yes Chad, 1914-1918, Ukraine, Anarchism, Revolution",31945
4_Yes_Chad/12149,Yes_Chad,"Malay Chad, Yes Chad, Asia, Malaysia",7819
4_Yes_Chad/12150,Yes_Chad,"Malay Chad, Yes Chad, Asia, Malaysia",28928
4_Yes_Chad/12151,Yes_Chad,"Malay Chad, Yes Chad, Asia, Malaysia",28928
4_Yes_Chad/12152,Yes_Chad,"Mamluk Warrior, Yes Chad, Egypt, 1492-1789, Knight",455019
4_Yes_Chad/12153,Yes_Chad,"Maniatis, Yes Chad, Greece, 1821-1914",111627
4_Yes_Chad/12154,Yes_Chad,"Mansa Musa, Yes Chad, 476-1492, Mali, Monarch",172184
4_Yes_Chad/12155,Yes_Chad,"Manuel Avila Camacho, Yes Chad, 1939-1945, Mexico, President, Revolution",123914
4_Yes_Chad/12156,Yes_Chad,"Manuel Belgrano Chad, Yes Chad, Argentina, Political Figure, 1789-1821, Other Army (South And Central America)",323914
4_Yes_Chad/12157,Yes_Chad,"Manuel Bulnes, Yes Chad, Despot, Chile, 1821-1914",429743
4_Yes_Chad/12158,Yes_Chad,"Mao Zedong, Yes Chad, China, Authoritarian Left, General Secretary, 1950-1960",117149
4_Yes_Chad/12159,Yes_Chad,"Mapuchan Chad, Yes Chad, Autochthonous, South America, Chile",58383
4_Yes_Chad/12160,Yes_Chad,"Maragato, Yes Chad, 1492-1789, Argentina, Spain",420892
4_Yes_Chad/12161,Yes_Chad,"Marathi, Yes Chad, India, Hinduism, Asia",354965
4_Yes_Chad/12162,Yes_Chad,"Marco Enriquez-Ominami, Yes Chad, Liberal Left, Chile, President, 2010-2020",298062
4_Yes_Chad/12163,Yes_Chad,"Marcos Perez Jimenez, Yes Chad, Venezuela, President, 1950-1960, Authoritarian Right, National Bolivarian Armed Forces of Venezuela",27092
4_Yes_Chad/12164,Yes_Chad,"Marduk Chad, Yes Chad, Iraq, Mythology, -3000-476",497386
4_Yes_Chad/12165,Yes_Chad,"Marinid chad , Yes Chad, Africa, Morocco",69675
4_Yes_Chad/12166,Yes_Chad,"Marshall Georgy Zhukov, Yes Chad, 1939-1945, Red Army, Soviet Union",26147
4_Yes_Chad/12167,Yes_Chad,"Martín Miguel de Güemes, Yes Chad, Argentina, 1789-1821, Political Figure, Revolution",91582
4_Yes_Chad/12168,Yes_Chad,"Masterchad, Yes Chad, Halo, Video Game, Futuristic",114297
4_Yes_Chad/12169,Yes_Chad,"Masterchief, Yes Chad, Video Game, Halo",116212
4_Yes_Chad/12170,Yes_Chad,"Masterchief, Yes Chad, Video Game, Halo",116212
4_Yes_Chad/12171,Yes_Chad,"Mateusz Morawiecki, Yes Chad, Poland, Prime Minister, Authoritarian Right, 2010-2020",33322
4_Yes_Chad/12172,Yes_Chad,"Mato Grossennse Chad, Yes Chad, Brazil, South America",56437
4_Yes_Chad/12173,Yes_Chad,"Matogrossense Chad, Yes Chad, Brazil, South America, Autochthonous",95674
4_Yes_Chad/12174,Yes_Chad,"Max Cavalera (Sepultura), Yes Chad, 1990-2000, Music, Brazil",139023
4_Yes_Chad/12175,Yes_Chad,"Maximilien de Robespierre, Yes Chad, France, 1789-1821, Authoritarian Left, French Revolution, Political Figure",11647
4_Yes_Chad/12176,Yes_Chad,"Max Stirner Chad, Yes Chad, Philosophy, Liberal Right, Germany, Anarchism, 1821-1914",495884
4_Yes_Chad/12177,Yes_Chad,"Mayan Priest, Yes Chad, Peru, Autochthonous, 1492-1789, Religious Authority",74855
4_Yes_Chad/12178,Yes_Chad,"Mayor McCheese , Yes Chad, United States, Food and Drink",28110
4_Yes_Chad/12179,Yes_Chad,"Me as a chad , Yes Chad, Europe, Romania",28049
4_Yes_Chad/12180,Yes_Chad,"Mechanical Druid Chad, Yes Chad, Video Game, Futuristic",62538
4_Yes_Chad/12181,Yes_Chad,"Medic Chad, Yes Chad, Medical",143399
4_Yes_Chad/12182,Yes_Chad,"Medieval Russian, Yes Chad, Russia, 476-1492, Nobility and Bourgeoisie",58979
4_Yes_Chad/12183,Yes_Chad,"Medieval Russian, Yes Chad, Russia, 476-1492, Nobility and Bourgeoisie",65566
4_Yes_Chad/12184,Yes_Chad,"Mediteranean Chad, Yes Chad, Roman Empire, Europe, -3000-476",79172
4_Yes_Chad/12185,Yes_Chad,"Melon-pult, Yes Chad, Video Game, Plants vs. Zombies",38801
4_Yes_Chad/12186,Yes_Chad,"Meo Rajput, Yes Chad, Asia, India, Political Figure",605782
4_Yes_Chad/12187,Yes_Chad,"Mermaid Man Chad, Yes Chad, Cartoon, SpongeBob SquarePants",108342
4_Yes_Chad/12188,Yes_Chad,"Merveilleuse chad, Yes Chad, France, Nobility and Bourgeoisie, 1789-1821",683046
4_Yes_Chad/12189,Yes_Chad,"Mesopotamia soldier chad, Yes Chad, Iraq, Royal Iraqi Army, -3000-476",217472
4_Yes_Chad/12190,Yes_Chad,"Metro Police Chad, Yes Chad, Video Game, Half Life",441302
4_Yes_Chad/12191,Yes_Chad,"Mevieval Peasant Chad, Yes Chad, 476-1492, Peasant",93009
4_Yes_Chad/12192,Yes_Chad,"Mexican Chad, Yes Chad, Mexico, North America",36832
4_Yes_Chad/12193,Yes_Chad,"Mickeal Meyers, Yes Chad, Movie and TV Show, Monster",81917
4_Yes_Chad/12194,Yes_Chad,"Mick Taylor (Wolf Creek), Yes Chad, Movie and TV Show, Monster, Australia",454497
4_Yes_Chad/12195,Yes_Chad,"Miles (Outlast), Yes Chad, Video Game, Outlast",202816
4_Yes_Chad/12196,Yes_Chad,"Minecraft Chad, Yes Chad, Minecraft, Video Game",95717
4_Yes_Chad/12197,Yes_Chad,"MinecraftChad With Shield, Yes Chad, Minecraft, Video Game",124563
4_Yes_Chad/12198,Yes_Chad,"Mineiro Chad, Yes Chad, Brazil, South America",100499
4_Yes_Chad/12199,Yes_Chad,"Mineiro Chad, Yes Chad, Brazil, South America, Autochthonous",129309
4_Yes_Chad/12200,Yes_Chad,"Mingrelian Chad, Yes Chad, Europe",259166
4_Yes_Chad/12201,Yes_Chad,"Minions Chad, Yes Chad, Cartoon, Movie and TV Show, Meme",80089
4_Yes_Chad/12202,Yes_Chad,"Mistral (Metal Gear Rising), Yes Chad, Video Game, Metal Gear Solid, Futuristic",1510718
4_Yes_Chad/12203,Yes_Chad,"Miyuki Shirogane, Yes Chad, Anime, Love Is War",36180
4_Yes_Chad/12204,Yes_Chad,"MLG Chad, Yes Chad, Internet, Meme",108468
4_Yes_Chad/12205,Yes_Chad,"Moejak, Yes Chad, Meme",166715
4_Yes_Chad/12206,Yes_Chad,"Mohammad Reza Pahlavi, Yes Chad, Iran, 1960-1970, Monarch",345647
4_Yes_Chad/12207,Yes_Chad,"Mohammed Reza Shah (Suit), Yes Chad, Iran, Monarch, 1960-1970",204979
4_Yes_Chad/12208,Yes_Chad,"Mongolian chad, Yes Chad, Mongolia, 476-1492, Asia",51006
4_Yes_Chad/12209,Yes_Chad,"Mongolian Throat singer, Yes Chad, Mongolia, Asia, Music",223329
4_Yes_Chad/12210,Yes_Chad,"Montenegrin Chad, Yes Chad, Europe, Balkan, Montenegro",21029
4_Yes_Chad/12211,Yes_Chad,"Mordhau Knight Chad, Yes Chad, 476-1492, Knight",273546
4_Yes_Chad/12212,Yes_Chad,"Morgan Jones, Yes Chad, The Walking Dead, Post Apocalyptic",608002
4_Yes_Chad/12213,Yes_Chad,"Moroccan Chad, Yes Chad, Morocco, Africa",258654
4_Yes_Chad/12214,Yes_Chad,"Moroccan Chad, Yes Chad, Africa, Morocco",156832
4_Yes_Chad/12215,Yes_Chad,"Moroccan Chad, Yes Chad, Africa, Morocco",98358
4_Yes_Chad/12216,Yes_Chad,"Moroccan Jewish Dayan Chad, Yes Chad, Judaism, Morocco, Africa",514396
4_Yes_Chad/12217,Yes_Chad,"Moroccan Yes Chad, Yes Chad, Morocco, Africa",720826
4_Yes_Chad/12218,Yes_Chad,"Moses Yes Chad, Yes Chad, Religious Authority, Judaism, Mythology",227379
4_Yes_Chad/12219,Yes_Chad,"Mountain Chad, Yes Chad, Survivalism",204126
4_Yes_Chad/12220,Yes_Chad,"Mountain Chad, Yes Chad, Far West, 1821-1914",1892789
4_Yes_Chad/12221,Yes_Chad,"Mountain Chad Animal Swarm, Yes Chad, Survivalism",499161
4_Yes_Chad/12222,Yes_Chad,"Mountain Chad Crow Swarm, Yes Chad, Survivalism",212978
4_Yes_Chad/12223,Yes_Chad,"Mountain Chad Mouse Swarm, Yes Chad, Survivalism",259523
4_Yes_Chad/12224,Yes_Chad,"Mousctache And Bead Chad, Yes Chad, Civilian (Adult)",215774
4_Yes_Chad/12225,Yes_Chad,"Moustache Chad, Yes Chad, Civilian (Adult)",304800
4_Yes_Chad/12226,Yes_Chad,"Moustache Chad Template, Yes Chad, Civilian (Adult)",304800
4_Yes_Chad/12227,Yes_Chad,"Mouth Breather Chad, Yes Chad, Internet, Meme",50982
4_Yes_Chad/12228,Yes_Chad,"Mr. Burns, Yes Chad, The Simpsons, Cartoon",9927
4_Yes_Chad/12229,Yes_Chad,"Mr Crab Chad, Yes Chad, Cartoon, SpongeBob SquarePants, Ocean",100508
4_Yes_Chad/12230,Yes_Chad,"Mr House Chad, Yes Chad, Post Apocalyptic, Fallout : New Vegas",71072
4_Yes_Chad/12231,Yes_Chad,"Mr. Liu , Yes Chad, Comics, Invincible",73178
4_Yes_Chad/12232,Yes_Chad,"Mr Mushroom, Yes Chad, Video Game, Hollow Knight",99551
4_Yes_Chad/12233,Yes_Chad,"Mrs. Puffs Chad, Yes Chad, Cartoon, SpongeBob SquarePants, Ocean",153629
4_Yes_Chad/12234,Yes_Chad,"Muammar Gaddafi, Yes Chad, 2010-2020, Lybia, Despot",81779
4_Yes_Chad/12235,Yes_Chad,"Muammar Gaddafi, Yes Chad, Authoritarian Left, Despot, Lybia, 2010-2020",96052
4_Yes_Chad/12236,Yes_Chad,"Muammar Gaddafi chad, Yes Chad, Lybia, Despot, 2000-2010",199657
4_Yes_Chad/12237,Yes_Chad,"Muammar Gaddafi, Yes Chad, Authoritarian Left, Despot, Lybia, 2010-2020",96052
4_Yes_Chad/12238,Yes_Chad,"Mughal, Yes Chad, Asia, India",225617
4_Yes_Chad/12239,Yes_Chad,"Mughal Chad, Yes Chad, Asia, India",840373
4_Yes_Chad/12240,Yes_Chad,"Muhammad Avdol, Yes Chad, Anime, JoJo's Bizarre Adventure",199391
4_Yes_Chad/12241,Yes_Chad,"Mukti Bahini Wojak, Yes Chad, Bangladesh, 1970-1980",545015
4_Yes_Chad/12242,Yes_Chad,"Muscular Berber, Yes Chad, Morocco, Kabylia, Algeria",46000
4_Yes_Chad/12243,Yes_Chad,"Muscular Kabyle Chad, Yes Chad, Kabylia, Africa, Algeria",43786
4_Yes_Chad/12244,Yes_Chad,"Muscular Numidian Cavalryman, Yes Chad, Kabylia, Algeria, -3000-476",101744
4_Yes_Chad/12245,Yes_Chad,"Muslim Chad, Yes Chad, Middle East, Islam",68520
4_Yes_Chad/12246,Yes_Chad,"Muslim Chad, Yes Chad, Middle East, Islam",216820
4_Yes_Chad/12247,Yes_Chad,"Muslim Chad, Yes Chad, Middle East, Islam",585027
4_Yes_Chad/12248,Yes_Chad,"Muslim Chad, Yes Chad, Middle East, Islam, Iran",155648
4_Yes_Chad/12249,Yes_Chad,"Muslim Chad, Yes Chad, Middle East, Islam",42456
4_Yes_Chad/12250,Yes_Chad,"Muslim Chad and her Wife, Yes Chad, Middle East, Islam, Family",124934
4_Yes_Chad/12251,Yes_Chad,"Muslim Chad, Yes Chad, Middle East, Islam",585027
4_Yes_Chad/12252,Yes_Chad,"Muslim Horse Knight, Yes Chad, Knight, Saudi Arabia, 476-1492",314571
4_Yes_Chad/12253,Yes_Chad,"Mutated Bald Chad, Yes Chad, Post Apocalyptic, Injured and Dead",273628
4_Yes_Chad/12254,Yes_Chad,"My Melody Chad, Yes Chad, Anime, Hello Kitty",225333
4_Yes_Chad/12255,Yes_Chad,"Nader Chah, Yes Chad, Iran, Monarch, 1492-1789",380139
4_Yes_Chad/12256,Yes_Chad,"Nair Thamburan, Yes Chad, India, Asia, Hinduism",212021
4_Yes_Chad/12257,Yes_Chad,"Nanoha Takamachi (Magical Girl Lyrical Nanoha), Yes Chad, Anime",126074
4_Yes_Chad/12258,Yes_Chad,"Napoleon Zervas, Yes Chad, Greece, 1939-1945, Hellenic Army",82124
4_Yes_Chad/12259,Yes_Chad,"Naruto, Yes Chad, Anime, Naruto",10980
4_Yes_Chad/12260,Yes_Chad,"Naserdin shah ناصردین شاه, Yes Chad, Iran, Middle East",380603
4_Yes_Chad/12261,Yes_Chad,"Nashville Police Force, Yes Chad, 2020-2030, United States, Rescue Services",47599
4_Yes_Chad/12262,Yes_Chad,"Nasrani Chad 2, Yes Chad, India, Orthodox",15999
4_Yes_Chad/12263,Yes_Chad,"Nasrani Chad 3, Yes Chad, India, Orthodox",15999
4_Yes_Chad/12264,Yes_Chad,"Nasrani Chad 4, Yes Chad, India, Orthodox",15999
4_Yes_Chad/12265,Yes_Chad,"Nasrani Chad, Yes Chad, India, Orthodox",15999
4_Yes_Chad/12266,Yes_Chad,"Native African Chad, Yes Chad, Africa, Autochthonous",378126
4_Yes_Chad/12267,Yes_Chad,"Native Albanian Chad, Yes Chad, Albania, Europe, Autochthonous",13784
4_Yes_Chad/12268,Yes_Chad,"Native American Woman, Yes Chad, Autochthonous, United States, North America",27058
4_Yes_Chad/12269,Yes_Chad,"Native Asian Chad, Yes Chad, Asia, Autochthonous",189080
4_Yes_Chad/12270,Yes_Chad,"Native Baltic Chad, Yes Chad, Europe, Autochthonous",62923
4_Yes_Chad/12271,Yes_Chad,"Native Egyptian Chad, Yes Chad, Ancient Egypt, -3000-476, Autochthonous",326301
4_Yes_Chad/12272,Yes_Chad,"Nayib Bukele, Yes Chad, El Salvador, President, 2020-2030, Liberal Right",67952
4_Yes_Chad/12273,Yes_Chad,"Nazbol Chad, Yes Chad, Authoritarian Left (Political Compass), Authoritarian Right (Political Compass), Political Compass",224141
4_Yes_Chad/12274,Yes_Chad,"NCR Captain, Yes Chad, Video Game, Fallout : New Vegas, New California Republic",51761
4_Yes_Chad/12275,Yes_Chad,"NCR Trooper, Yes Chad, Video Game, Fallout : New Vegas, New California Republic",87760
4_Yes_Chad/12276,Yes_Chad,"Nebuchadnezzar II, Yes Chad, Iraq, Monarch, -3000-476",400584
4_Yes_Chad/12277,Yes_Chad,"Neolithic Chad, Yes Chad, -3000",13514
4_Yes_Chad/12278,Yes_Chad,"Nepali Chad, Yes Chad, Nepal, Asia",848586
4_Yes_Chad/12279,Yes_Chad,"Néstor Kirchner, Yes Chad, Authoritarian Left, President, Argentina, 2000-2010",171493
4_Yes_Chad/12280,Yes_Chad,"Nick Avocada Chad, Yes Chad, Youtube, Internet",203809
4_Yes_Chad/12281,Yes_Chad,"Nicolas Maduro Chad, Yes Chad, President, Venezuela, 2010-2020, Authoritarian Left",35789
4_Yes_Chad/12282,Yes_Chad,"Nikola Gruevski Chad, Yes Chad, Macedonia, 2020-2030, Prime Minister",3150
4_Yes_Chad/12283,Yes_Chad,"Nisiotis Augaiou, Yes Chad, Greece, 1821-1914",21882
4_Yes_Chad/12284,Yes_Chad,"NKVD Caporal, Yes Chad, Red Army, Soviet Union, 1939-1945",190417
4_Yes_Chad/12285,Yes_Chad,"NKVD Caporal, Yes Chad, Red Army, Soviet Union, 1939-1945",190417
4_Yes_Chad/12286,Yes_Chad,"NKVD Chad, Yes Chad, Soviet Union, Red Army, 1939-1945",121653
4_Yes_Chad/12287,Yes_Chad,"No beard Algerian Chad, Yes Chad, Algeria, Africa",442964
4_Yes_Chad/12288,Yes_Chad,"No Beard Chad, Yes Chad, Template",10672
4_Yes_Chad/12289,Yes_Chad,"Noh-Varr, Yes Chad, Comics, Marvel",210108
4_Yes_Chad/12290,Yes_Chad,"Nordestino Chad, Yes Chad, Brazil, South America",54574
4_Yes_Chad/12291,Yes_Chad,"Nordic Chad, Yes Chad, Scandinavia",78593
4_Yes_Chad/12292,Yes_Chad,"Nordic Chad With His Phone, Yes Chad, Civilian (Adult)",286973
4_Yes_Chad/12293,Yes_Chad,"Nordic Gamer, Yes Chad, Scandinavia",315828
4_Yes_Chad/12294,Yes_Chad,"Nordic Warrior, Yes Chad, Scandinavia, Viking, 476-1492",377287
4_Yes_Chad/12295,Yes_Chad,"Norman Yes Chad, Yes Chad, France, 476-1492, Knight",47922
4_Yes_Chad/12296,Yes_Chad,"North Caucasus Chad, Yes Chad, Russia, Europe",26020
4_Yes_Chad/12297,Yes_Chad,"Northwest Russian Chad, Yes Chad, Russia, Europe, Orthodox",24720
4_Yes_Chad/12298,Yes_Chad,"Nortista Chad, Yes Chad, Brazil, South America",62246
4_Yes_Chad/12299,Yes_Chad,"Nuclear Chad, Yes Chad, Science",85258
4_Yes_Chad/12300,Yes_Chad,"Nude Adam, Yes Chad, Mythology, Christianism, NSFW",80319
4_Yes_Chad/12301,Yes_Chad,"numidian chad, Yes Chad, Kabylia, Algeria, -3000-476, Kabylia, Autochthonous",45254
4_Yes_Chad/12302,Yes_Chad,"Numidium Chad, Yes Chad, Video Game, Skyrim, Fantasy",54442
4_Yes_Chad/12303,Yes_Chad,"ODST Chad, Yes Chad, Halo, Video Game, Futuristic",72692
4_Yes_Chad/12304,Yes_Chad,"""Oh no !"" Chad, Yes Chad, Template",35114
4_Yes_Chad/12305,Yes_Chad,"Old Chad, Yes Chad, Civilian (Eldery)",75428
4_Yes_Chad/12306,Yes_Chad,"Old Chad, Yes Chad, Civilian (Eldery)",299250
4_Yes_Chad/12307,Yes_Chad,"Old Chad, Yes Chad, Civilian (Eldery)",299250
4_Yes_Chad/12308,Yes_Chad,"Old Fidel Castro, Yes Chad, Cuba, Authoritarian Left, 2000-2010, General Secretary",214368
4_Yes_Chad/12309,Yes_Chad,"Old King Chad, Yes Chad, Monarch, 476-1492",431027
4_Yes_Chad/12310,Yes_Chad,"Old Punjabi, Yes Chad, Asia, India, Civilian (Eldery)",308113
4_Yes_Chad/12311,Yes_Chad,"Old Suit Man Chad, Yes Chad, Civilian (Eldery)",24048
4_Yes_Chad/12312,Yes_Chad,"Oman Chad, Yes Chad, Oman, Middle East",228643
4_Yes_Chad/12313,Yes_Chad,"Omani chad, Yes Chad, Middle East, Oman",353079
4_Yes_Chad/12314,Yes_Chad,"OpScore Chad, Yes Chad, United States Army, United States",619929
4_Yes_Chad/12315,Yes_Chad,"Oriental Chad, Yes Chad, Middle East, Asia, Autochthonous",22602
4_Yes_Chad/12316,Yes_Chad,"Orthodox Chad, Yes Chad, Orthodox, Christianism",179624
4_Yes_Chad/12317,Yes_Chad,"orthodox jew, Yes Chad, Middle East, Israel, Judaism",218952
4_Yes_Chad/12318,Yes_Chad,"Orthodox Priest Chad, Yes Chad, Christianism, Orthodox, Religious Authority",216380
4_Yes_Chad/12319,Yes_Chad,"Otto Von Bismarck, Yes Chad, 1821-1914, Prussia, Royal Prussian Army, Prime Minister, Germany",84951
4_Yes_Chad/12320,Yes_Chad,"Pahadi Rajput Chad, Yes Chad, India, Asia",398843
4_Yes_Chad/12321,Yes_Chad,"Pakistan chad, Yes Chad, Asia, Pakistan",231488
4_Yes_Chad/12322,Yes_Chad,"Pakistani Chad, Yes Chad, Pakistan, Asia",289646
4_Yes_Chad/12323,Yes_Chad,"Pakistani Chad, Yes Chad, Asia, Pakistan",23037
4_Yes_Chad/12324,Yes_Chad,"Pakistani Chad, Yes Chad, Asia, Pakistan",9438
4_Yes_Chad/12325,Yes_Chad,"Pakistani Chad, Yes Chad, Asia, Pakistan",9438
4_Yes_Chad/12326,Yes_Chad,"Palestinian Chad , Yes Chad, Middle East, Palestine",59263
4_Yes_Chad/12327,Yes_Chad,"Pampeano, Yes Chad, Argentina, Farm",89885
4_Yes_Chad/12328,Yes_Chad,"Papa Smurf, Yes Chad, Comics, The Smurfs",77615
4_Yes_Chad/12329,Yes_Chad,"Paranaense Chad, Yes Chad, Brazil, South America, Autochthonous",134982
4_Yes_Chad/12330,Yes_Chad,"Parthian King Chad, Yes Chad, Iran, -3000-476, Monarch",154703
4_Yes_Chad/12331,Yes_Chad,"Party goers (backroom), Yes Chad, Monster, Strange",240481
4_Yes_Chad/12332,Yes_Chad,"Parvis Sapeti, Yes Chad, Iran, General Secretary, 1960-1970",203335
4_Yes_Chad/12333,Yes_Chad,"Pashtun Beardless Chad, Yes Chad, Afghanistan, Asia",70149
4_Yes_Chad/12334,Yes_Chad,"Pashtun Chad, Yes Chad, Asia, Pakistan, Afghanistan",9422
4_Yes_Chad/12335,Yes_Chad,"Pashtun Light Brown Chad, Yes Chad, Afghanistan, Asia",43430
4_Yes_Chad/12336,Yes_Chad,"Pashtun Pakol Chad, Yes Chad, Afghanistan, Iran, Asia",9422
4_Yes_Chad/12337,Yes_Chad,"Pashtun Pakol Chad, Yes Chad, Afghanistan, Asia",16095
4_Yes_Chad/12338,Yes_Chad,"Pashtun Pakol Wojak, Yes Chad, Afghanistan, Asia",9422
4_Yes_Chad/12339,Yes_Chad,"Pashtun Red Chad, Yes Chad, Afghanistan, Asia",43426
4_Yes_Chad/12340,Yes_Chad,"Pashtun Wojak, Yes Chad, Afghanistan, Asia",559176
4_Yes_Chad/12341,Yes_Chad,"Pastor, Yes Chad, Religious Authority, Christianism",193018
4_Yes_Chad/12342,Yes_Chad,"Patrick chad, Yes Chad, Cartoon, SpongeBob SquarePants",73131
4_Yes_Chad/12343,Yes_Chad,"Paul Allen Wojak, Yes Chad, Movie and TV Show, American Psycho",139281
4_Yes_Chad/12344,Yes_Chad,"Paulista Chad, Yes Chad, Brazil, South America",61198
4_Yes_Chad/12345,Yes_Chad,"Penny Parker (Snap Cube), Yes Chad, Youtube, Internet",35929
4_Yes_Chad/12346,Yes_Chad,"Perry the Platypus, Yes Chad, Cartoon, Phineas and Ferb",68090
4_Yes_Chad/12347,Yes_Chad,"Persian Strong Chad, Yes Chad, Iran",186481
4_Yes_Chad/12348,Yes_Chad,"Peruvian Chad, Yes Chad, Peru, South America",59568
4_Yes_Chad/12349,Yes_Chad,"Peter II Emperor of Brazil, Yes Chad, Brazil, Imperial, 1821-1914",774760
4_Yes_Chad/12350,Yes_Chad,"Pharaoh Dynasty I Ancient Egypt, Yes Chad, Ancient Egypt, -3000-476, Monarch",214131
4_Yes_Chad/12351,Yes_Chad,"Philip Hansen Anselmo (Pantera), Yes Chad, 1990-2000, Music, United States",226965
4_Yes_Chad/12352,Yes_Chad,"Philippe Poutou Chad, Yes Chad, France, 2020-2030, Liberal Left",71849
4_Yes_Chad/12353,Yes_Chad,"Philistine Yes Chad, Yes Chad, Palestine, -3000-476, Greece",1762396
4_Yes_Chad/12354,Yes_Chad,"Phineas, Yes Chad, Cartoon, Phineas and Ferb",149589
4_Yes_Chad/12355,Yes_Chad,"Phonecian Canaanite Yes Chad, Yes Chad, Middle, Lebanon",60630
4_Yes_Chad/12356,Yes_Chad,"Piccolo, Yes Chad, Anime, Dragon Ball",123496
4_Yes_Chad/12357,Yes_Chad,"Pickle Rick Chad, Yes Chad, Cartoon, Rick and Morty",15405
4_Yes_Chad/12358,Yes_Chad,"Pilgrim Chad, Yes Chad, Colonial, United States, 1821-1914",321239
4_Yes_Chad/12359,Yes_Chad,"Pimp, Yes Chad, Criminal, United States",347257
4_Yes_Chad/12360,Yes_Chad,"Piper (Brawl Stars), Yes Chad, Video Game",775364
4_Yes_Chad/12361,Yes_Chad,"Piper's Positivity, Yes Chad, Christianism, Internet",97708
4_Yes_Chad/12362,Yes_Chad,"Plankton Chad, Yes Chad, Cartoon, SpongeBob SquarePants",72014
4_Yes_Chad/12363,Yes_Chad,"Pogo Zombie, Yes Chad, Video Game, Plants vs. Zombies, Monster",156205
4_Yes_Chad/12364,Yes_Chad,"Pokemon Trainer, Yes Chad, Video Game, Pokemon, Nintendo",17746
4_Yes_Chad/12365,Yes_Chad,"Pole Vaulting Zombie, Yes Chad, Video Game, Plants vs. Zombies, Monster",158076
4_Yes_Chad/12366,Yes_Chad,"Pollo Campero, Yes Chad, Guatemala, Brands, Food and Drink",55451
4_Yes_Chad/12367,Yes_Chad,"Pomak, Yes Chad, Greece, Bulgaria, Turkey, Islam, Europe",24985
4_Yes_Chad/12368,Yes_Chad,"Pontic, Yes Chad, Greece, 476-1492",110592
4_Yes_Chad/12369,Yes_Chad,"Pope Tiara Chad, Yes Chad, Vatican, Religious Authority",297720
4_Yes_Chad/12370,Yes_Chad,"Pope Urban II, Yes Chad, Christianism, 476-1492, Religious Authority, Vatican",783194
4_Yes_Chad/12371,Yes_Chad,"Porfirio Diaz, Yes Chad, Mexico, 1821-1914, President",67106
4_Yes_Chad/12372,Yes_Chad,"Portrait of Young Man, Yes Chad, 1821-1914, Art, France",2310881
4_Yes_Chad/12373,Yes_Chad,"Portuguese Chad, Yes Chad, Portugal, 1492-1789",370756
4_Yes_Chad/12374,Yes_Chad,"Portuguese Colonial Chad, Yes Chad, Colonial, Portugal, 1492-1789",87037
4_Yes_Chad/12375,Yes_Chad,"Portuguese Sailor Chad, Yes Chad, 1918-1939, Portugal, Ocean, Spanish Civil War",637471
4_Yes_Chad/12376,Yes_Chad,"President Carlos Menem, Yes Chad, Argentina, 1990-2000, President, Liberal Right",71961
4_Yes_Chad/12377,Yes_Chad,"Preuvian Nikkai Soldier, Yes Chad, Peru, Peruvian Armed Forces, Imperial Japanese Army, 1939-1945",183720
4_Yes_Chad/12378,Yes_Chad,"Prince Abbas Mirza Chad, Yes Chad, Iran, 1821-1914, Other Sovereign Title",361444
4_Yes_Chad/12379,Yes_Chad,"Prison Chad, Yes Chad, Criminal",32045
4_Yes_Chad/12380,Yes_Chad,"Psycho, Yes Chad, Criminal, Monster",130464
4_Yes_Chad/12381,Yes_Chad,"Ptolemy I, Yes Chad, Greece, Monarch, Ancient Egypt, -3000-476",289595
4_Yes_Chad/12382,Yes_Chad,"Punjabi Chad, Yes Chad, India, Hinduism, Asia",552593
4_Yes_Chad/12383,Yes_Chad,"Punjabi Chad, Yes Chad, India, Hinduism, Asia",237654
4_Yes_Chad/12384,Yes_Chad,"Punjabi Chad, Yes Chad, India, Hinduism, Asia",47232
4_Yes_Chad/12385,Yes_Chad,"Punjabi Chad, Yes Chad, India, Hinduism, Asia",47232
4_Yes_Chad/12386,Yes_Chad,"Punjabi Farmer, Yes Chad, Asia, Pakistan",838963
4_Yes_Chad/12387,Yes_Chad,"Purple Toad, Yes Chad, Video Game, Super Mario, Nintendo",61015
4_Yes_Chad/12388,Yes_Chad,"Qatar Chad, Yes Chad, Qatar, Middle East",200976
4_Yes_Chad/12389,Yes_Chad,"Qizilbash سرباز قزلباش, Yes Chad, Iran, Knight",251273
4_Yes_Chad/12390,Yes_Chad,"Rabbin Chad, Yes Chad, Judaism, Israel, Religious Authority",89442
4_Yes_Chad/12391,Yes_Chad,"Ramesses II chad, Yes Chad, -3000-476, Ancient Egypt, Monarch",321360
4_Yes_Chad/12392,Yes_Chad,"Ramses Chad, Yes Chad, Egypt, Ancient Egypt, Monarch, -3000-476",239068
4_Yes_Chad/12393,Yes_Chad,"Ramses III, Yes Chad, Ancient Egypt, Monarch, -3000-476",342881
4_Yes_Chad/12394,Yes_Chad,"Ramses II Pharaoh, Yes Chad, Ancient Egypt, -3000-476",222544
4_Yes_Chad/12395,Yes_Chad,"Ramzan Kadyrov, Yes Chad, 2010-2020, Despot, Chechnya",234428
4_Yes_Chad/12396,Yes_Chad,"Randy Marsh Chad, Yes Chad, Cartoon, South Park",38986
4_Yes_Chad/12397,Yes_Chad,"Ranger Chad, Yes Chad, Post Apocalyptic, Fallout : New Vegas, New California Republic",118096
4_Yes_Chad/12398,Yes_Chad,"Raul Tejada, Yes Chad, Video Game, Fallout : New Vegas, Post Apocalyptic",65948
4_Yes_Chad/12399,Yes_Chad,"Raymond Poincaré, Yes Chad, France, 1914-1918, President",59624
4_Yes_Chad/12400,Yes_Chad,"Real Belarusian Chad, Yes Chad, Europe, Europe, Belarus",264974
4_Yes_Chad/12401,Yes_Chad,"Real Russian Chad, Yes Chad, Europe, Russia, Europe",265896
4_Yes_Chad/12402,Yes_Chad,"Recce, Yes Chad, South Africa, South African Defence Force",273759
4_Yes_Chad/12403,Yes_Chad,"Reconquista Chad, Yes Chad, Spain, 476-1492, Christianism, Knight",150136
4_Yes_Chad/12404,Yes_Chad,"Red Berber Shaman, Yes Chad, Algeria, Kabylia, Strange",221762
4_Yes_Chad/12405,Yes_Chad,"Red Guardian, Yes Chad, Comics, Marvel",16813
4_Yes_Chad/12406,Yes_Chad,"RedHead Chad Template, Yes Chad, Civilian (Adult)",199683
4_Yes_Chad/12407,Yes_Chad,"Red Toad, Yes Chad, Video Game, Super Mario, Nintendo",60758
4_Yes_Chad/12408,Yes_Chad,"Reinhardt, Yes Chad, Video Game, Overwatch",294489
4_Yes_Chad/12409,Yes_Chad,"Renly Baratheon Chad, Yes Chad, Movie and TV Show, Game of Thrones",277429
4_Yes_Chad/12410,Yes_Chad,"Reza Chah Pahlavi, Yes Chad, Iran, Middle East, Monarch, 1939-1945",221338
4_Yes_Chad/12411,Yes_Chad,"Rhodesia Yes Chad, Yes Chad, Rhodesian Security Forces, Zimbabwe, 1970-1980",297357
4_Yes_Chad/12412,Yes_Chad,"Ricardo Balbín, Yes Chad, Argentina, Political Figure, 1970-1980",34299
4_Yes_Chad/12413,Yes_Chad,"Rick Grimes, Yes Chad, Post Apocalyptic, The Walking Dead",132675
4_Yes_Chad/12414,Yes_Chad,"Ringo Starr, Yes Chad, United Kingdom, 1960-1970, Music",185070
4_Yes_Chad/12415,Yes_Chad,"Robespierre, Yes Chad, 1789-1821, Authoritarian Left, French Revolution, France, Political Figure",179415
4_Yes_Chad/12416,Yes_Chad,"RoboCop Chad, Yes Chad, Movie and TV Show, Futuristic, RoboCop",43889
4_Yes_Chad/12417,Yes_Chad,"Rock Lee, Yes Chad, Anime, Naruto",3870
4_Yes_Chad/12418,Yes_Chad,"Roger Waters, Yes Chad, United Kingdom, 1960-1970, Music",128399
4_Yes_Chad/12419,Yes_Chad,"Romania Legionary, Yes Chad, Romania, Romanian Armed Forces, 1939-1945",166228
4_Yes_Chad/12420,Yes_Chad,"Romanian, Yes Chad, Romania, Criminal",79099
4_Yes_Chad/12421,Yes_Chad,"Romani Chad, Yes Chad, Europe",74179
4_Yes_Chad/12422,Yes_Chad,"Roman Soldier Chad, Yes Chad, -3000-476, Knight, Roman Empire",247766
4_Yes_Chad/12423,Yes_Chad,"Roman Soldier Chad, Yes Chad, -3000-476, Knight, Roman Empire",229722
4_Yes_Chad/12424,Yes_Chad,"Roman Soldier Chad, Yes Chad, -3000-476, Knight, Roman Empire",229722
4_Yes_Chad/12425,Yes_Chad,"Roman Soldier, Yes Chad, Roman Empire, Knight, -3000-476",23197
4_Yes_Chad/12426,Yes_Chad,"Roronoa Zoro, Yes Chad, Anime, One Piece",594897
4_Yes_Chad/12427,Yes_Chad,"Rum, Yes Chad, Greece, Egypt, Syria, Lebanon, Christianism",16345
4_Yes_Chad/12428,Yes_Chad,"Russian Chad, Yes Chad, Russia, 1990-2000",36288
4_Yes_Chad/12429,Yes_Chad,"Rylanor YES, Yes Chad, Space, Futuristic, Warhammer, Video Game",519546
4_Yes_Chad/12430,Yes_Chad,"Saiki K. (Saiki Kusuo no Ψ nan), Yes Chad, Anime",98362
4_Yes_Chad/12431,Yes_Chad,"Saint Nicholas Slaps Arius, Yes Chad, Christianism, Religious Authority, -3000-476",696287
4_Yes_Chad/12432,Yes_Chad,"Saint Pablo, Yes Chad, -3000-476, Mythology, Christianism",681250
4_Yes_Chad/12433,Yes_Chad,"Salah Al-Din Al-Ayyubi, Yes Chad, Egypt, 476-1492, Imperial",401387
4_Yes_Chad/12434,Yes_Chad,"Salteño, Yes Chad, Argentina, Civilian (Adult)",113682
4_Yes_Chad/12435,Yes_Chad,"Salvador Allende, Yes Chad, Authoritarian Left, Chile, President, 1970-1980",64000
4_Yes_Chad/12436,Yes_Chad,"Samuel Rodrigues, Yes Chad, Video Game, Nintendo, Metal Gear Solid",323087
4_Yes_Chad/12437,Yes_Chad,"Sandy Chad, Yes Chad, Cartoon, SpongeBob SquarePants",127421
4_Yes_Chad/12438,Yes_Chad,"Sangoku, Yes Chad, Anime, Dragon Ball",111066
4_Yes_Chad/12439,Yes_Chad,"Santa Chad facing camera, Yes Chad, Festivity",1576540
4_Yes_Chad/12440,Yes_Chad,"Santa Claus, Yes Chad, Festivity",71405
4_Yes_Chad/12441,Yes_Chad,"Santa Claus Chad, Yes Chad, Festivity",21836
4_Yes_Chad/12442,Yes_Chad,"Santa Claus Chad, Yes Chad, Festivity",65733
4_Yes_Chad/12443,Yes_Chad,"Santiaguero Dominicano Chad , Yes Chad, Dominican Republic, Central America",126218
4_Yes_Chad/12444,Yes_Chad,"Sarakatsanos, Yes Chad, Greece, Bulgaria",13744
4_Yes_Chad/12445,Yes_Chad,"Sardar Asaad Bakhtiari Chad, Yes Chad, Iran, 1821-1914, Revolution",88470
4_Yes_Chad/12446,Yes_Chad,"Sardar Assad , Yes Chad, Iran, 1821-1914, Revolution",130159
4_Yes_Chad/12447,Yes_Chad,"Sargon of Akkad , Yes Chad, Iraq, -3000-476, Monarch",195994
4_Yes_Chad/12448,Yes_Chad,"Saul Goodman Chad, Yes Chad, Rescue Services, Breaking Bad",175745
4_Yes_Chad/12449,Yes_Chad,"SchutzStaffel Chad, Yes Chad, 1939-1945, National-Socialism, The Third Reich, Schutzstaffel",195364
4_Yes_Chad/12450,Yes_Chad,"Schutzstaffel Soldier, Yes Chad, 1939-1945, The Third Reich, Schutzstaffel",89884
4_Yes_Chad/12451,Yes_Chad,"Scottish Chad, Yes Chad, United Kingdom, Scotland, Europe",316030
4_Yes_Chad/12452,Yes_Chad,"Sea People, Yes Chad, Middle East, Greece, Ocean, Knight, Ancient Egypt, -3000-476",381041
4_Yes_Chad/12453,Yes_Chad,"Senegalese Chad, Yes Chad, Africa, Senegal, Islam",301801
4_Yes_Chad/12454,Yes_Chad,"Seventh-day Adventist Chad, Yes Chad, Christianism, Protestantism, United States",58197
4_Yes_Chad/12455,Yes_Chad,"Seymour Skinner, Yes Chad, The Simpsons, Cartoon",33841
4_Yes_Chad/12456,Yes_Chad,"Shaman Berber, Yes Chad, Algeria, Strange, Kabylia",163396
4_Yes_Chad/12457,Yes_Chad,"Shapur II, Yes Chad, Iran, -3000-476, Monarch",285931
4_Yes_Chad/12458,Yes_Chad,"Shek (Kenshi), Yes Chad, Fantasy, Video Game",10032
4_Yes_Chad/12459,Yes_Chad,"Shepherd Chad, Yes Chad, Video Game, Call Of Duty, First-Person Shooter",216901
4_Yes_Chad/12460,Yes_Chad,"Shinji Ikari, Yes Chad, Anime, Evangelion",103081
4_Yes_Chad/12461,Yes_Chad,"Shinji Ikari, Yes Chad, Anime, Evangelion",103081
4_Yes_Chad/12462,Yes_Chad,"Shivaji Maharaj, Yes Chad, India, Mythology, Hinduism",33288
4_Yes_Chad/12463,Yes_Chad,"Shocked Chad, Yes Chad, Template",195277
4_Yes_Chad/12464,Yes_Chad,"Shree Paanch Bada Maharajadhiraj Prithvi Narayan Shah Dev Chad, Yes Chad, Nepal, 1492-1789, Monarch",613065
4_Yes_Chad/12465,Yes_Chad,"Siberian Chad, Yes Chad, Russia, Asia",28114
4_Yes_Chad/12466,Yes_Chad,"Siege Mask, Yes Chad, Authoritarian Right (Political Compass), National-Socialism, Political Compass",8666
4_Yes_Chad/12467,Yes_Chad,"Sikh Chad, Yes Chad, India, Asia, Sikhism",140111
4_Yes_Chad/12468,Yes_Chad,"Simon Bolivar, Yes Chad, Venezuela, Colombia, President, 1789-1821, Authoritarian Right",385195
4_Yes_Chad/12469,Yes_Chad,"Sindhi Chad, Yes Chad, Pakistan, Asia",138112
4_Yes_Chad/12470,Yes_Chad,"Sir Oswald Mosley Chad, Yes Chad, United Kingdom, Authoritarian Right, 1939-1945, Political Figure",198288
4_Yes_Chad/12471,Yes_Chad,"Skanderbeg, Yes Chad, Albania, 476-1492, Monarch",425761
4_Yes_Chad/12472,Yes_Chad,"Skin Cancer Chad, Yes Chad, Injured and Dead",142680
4_Yes_Chad/12473,Yes_Chad,"Skinhead, Yes Chad, Authoritarian Right, National-Socialism",7896
4_Yes_Chad/12474,Yes_Chad,"Slavic Chad, Yes Chad, -3000-476, Europe",292528
4_Yes_Chad/12475,Yes_Chad,"Socrates, Yes Chad, -3000-476, Greece, Philosophy",170460
4_Yes_Chad/12476,Yes_Chad,"Soka Chad, Yes Chad, Cartoon, The Last Airbender",110448
4_Yes_Chad/12477,Yes_Chad,"Sokka, Yes Chad, Cartoon, The Last Airbender",157051
4_Yes_Chad/12478,Yes_Chad,"Soldier, Yes Chad, Video Game, Team Fortress 2",75993
4_Yes_Chad/12479,Yes_Chad,"Soldier, Yes Chad, Video Game, Team Fortress 2",75993
4_Yes_Chad/12480,Yes_Chad,"Somalia Chad, Yes Chad, Africa, Somalia",167760
4_Yes_Chad/12481,Yes_Chad,"Somali Chad, Yes Chad, Africa, Somalia",347935
4_Yes_Chad/12482,Yes_Chad,"Somaliland Chad, Yes Chad, Somalia, Africa",449524
4_Yes_Chad/12483,Yes_Chad,"Somaliland Chad, Yes Chad, Africa, Somalia",90115
4_Yes_Chad/12484,Yes_Chad,"Soomer Chad, Yes Chad, Iraq, Middle East, -3000-476",66085
4_Yes_Chad/12485,Yes_Chad,"Sor Juana Inés de la Cruz, Yes Chad, Mexico, Christianism, 1492-1789",107159
4_Yes_Chad/12486,Yes_Chad,"South Chile chad (country or ranchero) , Yes Chad, Chile, South America",506954
4_Yes_Chad/12487,Yes_Chad,"Southern Man Yes Chad, Yes Chad, New Zealand, Pacific",366246
4_Yes_Chad/12488,Yes_Chad,"Southern Russia Chad, Yes Chad, Russia, Europe",25769
4_Yes_Chad/12489,Yes_Chad,"Southland Rugby, Yes Chad, Sport, United Kingdom",149872
4_Yes_Chad/12490,Yes_Chad,"Soviet Hazmat Chad, Yes Chad, Soviet Union, Hazmat, 1980-1990",176111
4_Yes_Chad/12491,Yes_Chad,"Soviet Revolutionary, Yes Chad, Soviet Union, 1914-1918, Revolution",607118
4_Yes_Chad/12492,Yes_Chad,"Soviet Revolutionary, Yes Chad, Soviet Union, 1914-1918, Revolution",607118
4_Yes_Chad/12493,Yes_Chad,"Soviet Soldier, Yes Chad, Red Army, Soviet Union, 1939-1945",133997
4_Yes_Chad/12494,Yes_Chad,"Soviet Soldier Chad, Yes Chad, 1939-1945, Soviet Union, Red Army",534921
4_Yes_Chad/12495,Yes_Chad,"Soviet Soldier, Yes Chad, Red Army, Soviet Union, 1939-1945",133997
4_Yes_Chad/12496,Yes_Chad,"Soviet Submariner Chad, Yes Chad, Soviet Union, Red Army, Ocean, 1960-1970",293194
4_Yes_Chad/12497,Yes_Chad,"Soyjak Chad, Yes Chad, Template",62018
4_Yes_Chad/12498,Yes_Chad,"Soyjak Chad, Yes Chad, Template",88035
4_Yes_Chad/12499,Yes_Chad,"Soyjak Chad, Yes Chad, Template",88035
4_Yes_Chad/12500,Yes_Chad,"SpaceX Chad, Yes Chad, Space, Brands, 2010-2020",2217534
4_Yes_Chad/12501,Yes_Chad,"Spanish Chad, Yes Chad, Spain, Europe",127137
4_Yes_Chad/12502,Yes_Chad,"Spartan Soldier, Yes Chad, Greece, -3000-476",397534
4_Yes_Chad/12503,Yes_Chad,"Special Forces Chad, Yes Chad, Other Army (Europe)",1009189
4_Yes_Chad/12504,Yes_Chad,"Split Pea, Yes Chad, Video Game, Plants vs. Zombies",27409
4_Yes_Chad/12505,Yes_Chad,"SpongeBob chad, Yes Chad, Cartoon, SpongeBob SquarePants",120583
4_Yes_Chad/12506,Yes_Chad,"Spongebob shrek , Yes Chad, Monster, SpongeBob SquarePants, Shrek",581019
4_Yes_Chad/12507,Yes_Chad,"Spurdo Sparde, Yes Chad, Finland, Internet, Meme",235428
4_Yes_Chad/12508,Yes_Chad,"Squidward Chad, Yes Chad, Cartoon, SpongeBob SquarePants",57583
4_Yes_Chad/12509,Yes_Chad,"Sri Vaishnav (Adikshith), Yes Chad, Hinduism",84477
4_Yes_Chad/12510,Yes_Chad,"S.T.A.L.K.E.R Chad, Yes Chad, Video Game, S.T.A.L.K.E.R",114669
4_Yes_Chad/12511,Yes_Chad,"Stannis Baratheon Chad, Yes Chad, Fantasy, Movie and TV Show, Game of Thrones",122366
4_Yes_Chad/12512,Yes_Chad,"Starlight Glimmer Chad, Yes Chad, Cartoon, My Little Pony",189705
4_Yes_Chad/12513,Yes_Chad,"St.Charles Barromeo, Yes Chad, Religious Authority, Italy, 1492-1789, Christianism",188729
4_Yes_Chad/12514,Yes_Chad,"St. Dymphna, Yes Chad, Christianism, 476-1492, Ireland, Religious Authority",72224
4_Yes_Chad/12515,Yes_Chad,"Steampunk Chad, Yes Chad, Steampunk",551696
4_Yes_Chad/12516,Yes_Chad,"Stéphane Bern Chad, Yes Chad, 2010-2020, France",358626
4_Yes_Chad/12517,Yes_Chad,"Stereoelladitis, Yes Chad, Greece, 1821-1914",4502
4_Yes_Chad/12518,Yes_Chad,"Steve Chad, Yes Chad, Video Game, Minecraft",40891
4_Yes_Chad/12519,Yes_Chad,"Strasserist Chad, Yes Chad, Authoritarian Left, Germany, 1918-1939",146469
4_Yes_Chad/12520,Yes_Chad,"St Thomas Aquinas Chad, Yes Chad, Italy, Christianism, Philosophy, 476-1492",310001
4_Yes_Chad/12521,Yes_Chad,"Sudanese Arab Chad, Yes Chad, Africa, Sudan",159102
4_Yes_Chad/12522,Yes_Chad,"Sudanese Chad, Yes Chad, Africa, Sudan",122272
4_Yes_Chad/12523,Yes_Chad,"Sudanese Chad, Yes Chad, Africa, Sudan",186199
4_Yes_Chad/12524,Yes_Chad,"Sudani Arab Chad, Yes Chad, Sudan, Africa",257842
4_Yes_Chad/12525,Yes_Chad,"Sufi, Yes Chad, Middle East, Islam",91871
4_Yes_Chad/12526,Yes_Chad,"Suit Chad, Yes Chad, Civilian (Adult)",122624
4_Yes_Chad/12527,Yes_Chad,"Sulista Chad, Yes Chad, Brazil, South America",65340
4_Yes_Chad/12528,Yes_Chad,"Sumerian Chad, Yes Chad, Iraq, Middle East, -3000-476",125806
4_Yes_Chad/12529,Yes_Chad,"Sun-shroom, Yes Chad, Video Game, Plants vs. Zombies",103514
4_Yes_Chad/12530,Yes_Chad,"Surena Chad, Yes Chad, Iran, -3000-476",371155
4_Yes_Chad/12531,Yes_Chad,"Suspicious Chad, Yes Chad, Civilian (Adult)",53954
4_Yes_Chad/12532,Yes_Chad,"Svan Chad, Yes Chad, Europe",197855
4_Yes_Chad/12533,Yes_Chad,"Swedish Aryan Chad, Yes Chad, Sweden, Autochthonous, Scandinavia",83075
4_Yes_Chad/12534,Yes_Chad,"Swedish Chad, Yes Chad, Sweden, Scandinavia, Europe",210547
4_Yes_Chad/12535,Yes_Chad,"Swedish Empire Chad, Yes Chad, Sweden, Other Army (Europe), 1789-1821",25543
4_Yes_Chad/12536,Yes_Chad,"Symon Petlura Chad, Yes Chad, Ukraine, Armed Forces of Ukraine, 1918-1939",606401
4_Yes_Chad/12537,Yes_Chad,"Syria chad, Yes Chad, Middle East, Syria",291389
4_Yes_Chad/12538,Yes_Chad,"Taharqa Chad, Yes Chad, -3000-476, Ancient Egypt, Sudan, Monarch",187371
4_Yes_Chad/12539,Yes_Chad,"Tajik Chad, Yes Chad, Asia, Tajikistan",23435
4_Yes_Chad/12540,Yes_Chad,"Tajik Chad, Yes Chad, Asia, Tajikistan",10241
4_Yes_Chad/12541,Yes_Chad,"Tajik Chad, Yes Chad, Asia, Tajikistan",10241
4_Yes_Chad/12542,Yes_Chad,"Taliban Chad 2, Yes Chad, Afghanistan, Terrorism",40438
4_Yes_Chad/12543,Yes_Chad,"Taliban Chad, Yes Chad, Afghanistan, Terrorism",37641
4_Yes_Chad/12544,Yes_Chad,"Template Chad, Yes Chad, Template",249763
4_Yes_Chad/12545,Yes_Chad,"Template Chad, Yes Chad, Template",54457
4_Yes_Chad/12546,Yes_Chad,"Template Chad, Yes Chad, Template",54457
4_Yes_Chad/12547,Yes_Chad,"Tenshi Chad (Angel Beats), Yes Chad, Anime",361249
4_Yes_Chad/12548,Yes_Chad,"Terrorist Chad, Yes Chad, Middle East, Terrorism, Islam",474353
4_Yes_Chad/12549,Yes_Chad,"Texan Chad, Yes Chad, North America, United States, Texas",52179
4_Yes_Chad/12550,Yes_Chad,"The Bandaid Doomer, Yes Chad, Internet",181650
4_Yes_Chad/12551,Yes_Chad,"The Barbarian Chad, Yes Chad, Fantasy",587038
4_Yes_Chad/12552,Yes_Chad,"The British Soldier Chad, Yes Chad, 1914-1918, United Kingdom, British Armed Forces",70771
4_Yes_Chad/12553,Yes_Chad,"The Chad Behind The Slaughter, Yes Chad, Video Game, Five Nights at Freddy's",30913
4_Yes_Chad/12554,Yes_Chad,"The Chad ""Marina"", Yes Chad, Mexico, Other Army (South And Central America)",354043
4_Yes_Chad/12555,Yes_Chad,"The Cyborg Chad, Yes Chad, Futuristic, Robot",353909
4_Yes_Chad/12556,Yes_Chad,"The Dangerous Cultist, Yes Chad, Post Apocalyptic",283233
4_Yes_Chad/12557,Yes_Chad,"The Eldritch Flesh, Yes Chad, Monster, Injured and Dead, Monster, Brainlet",251114
4_Yes_Chad/12558,Yes_Chad,"The Helltaker Chad, Yes Chad, Video Game, Helltaker",27979
4_Yes_Chad/12559,Yes_Chad,"The Hollow Knight, Yes Chad, Video Game, Hollow Knight",12803
4_Yes_Chad/12560,Yes_Chad,"The Hollow Knight, Yes Chad, Video Game, Hollow Knight",12803
4_Yes_Chad/12561,Yes_Chad,"The Jocks, Yes Chad, Meme, Full Body, Group",528024
4_Yes_Chad/12562,Yes_Chad,"The Mutant, Yes Chad, Post Apocalyptic, Injured and Dead",69126
4_Yes_Chad/12563,Yes_Chad,"The Nameless King, Yes Chad, Fantasy, Video Game, Dark Souls",30106
4_Yes_Chad/12564,Yes_Chad,"The Napoleonic British Soldier Chad, Yes Chad, 1789-1821, British Armed Forces, United Kingdom",346704
4_Yes_Chad/12565,Yes_Chad,"The Prince, Yes Chad, Fantasy, Futuristic",49621
4_Yes_Chad/12566,Yes_Chad,"Theron Shan, Yes Chad, Star Wars, Space, Futuristic",10170
4_Yes_Chad/12567,Yes_Chad,"The Sovereign (Venture Bros), Yes Chad, Cartoon",164053
4_Yes_Chad/12568,Yes_Chad,"Thessalonican, Yes Chad, Greece, Europe",19685
4_Yes_Chad/12569,Yes_Chad,"The Wrestler Chad (Rythm Game), Yes Chad, Video Game, Music",40638
4_Yes_Chad/12570,Yes_Chad,"The Yes Elite Guard, Yes Chad, The Ever-Expanding Bunker, Elite Guard (The Ever-Expanding Bunker)",87127
4_Yes_Chad/12571,Yes_Chad,"Thiyyar Chad, Yes Chad, Hinduism, India",66363
4_Yes_Chad/12572,Yes_Chad,"Thor Chad, Yes Chad, Scandinavia, Comics, Mythology, Marvel",748080
4_Yes_Chad/12573,Yes_Chad,"Tinfoil Chad, Yes Chad, Meme, Strange",363028
4_Yes_Chad/12574,Yes_Chad,"Titoist Chad, Yes Chad, Yugoslavia, Authoritarian Left (Political Compass), 1970-1980, Political Compass",123521
4_Yes_Chad/12575,Yes_Chad,"Tlaxcalan Prince Xicohténcatl Axayacatzin, Yes Chad, 1492-1789, Mexico, Autochthonous",306957
4_Yes_Chad/12576,Yes_Chad,"Toadsworth, Yes Chad, Video Game, Super Mario, Nintendo",52936
4_Yes_Chad/12577,Yes_Chad,"Tom Angelripper, Yes Chad, Germany, 1990-2000, Music",113532
4_Yes_Chad/12578,Yes_Chad,"Tomoe Gozen, Yes Chad, Japan, Knight, 476-1492",195099
4_Yes_Chad/12579,Yes_Chad,"Top Hat Chad, Yes Chad, United Kingdom, Nobility and Bourgeoisie",109941
4_Yes_Chad/12580,Yes_Chad,"Tounsi dhmazigh, Yes Chad, Tunisia, Autochthonous, -3000-476",181611
4_Yes_Chad/12581,Yes_Chad,"Tourist Chad, Yes Chad, Tourism",478909
4_Yes_Chad/12582,Yes_Chad,"Traditionnal Jewish Chad, Yes Chad, Judaism, Israel",194391
4_Yes_Chad/12583,Yes_Chad,"Traditionnal Kabylian Chad, Yes Chad, Kabylia, Algeria",18231
4_Yes_Chad/12584,Yes_Chad,"Trainer, Yes Chad, Video Game, Nintendo, Pokemon",46582
4_Yes_Chad/12585,Yes_Chad,"Trainer, Yes Chad, Video Game, Nintendo, Pokemon",279815
4_Yes_Chad/12586,Yes_Chad,"Trainer Chad, Yes Chad, Nintendo, Video Game, Pokemon",83962
4_Yes_Chad/12587,Yes_Chad,"Trainer Chad, Yes Chad, Nintendo, Video Game, Pokemon",140335
4_Yes_Chad/12588,Yes_Chad,"Trans Centrist Chad, Yes Chad, LGBT+, Centrism",86456
4_Yes_Chad/12589,Yes_Chad,"Trench Chad, Yes Chad, 1914-1918, France, Armée Française",31320
4_Yes_Chad/12590,Yes_Chad,"Trollface Chad, Yes Chad, Meme",61968
4_Yes_Chad/12591,Yes_Chad,"Tuman bay I, Yes Chad, Egypt, 476-1492, Monarch",247427
4_Yes_Chad/12592,Yes_Chad,"Tunisian Chad, Yes Chad, Africa, Tunisia",234728
4_Yes_Chad/12593,Yes_Chad,"Tunisian Jlass, Yes Chad, Africa, Tunisia",36362
4_Yes_Chad/12594,Yes_Chad,"Turkish Chad Man, Yes Chad, Turkey, Civilian (Adult)",164370
4_Yes_Chad/12595,Yes_Chad,"Turkmen chad, Yes Chad, Turkmenistan, Asia",450147
4_Yes_Chad/12596,Yes_Chad,"Tyler Perry, Yes Chad, Movie and TV Show, United States, 2010-2020, Art",54219
4_Yes_Chad/12597,Yes_Chad,"Typical French Chad, Yes Chad, France, Europe",251307
4_Yes_Chad/12598,Yes_Chad,"Ukrainian Chad, Yes Chad, Armed Forces of Ukraine, Ukraine, 2020-2030",1120427
4_Yes_Chad/12599,Yes_Chad,"Ukrainian Nationalist Chad, Yes Chad, Authoritarian Right, Ukraine",462555
4_Yes_Chad/12600,Yes_Chad,"Ulysses, Yes Chad, Post Apocalyptic, Fallout : New Vegas",113360
4_Yes_Chad/12601,Yes_Chad,"Umayyad Knight, Yes Chad, Knight, 476-1492, Syria",250314
4_Yes_Chad/12602,Yes_Chad,"Uncle Grandpa Chad, Yes Chad, Cartoon",162078
4_Yes_Chad/12603,Yes_Chad,"Uncle Sam Chad, Yes Chad, 1939-1945, United States, Festivity",135756
4_Yes_Chad/12604,Yes_Chad,"Union Soldier Chad, Yes Chad, United States, American Civil War, 1821-1914",110184
4_Yes_Chad/12605,Yes_Chad,"UN Soldier, Yes Chad, United Nations",135220
4_Yes_Chad/12606,Yes_Chad,"Urals Chad, Yes Chad, Russia, Europe",28342
4_Yes_Chad/12607,Yes_Chad,"Uruguayan Chad, Yes Chad, South America, Uruguay",104266
4_Yes_Chad/12608,Yes_Chad,"USF Chad, Yes Chad, 2020-2030, France",43766
4_Yes_Chad/12609,Yes_Chad,"US Veteran Marine, Yes Chad, United States, United States Army",147540
4_Yes_Chad/12610,Yes_Chad,"Uzbek Chad, Yes Chad, Asia, Uzbekistan",418176
4_Yes_Chad/12611,Yes_Chad,"Vaishnava Nair, Yes Chad, Hinduism, India",187814
4_Yes_Chad/12612,Yes_Chad,"Vault Tec Rep Chad, Yes Chad, Post Apocalyptic, Fallout, Civilian (Adult)",285724
4_Yes_Chad/12613,Yes_Chad,"Veershaiva, Yes Chad, Asia, India, Hinduism",377090
4_Yes_Chad/12614,Yes_Chad,"Venezuelan Chad, Yes Chad, Venezuela, South America",14475
4_Yes_Chad/12615,Yes_Chad,"Venezuelan Chad, Yes Chad, South America, Venezuela",143164
4_Yes_Chad/12616,Yes_Chad,"Venezuelan Chad FANB Soldier, Yes Chad, National Bolivarian Armed Forces of Venezuela, Venezuela",122064
4_Yes_Chad/12617,Yes_Chad,"Vergil Chad, Yes Chad, Video Game, Devil May Cry",266601
4_Yes_Chad/12618,Yes_Chad,"Victorian Chad, Yes Chad, 1821-1914, Nobility and Bourgeoisie",12913
4_Yes_Chad/12619,Yes_Chad,"Vietnamese Chad, Yes Chad, Vietnam, Asia",57447
4_Yes_Chad/12620,Yes_Chad,"Viking chad, Yes Chad, Scandinavia, Knight, 476-1492",59193
4_Yes_Chad/12621,Yes_Chad,"Viking Chad, Yes Chad, Viking, 476-1492",535802
4_Yes_Chad/12622,Yes_Chad,"Villager Chad, Yes Chad, Video Game, Minecraft",5646
4_Yes_Chad/12623,Yes_Chad,"Viniccius13 , Yes Chad, Minecraft, Brazil, Internet",87560
4_Yes_Chad/12624,Yes_Chad,"Virgem Maria Chad, Yes Chad, -3000-476, Protestantism, Christianism, Orthodox, Mythology",61188
4_Yes_Chad/12625,Yes_Chad,"Vizier Ancient Egypt, Yes Chad, Ancient Egypt, -3000-476, Other Sovereign Title",231756
4_Yes_Chad/12626,Yes_Chad,"Vlachos, Yes Chad, Greece, 1821-1914",18395
4_Yes_Chad/12627,Yes_Chad,"Vlad III, Yes Chad, Romania, Monarch, 476-1492",278397
4_Yes_Chad/12628,Yes_Chad,"Vladimir Putin Chad, Yes Chad, Russia, President, Authoritarian Right, 2010-2020",61914
4_Yes_Chad/12629,Yes_Chad,"Vlaspatta Karamazov, Yes Chad, Internet, Youtube, Brazil",113574
4_Yes_Chad/12630,Yes_Chad,"VMRO Loyalist Chad, Yes Chad, Macedonia, Other Army (Europe), 1918-1939",55273
4_Yes_Chad/12631,Yes_Chad,"Volga Russian Chad, Yes Chad, Russia, Europe",23523
4_Yes_Chad/12632,Yes_Chad,"Volodymyr Zelensky, Yes Chad, 2020-2030, Ukraine, President",67323
4_Yes_Chad/12633,Yes_Chad,"Waffen SS, Yes Chad, National-Socialism",178388
4_Yes_Chad/12634,Yes_Chad,"Wehrmacht Soldier Chad, Yes Chad, 1939-1945, Deutsches Heer, The Third Reich",294424
4_Yes_Chad/12635,Yes_Chad,"Whermacht Soldier Chad, Yes Chad, 1939-1945, The Third Reich, Deutsches Heer",385488
4_Yes_Chad/12636,Yes_Chad,"White Hair Hipster Chad, Yes Chad, Civilian (Adult)",298102
4_Yes_Chad/12637,Yes_Chad,"White Saudi Muslim Chad, Yes Chad, Middle East, Saudi Arabia, Islam",303752
4_Yes_Chad/12638,Yes_Chad,"William T. Sherman Chad, Yes Chad, 1821-1914, United States, United States Army, American Civil War",410805
4_Yes_Chad/12639,Yes_Chad,"Winston Churchill Chad, Yes Chad, United Kingdom, Prime Minister, 1939-1945",127899
4_Yes_Chad/12640,Yes_Chad,"Witch King, Yes Chad, Movie and TV Show, The Lord of the Rings, Fantasy",48038
4_Yes_Chad/12641,Yes_Chad,"Withered Chad, Yes Chad, Template",192244
4_Yes_Chad/12642,Yes_Chad,"Withered Chad French Légionnaire , Yes Chad, France, Armée Française, 1821-1914",688580
4_Yes_Chad/12643,Yes_Chad,"Withered Chad Girl, Yes Chad, Template",69899
4_Yes_Chad/12644,Yes_Chad,"Withered Chad , Yes Chad, Template",49781
4_Yes_Chad/12645,Yes_Chad,"Withered Mountain Chad, Yes Chad, Post Apocalyptic",197773
4_Yes_Chad/12646,Yes_Chad,"Woman Chad, Yes Chad, Civilian (Adult)",45410
4_Yes_Chad/12647,Yes_Chad,"Woman Sidecut Chad, Yes Chad, Civilian (Teenager)",661121
4_Yes_Chad/12648,Yes_Chad,"Yaghmurasen ibn Zyan, Yes Chad, Algeria, Despot, 476-1492",37190
4_Yes_Chad/12649,Yes_Chad,"Yellow Toad, Yes Chad, Video Game, Super Mario, Nintendo",61900
4_Yes_Chad/12650,Yes_Chad,"Yes Chad Alexander Lukashenko, Yes Chad, Belarus, 2010-2020, Despot",323946
4_Yes_Chad/12651,Yes_Chad,"Yes Chad - Aryan, Yes Chad, 1939-1945, The Third Reich",244596
4_Yes_Chad/12652,Yes_Chad,"Yes Chad Jat, Yes Chad, India, Hinduism, Asia, Pakistan",148504
4_Yes_Chad/12653,Yes_Chad,"Yes Chad Squidward, Yes Chad, Cartoon, SpongeBob SquarePants, Ocean",28496
4_Yes_Chad/12654,Yes_Chad,"Yes Chad Template, Yes Chad, Template",19504
4_Yes_Chad/12655,Yes_Chad,"Yes Chad USA, Yes Chad, North America, United States",52038
4_Yes_Chad/12656,Yes_Chad,"Yogi Chad, Yes Chad, India, Asia",348528
4_Yes_Chad/12657,Yes_Chad,"Young Muammar Gaddafi chad, Yes Chad, Lybia, Other Army (Africa), 1970-1980",222726
4_Yes_Chad/12658,Yes_Chad,"YPG yes chad, Yes Chad, Kurdistan, Militia Forces, 2010-2020",97878
4_Yes_Chad/12659,Yes_Chad,"Yugoslavian Officer Chad, Yes Chad, Yugoslav People's Army, Yugoslavia, 1960-1970",358525
4_Yes_Chad/12660,Yes_Chad,"Yusuf Pasha Karamanli , Yes Chad, Lybia, Monarch, 1789-1821",319728
4_Yes_Chad/12661,Yes_Chad,"Zane (Lego Ninjago), Yes Chad, Cartoon, Toy",150785
4_Yes_Chad/12662,Yes_Chad,"Za Warudo, Yes Chad, Anime, JoJo's Bizarre Adventure",147204
4_Yes_Chad/12663,Yes_Chad,"Zayyanid knight, Yes Chad, Algeria, 476-1492, Knight",290521
4_Yes_Chad/12664,Yes_Chad,"Zianid Sultan, Yes Chad, Algeria, Imperial, 476-1492",96581
4_Yes_Chad/12665,Yes_Chad,"Zianid Sultan, Yes Chad, Algeria, Imperial, 476-1492",119838
4_Yes_Chad/12666,Yes_Chad,"Zombie with a traffic cone, Yes Chad, Video Game, Plants vs. Zombies",250963
4_Yes_Chad/12667,Yes_Chad,"Zoot Chad, Yes Chad, 1939-1945, Music, United States",672947
4_Yes_Chad/12668,Yes_Chad,"Zoroastrian Chad, Yes Chad, Iran, India",231233
5_Abusive_Wife/10794,Abusive_Wife,"1st Brigade Iraqi , Abusive Wife, Iraq, Royal Iraqi Army",180992
5_Abusive_Wife/10795,Abusive_Wife,"Abigail Brand, Abusive Wife, Comics, Invincible",415470
5_Abusive_Wife/10796,Abusive_Wife,"Abigail ""Misty"" Briarton, Abusive Wife, Video Game, First-Person Shooter, Call Of Duty",316943
5_Abusive_Wife/10797,Abusive_Wife,"Abusive British Soldier, Abusive Wife, 1914-1918, United Kingdom, British Armed Forces",168864
5_Abusive_Wife/10798,Abusive_Wife,"Abusive Chad Rosie, Abusive Wife, Worker, United States, 1939-1945",454271
5_Abusive_Wife/10799,Abusive_Wife,"Abusive Daisi, Abusive Wife, Nintendo, Video Game, Super Mario",71034
5_Abusive_Wife/10800,Abusive_Wife,"Abusive Demoness, Abusive Wife, Demon",69627
5_Abusive_Wife/10801,Abusive_Wife,"Abusive Demon, Abusive Wife, Fantasy, Demon",243225
5_Abusive_Wife/10802,Abusive_Wife,"Abusive Elvira (Elvira, Mistress of the Dark), Abusive Wife, Movie and TV Show, Monster",253240
5_Abusive_Wife/10803,Abusive_Wife,"Abusive Female CEO, Abusive Wife, Liberal Right, Corporation",221350
5_Abusive_Wife/10804,Abusive_Wife,"Abusive Pokemon Trainer, Abusive Wife, Video Game, Pokemon, Nintendo",126223
5_Abusive_Wife/10805,Abusive_Wife,"Abusive Pokemon Trainer, Abusive Wife, Pokemon, Nintendo, Video Game",158251
5_Abusive_Wife/10806,Abusive_Wife,"Abusive Pokemon Trainer, Abusive Wife, Pokemon, Nintendo, Video Game",158251
5_Abusive_Wife/10807,Abusive_Wife,"Abusive Psychologist, Abusive Wife, Medical, Employee",141424
5_Abusive_Wife/10808,Abusive_Wife,"Abusive Queen, Abusive Wife, 476-1492, Monarch",131481
5_Abusive_Wife/10809,Abusive_Wife,"Abusive Streamer, Abusive Wife, Youtube, Internet",295145
5_Abusive_Wife/10810,Abusive_Wife,"Abusive Surgeon, Abusive Wife, Medical",5100
5_Abusive_Wife/10811,Abusive_Wife,"Abusive Trans, Abusive Wife, LGBT+",555216
5_Abusive_Wife/10812,Abusive_Wife,"Abusive Wife, Abusive Wife, Civilian (Adult)",32984
5_Abusive_Wife/10813,Abusive_Wife,"Abusive Wife HD, Abusive Wife, Template",1021749
5_Abusive_Wife/10814,Abusive_Wife,"Abusive Wife , Abusive Wife, Civilian (Adult)",157191
5_Abusive_Wife/10815,Abusive_Wife,"Abusive Wife, Abusive Wife, Template",51896
5_Abusive_Wife/10816,Abusive_Wife,"Abusive Wife Steampunk, Abusive Wife, Steampunk",82374
5_Abusive_Wife/10817,Abusive_Wife,"Abusive Wife With A Beanies, Abusive Wife, Civilian (Teenager)",113125
5_Abusive_Wife/10818,Abusive_Wife,"Ada Wong, Abusive Wife, Video Game, Resident Evil",159832
5_Abusive_Wife/10819,Abusive_Wife,"Akai Haato, Abusive Wife, Japan, Virtual Youtuber, Youtube",219495
5_Abusive_Wife/10820,Abusive_Wife,"Alberto Fernandez, Abusive Wife, Argentina, 2020-2030, President, Liberal Right",146364
5_Abusive_Wife/10821,Abusive_Wife,"Alice Abusive Wife, Abusive Wife, LGBT+, Internet",17311
5_Abusive_Wife/10822,Abusive_Wife,"Alice Abusive Wife, Abusive Wife, LGBT+, Internet",16874
5_Abusive_Wife/10823,Abusive_Wife,"Alt Reprodoocer, Abusive Wife, Civilian (Adult)",46870
5_Abusive_Wife/10824,Abusive_Wife,"Ana Kasparian, Abusive Wife, United States, 2010-2020, Armenia",305187
5_Abusive_Wife/10825,Abusive_Wife,"Anissa, Abusive Wife, Comics, Invincible",156592
5_Abusive_Wife/10826,Abusive_Wife,"Announcer Helen, Abusive Wife, Video Game, Team Fortress 2",32537
5_Abusive_Wife/10827,Abusive_Wife,"Asuka Langley Sohryu Evangelion, Abusive Wife, Anime, Evangelion",85887
5_Abusive_Wife/10828,Abusive_Wife,"AV (VT harmony), Abusive Wife, Video Game, Post Apocalyptic",548535
5_Abusive_Wife/10829,Abusive_Wife,"Bayonetta, Abusive Wife, Video Game, Nintendo",84605
5_Abusive_Wife/10830,Abusive_Wife,"Black Metal Abusive Wife, Abusive Wife, Music",98537
5_Abusive_Wife/10831,Abusive_Wife,"Blond Abusive Wife, Abusive Wife, Civilian (Adult)",164964
5_Abusive_Wife/10832,Abusive_Wife,"Bong Joon-Ho, Abusive Wife, Movie and TV Show, 2010-2020, Korea",37850
5_Abusive_Wife/10833,Abusive_Wife,"Butterfly of Elleore Abusive Wife, Abusive Wife, Denmark, Music",512341
5_Abusive_Wife/10834,Abusive_Wife,"Celestia Ludenberg, Abusive Wife, Video Game, Danganronpa",115831
5_Abusive_Wife/10835,Abusive_Wife,"Clown Boy, Abusive Wife, Circus",24364
5_Abusive_Wife/10836,Abusive_Wife,"Corona-Chan, Abusive Wife, Medical, 2020-2030, China",76314
5_Abusive_Wife/10837,Abusive_Wife,"Dark Mother, Abusive Wife, Fantasy, Ocean",371241
5_Abusive_Wife/10838,Abusive_Wife,"Demon Abuvive Girl, Abusive Wife, Demon",77056
5_Abusive_Wife/10839,Abusive_Wife,"Dimitrescu Family, Abusive Wife, Video Game, Resident Evil, Group, Monster",133547
5_Abusive_Wife/10840,Abusive_Wife,"Dina Boluarte, Abusive Wife, Peru, Political Figure, President, 2020-2030",36255
5_Abusive_Wife/10841,Abusive_Wife,"Divine, Abusive Wife, Video Game, Hollow Knight",133981
5_Abusive_Wife/10842,Abusive_Wife,"Eleanor of Aquitaine, Abusive Wife, 476-1492, Monarch, France",51999
5_Abusive_Wife/10843,Abusive_Wife,"Elizabeth Comstock, Abusive Wife, Video Game, Bioshock, Ocean, Steampunk",152419
5_Abusive_Wife/10844,Abusive_Wife,"Emma Frost, Abusive Wife, Comics, Marvel",41948
5_Abusive_Wife/10845,Abusive_Wife,"Evolve Micromanger, Abusive Wife, The Ever-Expanding Bunker, Robot",351784
5_Abusive_Wife/10846,Abusive_Wife,"Facing Abusive Wife, Abusive Wife, Template",149459
5_Abusive_Wife/10847,Abusive_Wife,"Fat Abusive Wife, Abusive Wife, Template",139328
5_Abusive_Wife/10848,Abusive_Wife,"Female Groomer, Abusive Wife, Template",371553
5_Abusive_Wife/10849,Abusive_Wife,"Female Titan, Abusive Wife, Anime, Attack On Titan",106378
5_Abusive_Wife/10850,Abusive_Wife,"Greg Heffley's Mom, Abusive Wife, Cartoon",258917
5_Abusive_Wife/10851,Abusive_Wife,"Hive Queen Vespa, Abusive Wife, Video Game, Hollow Knight",169291
5_Abusive_Wife/10852,Abusive_Wife,"Hugging Abusive Wife, Abusive Wife, Group",128283
5_Abusive_Wife/10853,Abusive_Wife,"Isabel II de España, Abusive Wife, Spain, Monarch, 1821-1914",302317
5_Abusive_Wife/10854,Abusive_Wife,"Jessie [Team Rocket], Abusive Wife, Video Game, Nintendo, Pokemon",48241
5_Abusive_Wife/10855,Abusive_Wife,"Kaguya Shinomiya, Abusive Wife, Anime, Love Is War",175226
5_Abusive_Wife/10856,Abusive_Wife,"Kassandra (Assassin's Creed Odyssey), Abusive Wife, Video Game, -3000-476, Greece",265271
5_Abusive_Wife/10857,Abusive_Wife,"Kay, Abusive Wife, Anime, Girls Und Panzer",69621
5_Abusive_Wife/10858,Abusive_Wife,"Lady Alcina Dimitrescu, Abusive Wife, Video Game, Resident Evil, Monster",670570
5_Abusive_Wife/10859,Abusive_Wife,"Lilita Carrio, Abusive Wife, Argentina, Civilian (Adult), 2000-2010, Liberal Left",70955
5_Abusive_Wife/10860,Abusive_Wife,"Ly Abusive Wife (Rayman), Abusive Wife, Video Game, Fantasy",42066
5_Abusive_Wife/10861,Abusive_Wife,"Makima, Abusive Wife, Anime, Chainsaw Man",652823
5_Abusive_Wife/10862,Abusive_Wife,"Malenia (Elden Ring), Abusive Wife, Video Game, Fantasy, Mythology",260388
5_Abusive_Wife/10863,Abusive_Wife,"Mesopotamian Noble Abusive Wife, Abusive Wife, Iraq, -3000-476, Nobility and Bourgeoisie, Autochthonous",115895
5_Abusive_Wife/10864,Abusive_Wife,"Mikasa Ackerman, Abusive Wife, Anime, Attack On Titan",205449
5_Abusive_Wife/10865,Abusive_Wife,"Miroslava (Gambling School), Abusive Wife, Anime",112584
5_Abusive_Wife/10866,Abusive_Wife,"Misato Katsuragi, Abusive Wife, Anime, Evangelion",217935
5_Abusive_Wife/10867,Abusive_Wife,"Mom (Oosmatsu-san), Abusive Wife, Anime, Osomatsu-san",72290
5_Abusive_Wife/10868,Abusive_Wife,"Natalia Poklonskaya, Abusive Wife, Russia, Political Figure, Russian Armed Forces, 2010-2020",58087
5_Abusive_Wife/10869,Abusive_Wife,"Neil Dunkmann (The Last Of Us II), Abusive Wife, Video Game, Post Apocalyptic, LGBT+",67064
5_Abusive_Wife/10870,Abusive_Wife,"Nidali, Abusive Wife, Video Game, League of Legends",116925
5_Abusive_Wife/10871,Abusive_Wife,"Nintendo Abusive Wife, Abusive Wife, Video Game, Nintendo",135716
5_Abusive_Wife/10872,Abusive_Wife,"Niqab Abusive Wife, Abusive Wife, Middle East, Islam",47512
5_Abusive_Wife/10873,Abusive_Wife,"Nude Eve, Abusive Wife, Mythology, Christianism, NSFW",75764
5_Abusive_Wife/10874,Abusive_Wife,"Old Abusive Wife, Abusive Wife, Civilian (Eldery)",16636
5_Abusive_Wife/10875,Abusive_Wife,"Paul McCartney, Abusive Wife, 1960-1970, Music, United Kingdom",152892
5_Abusive_Wife/10876,Abusive_Wife,"Pavolia Reine, Abusive Wife, Japan, Virtual Youtuber, Youtube",123135
5_Abusive_Wife/10877,Abusive_Wife,"Peko Mama, Abusive Wife, Japan, Virtual Youtuber, Youtube",154241
5_Abusive_Wife/10878,Abusive_Wife,"Portuguese Abusive Wife, Abusive Wife, Europe, Portugal",12845
5_Abusive_Wife/10879,Abusive_Wife,"Puritan Abusive Wife, Abusive Wife, United Kingdom, 1492-1789, Protestantism",79065
5_Abusive_Wife/10880,Abusive_Wife,"Queen of Light, Abusive Wife, Video Game, Terraria",72438
5_Abusive_Wife/10881,Abusive_Wife,"Rin Tohsaka, Abusive Wife, Anime, Fate",227920
5_Abusive_Wife/10882,Abusive_Wife,"Rosie Abusive Wife, Abusive Wife, United States, 1939-1945, Worker",334051
5_Abusive_Wife/10883,Abusive_Wife,"Serena Abusive Wife, Abusive Wife, Video Game, Nintendo, Pokemon",42620
5_Abusive_Wife/10884,Abusive_Wife,"Shirogane Noel, Abusive Wife, Youtube, Virtual Youtuber, Japan",1041777
5_Abusive_Wife/10885,Abusive_Wife,"Shishiro Botan, Abusive Wife, Youtube, Virtual Youtuber, Japan",863233
5_Abusive_Wife/10886,Abusive_Wife,"Sleeping Abusive Wife, Abusive Wife, Civilian (Adult)",43873
5_Abusive_Wife/10887,Abusive_Wife,"Soviet Girl Soldier, Abusive Wife, Soviet Union, Red Army, 1939-1945",303044
5_Abusive_Wife/10888,Abusive_Wife,"Terraria Streamer, Abusive Wife, Video Game, Terraria, Youtube, Internet",95006
5_Abusive_Wife/10889,Abusive_Wife,"Teser The Iraqi, Abusive Wife, Iraq, Middle East",228205
5_Abusive_Wife/10890,Abusive_Wife,"The HR Nun Convent, Abusive Wife, The Ever-Expanding Bunker, Religious Authority, Christianism",102103
5_Abusive_Wife/10891,Abusive_Wife,"The Mantis Lord, Abusive Wife, Video Game, Hollow Knight",122472
5_Abusive_Wife/10892,Abusive_Wife,"The Micromanager, Abusive Wife, The Ever-Expanding Bunker",116200
5_Abusive_Wife/10893,Abusive_Wife,"The NeoCrat Elite, Abusive Wife, Fantasy, Futuristic",56492
5_Abusive_Wife/10894,Abusive_Wife,"The Orange Abusive Girl, Abusive Wife, Template, The Ever-Expanding Bunker",376259
5_Abusive_Wife/10895,Abusive_Wife,"The Pirate Queen, Abusive Wife, Pirate, 476-1492, Ocean",283378
5_Abusive_Wife/10896,Abusive_Wife,"The Poisoner, Abusive Wife, Criminal",508138
5_Abusive_Wife/10897,Abusive_Wife,"The Top Girl Spitter, Abusive Wife, Monster",415952
5_Abusive_Wife/10898,Abusive_Wife,"Tired Abusive Artist, Abusive Wife, Art",24128
5_Abusive_Wife/10899,Abusive_Wife,"Tracer, Abusive Wife, Video Game, Overwatch",21674
5_Abusive_Wife/10900,Abusive_Wife,"Wonder Woman, Abusive Wife, Comics, DC",474593
5_Abusive_Wife/10901,Abusive_Wife,"Yuzuki Choco, Abusive Wife, Youtube, Virtual Youtuber, Japan",950118
5_Abusive_Wife/10902,Abusive_Wife,"Yuzuki Choco, Abusive Wife, Youtube, Virtual Youtuber, Japan",43516
5_Abusive_Wife/10903,Abusive_Wife,"Yuzuki Choco, Abusive Wife, Youtube, Virtual Youtuber, Japan",43516
5_Alien/13134,Alien,"Alien, Alien, Movie and TV Show, Futuristic, Space",24211
5_Alien/13135,Alien,"Alien Businessman, Alien, Corporation, Space",50693
5_Alien/13136,Alien,"Alien, Alien, Space",10277
5_Alien/13137,Alien,"Alien Soyjak, Alien, Space",7092
5_Alien/13138,Alien,"Alien Wojak, Alien, Template",9524
5_Alien/13139,Alien,"Annihilus, Alien, Comics, Marvel",15416
5_Alien/13140,Alien,"Birdperson cyborg, Alien, Rick and Morty, Cartoon, Space, Robot",1152646
5_Alien/13141,Alien,"Bojack, Alien, Anime, Dragon Ball",122952
5_Alien/13142,Alien,"Bonnie (Lilo & Stitch), Alien, Cartoon, Disney",30638
5_Alien/13143,Alien,"Bragg (Lilo & Stitch), Alien, Cartoon, Disney",197389
5_Alien/13144,Alien,"Brandon the Alien, Alien, Space",64300
5_Alien/13145,Alien,"Brood, Alien, Comics, Marvel, Brainlet",22900
5_Alien/13146,Alien,"Cosmic Ghost Rider, Alien, Comics, Marvel",26408
5_Alien/13147,Alien,"Dark End (Lilo & Stitch), Alien, Cartoon, Disney",401972
5_Alien/13148,Alien,"Darth Plagueis, Alien, Movie and TV Show, Futuristic, Star Wars, Space",75523
5_Alien/13149,Alien,"Definitely Human, Alien, Masked, The Ever-Expanding Bunker",135517
5_Alien/13150,Alien,"Ginyû, Alien, Dragon Ball, Anime",17665
5_Alien/13151,Alien,"Gladiator, Alien, Comics, Marvel",22390
5_Alien/13152,Alien,"Grey Alien, Alien, Space",70489
5_Alien/13153,Alien,"Groot, Alien, Comics, Marvel",46826
5_Alien/13154,Alien,"Jawa, Alien, Star Wars, Space, Futuristic",41379
5_Alien/13155,Alien,"Kyjak, Alien, Strange",17184
5_Alien/13156,Alien,"Leroy (Lilo & Stitch), Alien, Cartoon, Disney",188046
5_Alien/13157,Alien,"Martian Manhunter, Alien, Comics, DC",345089
5_Alien/13158,Alien,"Mexican Alien, Alien, Mexico, Space, Central America",102321
5_Alien/13159,Alien,"Navi (Avatar), Alien, Movie and TV Show, Futuristic, Space, Avatar",1008699
5_Alien/13160,Alien,"Nihilanth, Alien, Video Game, Half Life",81764
5_Alien/13161,Alien,"Piccolo Postboy, Alien, Dragon Ball, Anime, Full Body",284975
5_Alien/13162,Alien,"Posadist Space Comrade, Alien, Political Compass, Authoritarian Left (Political Compass), Space",30983
5_Alien/13163,Alien,"Ronan The Accuser, Alien, Comics, Marvel",26013
5_Alien/13164,Alien,"Salarian, Alien, Video Game, Mass Effect, Space",104404
5_Alien/13165,Alien,"Sith Pureblood, Alien, Space, Futuristic, Star Wars",47010
5_Alien/13166,Alien,"Smug Kreia, Alien, Space, Star Wars, Futuristic",94785
5_Alien/13167,Alien,"Space Alien, Alien, Space",255281
5_Alien/13168,Alien,"Space Racer, Alien, Comics, Invincible",49176
5_Alien/13169,Alien,"Stephano the Alien From K2-18b, Alien, Space, Science",15879
5_Alien/13170,Alien,"Thanos, Alien, Comics, Marvel",63658
5_Alien/13171,Alien,"Thanos, Alien, Comics, Marvel",263878
5_Alien/13172,Alien,"Thanos, Alien, Comics, Marvel",263878
5_Alien/13173,Alien,"The Alien, Alien, Futuristic, Space, Post Apocalyptic",50106
5_Alien/13174,Alien,"The Alien, Alien, Futuristic, Space",66053
5_Alien/13175,Alien,"The Alien, Alien, Futuristic, Space",53098
5_Alien/13176,Alien,"The Alien Brainiaks, Alien, Monster, Strange",36701
5_Alien/13177,Alien,"The Alien Citizen, Alien, Futuristic, Space",66046
5_Alien/13178,Alien,"The Alien Colony, Alien, Futuristic, Space, Group",94767
5_Alien/13179,Alien,"The K'n-yan, Alien, Space",47062
5_Alien/13180,Alien,"The Lost Abomination, Alien, Fantasy, Futuristic",75709
5_Alien/13181,Alien,"The Watcher, Alien, Comics, Marvel, Space",140693
5_Alien/13182,Alien,"They Live Alien Monster Smug Mask, Alien, Strange, Masked",150295
5_Alien/13183,Alien,"Thrawn, Alien, Star Wars, Movie and TV Show, Space",125633
5_Alien/13184,Alien,"Vietnam War US Troop, Alien, United States Army, 1960-1970, Vietnam War, United States, Flamethrower Template",15238
5_Alien/13185,Alien,"Vortigaunt, Alien, Video Game, Half Life",61544
5_Alien/13186,Alien,"Wojak But its used without wokak, Alien, Strange",84430
5_Alien/13187,Alien,"You Are Not Perfect, Alien, Space",393705
5_Alien/13188,Alien,"Zamasu, Alien, Anime, Dragon Ball",284200
5_Alien/13189,Alien,"Zamasu, Alien, Anime, Dragon Ball",284200
5_Animal/9491,Animal,"Aid Sheep Head, Animal, Injured and Dead, Islam, Festivity",43838
5_Animal/9492,Animal,"Alt Furry Doomer Girl, Animal, Internet",5746
5_Animal/9493,Animal,"Angler Oomer Fish, Animal, Ocean",13094
5_Animal/9494,Animal,"Angry Birds Pig, Animal, Video Game",176612
5_Animal/9495,Animal,"Asgore, Animal, Video Game, Undertale",29158
5_Animal/9496,Animal,"Aslan, Animal, Fantasy",16965
5_Animal/9497,Animal,"Asriel, Animal, Video Game, Undertale",27946
5_Animal/9498,Animal,"Background Pony, Animal, Cartoon, My Little Pony",64078
5_Animal/9499,Animal,"Battle Beast, Animal, Comics, Marvel",21020
5_Animal/9500,Animal,"Bear, Animal, Internet",229870
5_Animal/9501,Animal,"Bear, Animal, Farm",111902
5_Animal/9502,Animal,"Bison, Animal, Far West",180444
5_Animal/9503,Animal,"Bloomer Furry, Animal, Internet",64929
5_Animal/9504,Animal,"Blue (Fritz the cat), Animal, Cartoon, Movie and TV Show",490384
5_Animal/9505,Animal,"Blue Harmony Room, Animal, Cartoon, My Little Pony, Room",80904
5_Animal/9506,Animal,"Blue Lobster, Animal, Ocean",275874
5_Animal/9507,Animal,"BoJack Horseman, Animal, Cartoon, BoJack Horseman",62195
5_Animal/9508,Animal,"BoJack Horseman, Animal, Cartoon, BoJack Horseman",17675
5_Animal/9509,Animal,"Boomer Clowfish, Animal, Ocean",248698
5_Animal/9510,Animal,"Boxer, Animal, Farm",2833
5_Animal/9511,Animal,"Bugs Bunny, Animal, Cartoon",25754
5_Animal/9512,Animal,"Burgerpants, Animal, Video Game, Undertale, Brands, Employee, Food and Drink",108247
5_Animal/9513,Animal,"Burgerpants, Animal, Video Game, Undertale, Brands, Food and Drink",111490
5_Animal/9514,Animal,"Burgerpants, Animal, Video Game, Undertale, Brands, Food and Drink",111490
5_Animal/9515,Animal,"Butterfly, Animal, Brainlet",105807
5_Animal/9516,Animal,"Camel, Animal, Africa, Middle East",21899
5_Animal/9517,Animal,"Captain Skurvy, Animal, Video Game, Nintendo, Cartoon",13901
5_Animal/9518,Animal,"Cat, Animal, Farm",131484
5_Animal/9519,Animal,"Cat, Animal, Farm",33125
5_Animal/9520,Animal,"Cat, Animal, Farm",77950
5_Animal/9521,Animal,"Cat Chad, Animal, Farm",91750
5_Animal/9522,Animal,"Cat, Animal, Farm",77950
5_Animal/9523,Animal,"Cat Wojak, Animal, Farm",18175
5_Animal/9524,Animal,"Cazador, Animal, Post Apocalyptic, Fallout : New Vegas",189524
5_Animal/9525,Animal,"Cheems, Animal, Meme",21993
5_Animal/9526,Animal,"Chicken Yes Honey, Animal, Farm",63579
5_Animal/9527,Animal,"Chonky Cat, Animal, Farm",50282
5_Animal/9528,Animal,"Club Penguin Support Group, Animal, Internet, Club Penguin, Group",658854
5_Animal/9529,Animal,"Coomer Cow, Animal, Farm",456560
5_Animal/9530,Animal,"Cow Poljak, Animal, Farm",210868
5_Animal/9531,Animal,"Cow Wojak, Animal, Farm",182339
5_Animal/9532,Animal,"Crab Wojak, Animal, Ocean",147347
5_Animal/9533,Animal,"Crowjak , Animal, Farm",50102
5_Animal/9534,Animal,"Crying Blue Fox, Animal, Internet",13025
5_Animal/9535,Animal,"Crying Fox Furry, Animal, Farm",535683
5_Animal/9536,Animal,"Crying Fox, Animal, Farm",43599
5_Animal/9537,Animal,"Crying Furry, Animal, Internet",37670
5_Animal/9538,Animal,"Crying Furry, Animal, Internet",37767
5_Animal/9539,Animal,"Crying Furry Human <<<<<<<hater, Animal, Internet",627532
5_Animal/9540,Animal,"Crying Furry, Animal, Internet",37767
5_Animal/9541,Animal,"Crying Jerry, Animal, Cartoon",72474
5_Animal/9542,Animal,"Crying Tom, Animal, Cartoon",235779
5_Animal/9543,Animal,"Deep Sea Mutant, Animal, Monster, Ocean",578761
5_Animal/9544,Animal,"Diddy Kong, Animal, Video Game, Nintendo",374743
5_Animal/9545,Animal,"Dinosaurus, Animal, -3000",330472
5_Animal/9546,Animal,"Dogjack, Animal, Farm",249921
5_Animal/9547,Animal,"Dog, Animal, Farm",118952
5_Animal/9548,Animal,"Dog Wojak, Animal, Farm",168509
5_Animal/9549,Animal,"Dolphin Wojak, Animal, Ocean",177473
5_Animal/9550,Animal,"Doomer Fox, Animal, Farm",132270
5_Animal/9551,Animal,"Doomer Girl Bunny, Animal, Farm",86373
5_Animal/9552,Animal,"Doomer Horse, Animal, Internet",93851
5_Animal/9553,Animal,"Doomer Horse, Animal, Internet",93851
5_Animal/9554,Animal,"Doomer Horse, Animal, Internet",93851
5_Animal/9555,Animal,"Doomer Lorax, Animal, Movie and TV Show",23655
5_Animal/9556,Animal,"Doomer Mouse, Animal, Internet",77601
5_Animal/9557,Animal,"Doomer Orang Utan, Animal, Africa",256595
5_Animal/9558,Animal,"Dragonite, Animal, Video Game, Pokemon, Nintendo",483993
5_Animal/9559,Animal,"Dragon, Animal, Fantasy, Monster",83202
5_Animal/9560,Animal,"Elephant, Animal, Farm",116846
5_Animal/9561,Animal,"El Toro, Animal, Europe, Spain",62892
5_Animal/9562,Animal,"Emu Brainlet, Animal, Australia, New Zealand",120011
5_Animal/9563,Animal,"Foxy, Animal, Video Game, Five Nights at Freddy's, Monster",48773
5_Animal/9564,Animal,"Foxy, Animal, Video Game, Five Nights at Freddy's, Monster",48773
5_Animal/9565,Animal,"Furfag, Animal, Internet",120841
5_Animal/9566,Animal,"Furries Group, Animal, Anime, Group",403826
5_Animal/9567,Animal,"Furry, Animal, Internet",434978
5_Animal/9568,Animal,"Furry Beauty, Animal, Internet, Anime",53590
5_Animal/9569,Animal,"Furry Chad, Animal, Internet",58440
5_Animal/9570,Animal,"Furry Doomer, Animal, Internet",725108
5_Animal/9571,Animal,"Furry, Animal, Internet",29305
5_Animal/9572,Animal,"GI Lorax, Animal, Movie and TV Show",33158
5_Animal/9573,Animal,"Goat Wojak, Animal, Farm",41733
5_Animal/9574,Animal,"Golden Calf, Animal, -3000-476, Christianism, Judaism",257168
5_Animal/9575,Animal,"Gorilla, Animal, Africa",29397
5_Animal/9576,Animal,"Grug Tarantula, Animal, Pacific, Australia",32058
5_Animal/9577,Animal,"Happy Furry Doomer Girl, Animal, Internet",5852
5_Animal/9578,Animal,"Horse, Animal, Farm, Full Body",176029
5_Animal/9579,Animal,"IGNIS Animal, Animal, The Ever-Expanding Bunker, IGNIS (The Ever-Expanding Bunker)",236553
5_Animal/9580,Animal,"Jack Russel, Animal, Farm",164773
5_Animal/9581,Animal,"Jellyfish, Animal, Ocean, Brainlet",59505
5_Animal/9582,Animal,"Jerry, Animal, Cartoon",168074
5_Animal/9583,Animal,"Johana the Police wolf , Animal, Rescue Services",93507
5_Animal/9584,Animal,"Johana the wolf wojak , Animal, Farm",64501
5_Animal/9585,Animal,"John Pork, Animal, Internet, Meme",308484
5_Animal/9586,Animal,"Jurassic Park Spinosaurus, Animal, Movie and TV Show, -3000",144698
5_Animal/9587,Animal,"Kaiman (Dorohedoro), Animal, Anime, Monster",16658
5_Animal/9588,Animal,"KGBTR Duck, Animal, Turkey, Brands",98558
5_Animal/9589,Animal,"Legoshi (Beastar), Animal, Anime",393415
5_Animal/9590,Animal,"Lorax, Animal, Movie and TV Show",17387
5_Animal/9591,Animal,"Mammouth, Animal, -3000",289811
5_Animal/9592,Animal,"Michiru Kagemori (BNA Brand New Animal), Animal, Anime",102931
5_Animal/9593,Animal,"Monkey Chad, Animal, Africa",117750
5_Animal/9594,Animal,"Monkey Doomer Girl, Animal, Africa",104510
5_Animal/9595,Animal,"Monkey Doomer Girl, Animal, Africa",103305
5_Animal/9596,Animal,"Monkey Doomer Girl, Animal, Africa",103305
5_Animal/9597,Animal,"Monsieur Mallah, Animal, Comics, DC",9956
5_Animal/9598,Animal,"Monty, Animal, Video Game, Five Nights at Freddy's, Monster",178168
5_Animal/9599,Animal,"Moomin, Animal, Cartoon, Finland",5299
5_Animal/9600,Animal,"Mouse, Animal, Farm",9488
5_Animal/9601,Animal,"My Little Pony Brainlet, Animal, Cartoon, My Little Pony, Brainlet",128487
5_Animal/9602,Animal,"My Little Pony , Animal, Cartoon, My Little Pony",18081
5_Animal/9603,Animal,"Neutral Furry Doomer Girl, Animal, Internet",5582
5_Animal/9604,Animal,"Octopus Brainiaks, Animal, Ocean",136069
5_Animal/9605,Animal,"Ooner, Animal, Masked, Animal, Strange",21541
5_Animal/9606,Animal,"Ooner (Unmasked), Animal, Masked, Animal, Strange",13349
5_Animal/9607,Animal,"Opila BirdJak, Animal, Video Game",156398
5_Animal/9608,Animal,"Orang Utan, Animal, Africa",233751
5_Animal/9609,Animal,"Owl, Animal, Farm",158398
5_Animal/9610,Animal,"Pakistanese Gorilla Soldier, Animal, Pakistan, Militia Forces",69320
5_Animal/9611,Animal,"Pedobear, Animal, Meme, Internet",7648
5_Animal/9612,Animal,"PedoBear, Animal, Internet, Youtube, Meme",27527
5_Animal/9613,Animal,"Penguin Coomer, Animal, Ocean",10404
5_Animal/9614,Animal,"Penguin Crying, Animal, Ocean",138159
5_Animal/9615,Animal,"Piffle, Animal, Internet, Club Penguin",2677
5_Animal/9616,Animal,"Police wolf , Animal, Rescue Services",52581
5_Animal/9617,Animal,"Queen Bee, Animal, Farm",79666
5_Animal/9618,Animal,"Rabbit Groomer, Animal, Farm",5215
5_Animal/9619,Animal,"Rainbow Dash, Animal, Cartoon, My Little Pony",62841
5_Animal/9620,Animal,"Ratant, Animal, Internet",40837
5_Animal/9621,Animal,"R&D Genetics Guy, Animal, Science, The Ever-Expanding Bunker",31531
5_Animal/9622,Animal,"R&D Genetics Guy, Animal, Science, The Ever-Expanding Bunker",53321
5_Animal/9623,Animal,"R&D Genetics Guy, Animal, Science, The Ever-Expanding Bunker",53321
5_Animal/9624,Animal,"Reggy, Animal, The Ever-Expanding Bunker, Science",772091
5_Animal/9625,Animal,"Rocket Raccoon, Animal, Comics, Marvel",11412
5_Animal/9626,Animal,"Scootaloo, Animal, Cartoon, My Little Pony",113663
5_Animal/9627,Animal,"SCP-6660, Animal, SCP Foundation, Steampunk, Robot",726735
5_Animal/9628,Animal,"SCP-6660 (Zenath Demon), Animal, SCP Foundation, Demon",776829
5_Animal/9629,Animal,"Seal, Animal, Ocean",127913
5_Animal/9630,Animal,"Shrimp, Animal, Ocean",74425
5_Animal/9631,Animal,"Sidounours, Animal, France, Authoritarian Right, Internet, 2020-2030",35959
5_Animal/9632,Animal,"Sloth Wojak, Animal, Australia",54455
5_Animal/9633,Animal,"Smug Octopus, Animal, Ocean",69125
5_Animal/9634,Animal,"Smug Yoshi, Animal, Nintendo, Video Game, Super Mario",451211
5_Animal/9635,Animal,"Snails Brainlet, Animal, Cartoon, My Little Pony",58948
5_Animal/9636,Animal,"Snips Brainlet, Animal, Cartoon, My Little Pony",55577
5_Animal/9637,Animal,"Snowball, Animal, Authoritarian Left, Farm",70613
5_Animal/9638,Animal,"Soy Cow, Animal, Farm",359654
5_Animal/9639,Animal,"Soy Dog, Animal, Farm",23781
5_Animal/9640,Animal,"Soy Fox, Animal, Farm",225686
5_Animal/9641,Animal,"Soy Orang Utan, Animal, Africa",42145
5_Animal/9642,Animal,"Spurdo Spårde, Animal, Internet, Finland, Template, Meme",63852
5_Animal/9643,Animal,"Star Fox, Animal, Video Game, Nintendo",54377
5_Animal/9644,Animal,"Star Fox, Animal, Video Game, Nintendo",54377
5_Animal/9645,Animal,"The Furrymod, Animal, Futuristic",436454
5_Animal/9646,Animal,"The Ichthyomod, Animal, Ocean",341200
5_Animal/9647,Animal,"The Sky Fox, Animal, France, 1939-1945",98465
5_Animal/9648,Animal,"The Three Monkey, Animal, Group",201193
5_Animal/9649,Animal,"The Yeti, Animal, Monster, Tibet, Nepal, Bhutan, Mythology",76168
5_Animal/9650,Animal,"The Yeti, Animal, Monster, Tibet, Nepal, Bhutan, Mythology",76168
5_Animal/9651,Animal,"Tiger, Animal, Middle East, Asia",46475
5_Animal/9652,Animal,"Tiktaalik Emily, Animal, Ocean, -3000",13342
5_Animal/9653,Animal,"Toriel, Animal, Video Game, Undertale",15945
5_Animal/9654,Animal,"Turtle Wojak, Animal, Ocean",14600
5_Animal/9655,Animal,"Twilight Sparkle, Animal, Cartoon, My Little Pony",15830
5_Animal/9656,Animal,"Twinkjak Bee, Animal, Farm",190350
5_Animal/9657,Animal,"Warner Heros, Animal, Cartoon, Group",67003
5_Animal/9658,Animal,"Whale Boomer, Animal, Ocean",40888
5_Animal/9659,Animal,"Wingless, Animal, Fantasy, Monster",19110
5_Animal/9660,Animal,"Wojak Sith-Pony, Animal, Cartoon, My Little Pony",141792
5_Animal/9661,Animal,"Wolfchad (Feral Mode), Animal, Farm",65258
5_Animal/9662,Animal,"Wolf Doomer Girl, Animal, Farm",78909
5_Animal/9663,Animal,"Wolf wojak, Animal, Farm",35454
5_Animal/9664,Animal,"Worm Brainlet, Animal, Brainlet, Ocean",42259
5_Animal/9665,Animal,"Yes Honey Furry, Animal, Internet",38467
5_Animal/9666,Animal,"Yes Honey T-Rex, Animal, -3000",125891
5_Arthoe/13190,Arthoe,"Angry ArtHoe, Arthoe, Template",229980
5_Arthoe/13191,Arthoe,"ArtHoe BLM, Arthoe, Liberal Left, 2010-2020",83409
5_Arthoe/13192,Arthoe,"ArtHoe Crying Teen, Arthoe, Civilian (Teenager)",140196
5_Arthoe/13193,Arthoe,"Art-Hoe Liberal Left Dictator, Arthoe, Liberal Left (Political Compass), LGBT+",177304
5_Arthoe/13194,Arthoe,"ArtHoe, Arthoe, Template",213991
5_Arthoe/13195,Arthoe,"Arthoe Witch Hat, Arthoe, CIvilian (Teenager), Strange",68901
5_Arthoe/13196,Arthoe,"Arthoe Witch On Fire, Arthoe, CIvilian (Teenager), Strange, Injured and Dead",108308
5_Arthoe/13197,Arthoe,"Authoritarian ArtHoe, Arthoe, Liberal Left (Political Compass)",659552
5_Arthoe/13198,Arthoe,"Authoritarian Orange ArtHoe, Arthoe, Liberal Left (Political Compass)",631208
5_Arthoe/13199,Arthoe,"Black ArtHoe, Arthoe, Civilian (Teenager)",121381
5_Arthoe/13200,Arthoe,"Black Hair ArtHoe, Arthoe, Civilian (Teenager)",83578
5_Arthoe/13201,Arthoe,"Brainlet ArtHoe, Arthoe, Brainlet, Template",143455
5_Arthoe/13202,Arthoe,"Crusader Emily , Arthoe, Knight, 476-1492, Liberal Left",293267
5_Arthoe/13203,Arthoe,"Crying ArtHoe, Arthoe, Template",158724
5_Arthoe/13204,Arthoe,"Crying Blue Haired ArtHoe, Arthoe, Civilian (Teenager)",125982
5_Arthoe/13205,Arthoe,"Crying Emily, Arthoe, Template, Masked",207089
5_Arthoe/13206,Arthoe,"E-girl Arthoe, Arthoe, Civilian (Teenager)",61950
5_Arthoe/13207,Arthoe,"Gertrude Yorkes, Arthoe, Comics, Marvel",599937
5_Arthoe/13208,Arthoe,"Glenda Rivensworth, Arthoe, Fantasy",433220
5_Arthoe/13209,Arthoe,"Gothic Arthoe, Arthoe, Civilian (Teenager)",8614
5_Arthoe/13210,Arthoe,"Gothic ArtHoe, Arthoe, Civilian (Teenager)",67223
5_Arthoe/13211,Arthoe,"Guitar ArtHoe, Arthoe, Music",267985
5_Arthoe/13212,Arthoe,"Indie Arthoe, Arthoe, Music",210145
5_Arthoe/13213,Arthoe,"Jarrah (Mini Mini Farm), Arthoe, Video Game, Mini Mini Farm",269398
5_Arthoe/13214,Arthoe,"Katyusha, Arthoe, Anime, Girls Und Panzer",20846
5_Arthoe/13215,Arthoe,"K-Pop ArtHoe, Arthoe, Music",88490
5_Arthoe/13216,Arthoe,"Leftist ArtHoe, Arthoe, Liberal Left, LGBT+, 2010-2020",94930
5_Arthoe/13217,Arthoe,"Long Hair ArtHoe, Arthoe, Civilian (Teenager)",66206
5_Arthoe/13218,Arthoe,"Magik, Arthoe, Comics, Invincible",375356
5_Arthoe/13219,Arthoe,"Mrs Marvel, Arthoe, Comics, Marvel",258980
5_Arthoe/13220,Arthoe,"Palestinian Diaspora, Arthoe, United States, Palestine, Social Media, Liberal Left (Political Compass)",298929
5_Arthoe/13221,Arthoe,"Pensive ArtHoe, Arthoe, Template",148081
5_Arthoe/13222,Arthoe,"Perupok (Mini Mini Farm), Arthoe, Video Game, Mini Mini Farm",205362
5_Arthoe/13223,Arthoe,"Realistic ArtHoe, Arthoe, Template",51124
5_Arthoe/13224,Arthoe,"Seminary Students, Arthoe, Fantasy, Religious Authority, Christianism",402148
5_Arthoe/13225,Arthoe,"Seminary Students, Arthoe, Fantasy, Religious Authority, Christianism",402148
5_Arthoe/13226,Arthoe,"SJW ArtHoe, Arthoe, Political Compass, Liberal Left (Political Compass)",216245
5_Arthoe/13227,Arthoe,"The Futuristic ArtHoe, Arthoe, Futuristic, Robot, Liberal Left",4622
5_Arthoe/13228,Arthoe,"Thérésa Tallien , Arthoe, French Revolution, Belgium, 1789-1821",682530
5_Arthoe/13229,Arthoe,"Wiccan, Arthoe, Fantasy",217465
5_Arthoe/13230,Arthoe,"Wiccan, Arthoe, Fantasy",217465
5_Ashbie_and_Enbie_Girl/13231,Ashbie_and_Enbie_Girl,"Alisa, Ashbie and Enbie Girl, Anime, Girls Und Panzer",23661
5_Ashbie_and_Enbie_Girl/13232,Ashbie_and_Enbie_Girl,"American Enbie Girl, Ashbie and Enbie Girl, United States, MAGA, 2010-2020",124885
5_Ashbie_and_Enbie_Girl/13233,Ashbie_and_Enbie_Girl,"Ashbie And Apu Having Their Body Pillow, Ashbie and Enbie Girl, Group",1337893
5_Ashbie_and_Enbie_Girl/13234,Ashbie_and_Enbie_Girl,"Ashbie And Apu In The Snow GIF, Ashbie and Enbie Girl, GIF, Festivity, Group",126549
5_Ashbie_and_Enbie_Girl/13235,Ashbie_and_Enbie_Girl,"Ashbie And Apu Playing Lego, Ashbie and Enbie Girl, Group, Toy",370100
5_Ashbie_and_Enbie_Girl/13236,Ashbie_and_Enbie_Girl,"Ashbie And Apu Playing Video Game, Ashbie and Enbie Girl, Group, Video Game",497506
5_Ashbie_and_Enbie_Girl/13237,Ashbie_and_Enbie_Girl,"Ashbie Chad, Ashbie and Enbie Girl, Template",201330
5_Ashbie_and_Enbie_Girl/13238,Ashbie_and_Enbie_Girl,"Ashbie Drinking Chocolate Milk, Ashbie and Enbie Girl, Civilian (Teenager)",232038
5_Ashbie_and_Enbie_Girl/13239,Ashbie_and_Enbie_Girl,"Ashbie Hugging Apu, Ashbie and Enbie Girl, Group",775775
5_Ashbie_and_Enbie_Girl/13240,Ashbie_and_Enbie_Girl,"Ashbie Medieval Noble Woman, Ashbie and Enbie Girl, 476-1492, Nobility and Bourgeoisie",65392
5_Ashbie_and_Enbie_Girl/13241,Ashbie_and_Enbie_Girl,"Ashbie Pilot, Ashbie and Enbie Girl, Corporation, Employee",88340
5_Ashbie_and_Enbie_Girl/13242,Ashbie_and_Enbie_Girl,"Ashbie Stands Up To Her Bullies, Ashbie and Enbie Girl, Civilian (Teenager)",134561
5_Ashbie_and_Enbie_Girl/13243,Ashbie_and_Enbie_Girl,"Aulnia (Mini Mini Farm), Ashbie and Enbie Girl, Video Game, Mini Mini Farm, Full Body",430415
5_Ashbie_and_Enbie_Girl/13244,Ashbie_and_Enbie_Girl,"Black Hair Enbie Girl Full Body, Ashbie and Enbie Girl, Civilian (Teenager), Full Body",125719
5_Ashbie_and_Enbie_Girl/13245,Ashbie_and_Enbie_Girl,"Blushing Enbie Girl, Ashbie and Enbie Girl, Template",110631
5_Ashbie_and_Enbie_Girl/13246,Ashbie_and_Enbie_Girl,"Boba Tea Ashbie, Ashbie and Enbie Girl, Civilian (Teenager), Food and Drink, Hello Kitty",195778
5_Ashbie_and_Enbie_Girl/13247,Ashbie_and_Enbie_Girl,"Brown Hair Enbie Girl, Ashbie and Enbie Girl, Civilian (Teenager)",48283
5_Ashbie_and_Enbie_Girl/13248,Ashbie_and_Enbie_Girl,"Brown Hair Enbie Girl, Ashbie and Enbie Girl, Civilian (Teenager)",57684
5_Ashbie_and_Enbie_Girl/13249,Ashbie_and_Enbie_Girl,"Brown Hair Enbie Girl, Ashbie and Enbie Girl, Civilian (Teenager)",49327
5_Ashbie_and_Enbie_Girl/13250,Ashbie_and_Enbie_Girl,"Brown Hair Enbie Girl Full Body, Ashbie and Enbie Girl, Civilian (Teenager), Full Body",128579
5_Ashbie_and_Enbie_Girl/13251,Ashbie_and_Enbie_Girl,"Brown Hair Enbie Girl, Ashbie and Enbie Girl, Civilian (Teenager)",49327
5_Ashbie_and_Enbie_Girl/13252,Ashbie_and_Enbie_Girl,"Clown Enbie Girl, Ashbie and Enbie Girl, Circus",359503
5_Ashbie_and_Enbie_Girl/13253,Ashbie_and_Enbie_Girl,"Cute Enbie Girl, Ashbie and Enbie Girl, Civilian (Teenager)",87960
5_Ashbie_and_Enbie_Girl/13254,Ashbie_and_Enbie_Girl,"Cute Enbie Girl, Ashbie and Enbie Girl, Template",84777
5_Ashbie_and_Enbie_Girl/13255,Ashbie_and_Enbie_Girl,"Cute Enbie Girl With Hair Quilt, Ashbie and Enbie Girl, Template",103095
5_Ashbie_and_Enbie_Girl/13256,Ashbie_and_Enbie_Girl,"Drawing Ashbie, Ashbie and Enbie Girl, Civilian (Teenager)",279428
5_Ashbie_and_Enbie_Girl/13257,Ashbie_and_Enbie_Girl,"Edelgard, Ashbie and Enbie Girl, Anime, Fire Emblem",196815
5_Ashbie_and_Enbie_Girl/13258,Ashbie_and_Enbie_Girl,"Enbie Girl, Ashbie and Enbie Girl, Civilian (Teenager), Full Body",191411
5_Ashbie_and_Enbie_Girl/13259,Ashbie_and_Enbie_Girl,"Enbie Girl, Ashbie and Enbie Girl, Civilian (Teenager), Full Body, NSFW",152915
5_Ashbie_and_Enbie_Girl/13260,Ashbie_and_Enbie_Girl,"Enbie Girl, Ashbie and Enbie Girl, Civilian (Teenager)",177587
5_Ashbie_and_Enbie_Girl/13261,Ashbie_and_Enbie_Girl,"Enbie Kuruminha, Ashbie and Enbie Girl, Template, Brazil, Autochthonous",149507
5_Ashbie_and_Enbie_Girl/13262,Ashbie_and_Enbie_Girl,"Enbie Kuruminha, Ashbie and Enbie Girl, Brazil, Full Body, NSFW, Autochthonous",209922
5_Ashbie_and_Enbie_Girl/13263,Ashbie_and_Enbie_Girl,"Genderfluid Posadist AnCom, Ashbie and Enbie Girl, Anarchism, LGBT+, Liberal Left",84162
5_Ashbie_and_Enbie_Girl/13264,Ashbie_and_Enbie_Girl,"Goth Enbie Girl, Ashbie and Enbie Girl, Civilian (Teenager)",185370
5_Ashbie_and_Enbie_Girl/13265,Ashbie_and_Enbie_Girl,"Juditha, Ashbie and Enbie Girl, Judaism, Middle East, -3000-476",390553
5_Ashbie_and_Enbie_Girl/13266,Ashbie_and_Enbie_Girl,"Luna, Ashbie and Enbie Girl, Civilian (Teenager), Mexico, Central America",442765
5_Ashbie_and_Enbie_Girl/13267,Ashbie_and_Enbie_Girl,"Luna And Apu, Ashbie and Enbie Girl, Civilian (Teenager), Mexico, Group, Central America",1513472
5_Ashbie_and_Enbie_Girl/13268,Ashbie_and_Enbie_Girl,"Luna Dress, Ashbie and Enbie Girl, Civilian (Teenager), Mexico, Central America",409572
5_Ashbie_and_Enbie_Girl/13269,Ashbie_and_Enbie_Girl,"Luna Full Body, Ashbie and Enbie Girl, Civilian (Teenager), Mexico, Central America, Full Body",143580
5_Ashbie_and_Enbie_Girl/13270,Ashbie_and_Enbie_Girl,"Lyndis, Ashbie and Enbie Girl, Anime, Fire Emblem",465659
5_Ashbie_and_Enbie_Girl/13271,Ashbie_and_Enbie_Girl,"Madrona (Mini Mini Farm), Ashbie and Enbie Girl, Video Game, Mini Mini Farm",425772
5_Ashbie_and_Enbie_Girl/13272,Ashbie_and_Enbie_Girl,"MAGA Enbie Girl, Ashbie and Enbie Girl, MAGA, United States",299994
5_Ashbie_and_Enbie_Girl/13273,Ashbie_and_Enbie_Girl,"Milhouse Van Houten, Ashbie and Enbie Girl, Cartoon, The Simpsons",84926
5_Ashbie_and_Enbie_Girl/13274,Ashbie_and_Enbie_Girl,"Morbidly Obese Enbie, Ashbie and Enbie Girl, LGBT+",683195
5_Ashbie_and_Enbie_Girl/13275,Ashbie_and_Enbie_Girl,"Nazi Black Enbie Girl, Ashbie and Enbie Girl, National-Socialism",118981
5_Ashbie_and_Enbie_Girl/13276,Ashbie_and_Enbie_Girl,"Nazi Enbie Girl, Ashbie and Enbie Girl, National-Socialism, Authoritarian Right",95359
5_Ashbie_and_Enbie_Girl/13277,Ashbie_and_Enbie_Girl,"New beat girl, Ashbie and Enbie Girl, Music, Belgium, 1980-1990",607623
5_Ashbie_and_Enbie_Girl/13278,Ashbie_and_Enbie_Girl,"Pepe Hoodie Ashbie, Ashbie and Enbie Girl, Civilian (Teenager)",133814
5_Ashbie_and_Enbie_Girl/13279,Ashbie_and_Enbie_Girl,"Pink-haired Enbie Girl Full Body, Ashbie and Enbie Girl, Civilian (Teenager), Full Body, LGBT+",159738
5_Ashbie_and_Enbie_Girl/13280,Ashbie_and_Enbie_Girl,"Pink-haired Enbie, Ashbie and Enbie Girl, Civilian (Teenager), LGBT+",381118
5_Ashbie_and_Enbie_Girl/13281,Ashbie_and_Enbie_Girl,"Playing Ashbie, Ashbie and Enbie Girl, Civilian (Teenager)",234397
5_Ashbie_and_Enbie_Girl/13282,Ashbie_and_Enbie_Girl,"Pudgy girl , Ashbie and Enbie Girl, Full Body, Civilian (Teenager)",477325
5_Ashbie_and_Enbie_Girl/13283,Ashbie_and_Enbie_Girl,"Reading Pink-haired Enbie, Ashbie and Enbie Girl, Civilian (Teenager), LGBT+",240333
5_Ashbie_and_Enbie_Girl/13284,Ashbie_and_Enbie_Girl,"Samurai Ashbie, Ashbie and Enbie Girl, Japan, 476-1492, Knight",797234
5_Ashbie_and_Enbie_Girl/13285,Ashbie_and_Enbie_Girl,"Sitting Enbie Girl, Ashbie and Enbie Girl, Civilian (Teenager)",149802
5_Ashbie_and_Enbie_Girl/13286,Ashbie_and_Enbie_Girl,"Southern Belle Enbie with Ribs, Ashbie and Enbie Girl, American Civil War, 1821-1914, Nobility and Bourgeoisie, Confederate States of America",389667
5_Ashbie_and_Enbie_Girl/13287,Ashbie_and_Enbie_Girl,"Trad Catholic Enbie Girl, Ashbie and Enbie Girl, Christianism",123671
5_Ashbie_and_Enbie_Girl/13288,Ashbie_and_Enbie_Girl,"Tuxedo Cute Enbie Girl, Ashbie and Enbie Girl, Group",526192
5_Blackjak/4015,Blackjak,"Aboriginal, Blackjak, Australia, 1492-1789, Autochthonous",364971
5_Blackjak/4016,Blackjak,"Addi Bâ Mamadou, Blackjak, France, 1939-1945, Armée Française, Senegal, French Resistance",20348
5_Blackjak/4017,Blackjak,"Adult Black Man, Blackjak, Civilian (Adult)",18963
5_Blackjak/4018,Blackjak,"African Civilian, Blackjak, Africa, Civilian (Adult)",113359
5_Blackjak/4019,Blackjak,"African Civilian, Blackjak, Africa, Civilian (Adult)",129544
5_Blackjak/4020,Blackjak,"African Generic Soldier, Blackjak, Africa, Other Army (Africa)",217343
5_Blackjak/4021,Blackjak,"African Generic Soldier, Blackjak, Africa, Other Army (Africa)",200580
5_Blackjak/4022,Blackjak,"African Miner, Blackjak, Africa, Worker",197794
5_Blackjak/4023,Blackjak,"African Noble, Blackjak, Africa, Nobility and Bourgeoisie",141033
5_Blackjak/4024,Blackjak,"Afro BlackJak Chad, Blackjak, Africa",109611
5_Blackjak/4025,Blackjak,"Afro-Skeletor, Blackjak, Injured and Dead, Criminal",90684
5_Blackjak/4026,Blackjak,"Agressive Blackjak, Blackjak, 2010-2020",66278
5_Blackjak/4027,Blackjak,"Aheago Blackjak, Blackjak, Civilian (Teenager), NSFW",26903
5_Blackjak/4028,Blackjak,"Airpods BlackJak, Blackjak, Civilian (Adult)",305131
5_Blackjak/4029,Blackjak,"Albinos BlackJak, Blackjak, Civilian (Teenager)",101900
5_Blackjak/4030,Blackjak,"Al Chantal, Blackjak, Criminal",103560
5_Blackjak/4031,Blackjak,"Alejandro G. Iñarritu, Blackjak, Mexico, Movie and TV Show, 2000-2010",119539
5_Blackjak/4032,Blackjak,"Amanda, Blackjak, Family",299930
5_Blackjak/4033,Blackjak,"Amanda Waller, Blackjak, Comics, DC",397949
5_Blackjak/4034,Blackjak,"Ambassador, Blackjak, Post Apocalyptic, Fallout : New Vegas, New California Republic",72419
5_Blackjak/4035,Blackjak,"António Agostinho da Silva Neto, Blackjak, Angola, Authoritarian Left, Revolution, 1970-1980",48902
5_Blackjak/4036,Blackjak,"Arab Wojak, Blackjak, Middle East, Islam",63007
5_Blackjak/4037,Blackjak,"Augostinho Neto, Blackjak, 1980-1990, President, Angola, Authoritarian Left",147000
5_Blackjak/4038,Blackjak,"Ava DuVernay, Blackjak, Movie and TV Show, 2010-2020, United States",68351
5_Blackjak/4039,Blackjak,"Awar, Blackjak, Palestine, Middle East",55454
5_Blackjak/4040,Blackjak,"Barack Obama , Blackjak, United States, President, 2010-2020",239438
5_Blackjak/4041,Blackjak,"Barack Obama, Blackjak, President, 2010-2020, United States",79206
5_Blackjak/4042,Blackjak,"Barack Obama , Blackjak, United States, 2010-2020, President",4181
5_Blackjak/4043,Blackjak,"Barry Jenkins, Blackjak, Movie and TV Show, 2010-2020, United States",44569
5_Blackjak/4044,Blackjak,"Beowulf Punching, Blackjak, 476-1492, United Kingdom, Art",259000
5_Blackjak/4045,Blackjak,"Beta Israeli, Blackjak, Ethiopia, Judaism",77432
5_Blackjak/4046,Blackjak,"Beta Israeli Kes, Blackjak, Ethiopia, Israel, Judaism",790050
5_Blackjak/4047,Blackjak,"Biggie Smalls, Blackjak, Music, United States, 1990-2000",180792
5_Blackjak/4048,Blackjak,"Billy Hughes, Blackjak, Australia, Prime Minister, 1939-1945, Authoritarian Left",250838
5_Blackjak/4049,Blackjak,"Black Churchgoers, Blackjak, United States, Protestantism",357655
5_Blackjak/4050,Blackjak,"Black Churchgoers, Blackjak, United States, Protestantism",131507
5_Blackjak/4051,Blackjak,"Black Churchgoers, Blackjak, United States, Protestantism",131507
5_Blackjak/4052,Blackjak,"Black Daddy's Girl Swinsuit, Blackjak, Ocean",56380
5_Blackjak/4053,Blackjak,"Black Doomer Girl, Blackjak, Civilian (Teenager)",52765
5_Blackjak/4054,Blackjak,"Black Doomer Girl, Blackjak, Civilian (Teenager)",123116
5_Blackjak/4055,Blackjak,"Black Doomer Girl, Blackjak, Civilian (Teenager)",88938
5_Blackjak/4056,Blackjak,"Black Doomer Girl, Blackjak, Civilian (Teenager)",46161
5_Blackjak/4057,Blackjak,"Black Doomer Girl, Blackjak, Civilian (Teenager)",46161
5_Blackjak/4058,Blackjak,"Black Girl, Blackjak, Civilian (Teenager)",274097
5_Blackjak/4059,Blackjak,"Black girl, Blackjak, Civilian (Teenager), Full Body",113105
5_Blackjak/4061,Blackjak,"Black Girl, Blackjak, Civilian (Teenager)",326628
5_Blackjak/4062,Blackjak,"Black Girl, Blackjak, Template, Civilian (Teenager)",98201
5_Blackjak/4063,Blackjak,"Black Girl Carrying her hair, Blackjak, Civilian (Adult)",263458
5_Blackjak/4064,Blackjak,"Black Girl Killing Daddy's Girl, Blackjak, Injured and Dead, Group",250637
5_Blackjak/4065,Blackjak,"Black Girl, Blackjak, Civilian (Teenager)",326628
5_Blackjak/4066,Blackjak,"Black Girl strangled by her hair, Blackjak, Civilian (Adult)",374722
5_Blackjak/4067,Blackjak,"Black Girl trapped by her hair, Blackjak, Civilian (Teenager)",342055
5_Blackjak/4068,Blackjak,"Blackjak, Blackjak, Template",73467
5_Blackjak/4069,Blackjak,"BlackJak Girl, Blackjak, Civilian (Teenager)",60620
5_Blackjak/4070,Blackjak,"BlackJak Girl, Blackjak, Civilian (Teenager)",83312
5_Blackjak/4071,Blackjak,"BlackJak Girl, Blackjak, Civilian (Teenager)",250237
5_Blackjak/4072,Blackjak,"BlackJak Girl, Blackjak, Civilian (Teenager)",95841
5_Blackjak/4073,Blackjak,"BlackJak Hugging, Blackjak, Group",234966
5_Blackjak/4074,Blackjak,"Blackjak Masked Girl, Blackjak, Masked",261586
5_Blackjak/4075,Blackjak,"Blackjak, Blackjak, Civilian (Adult)",54266
5_Blackjak/4076,Blackjak,"BlackJak Strong, Blackjak, Sport",253591
5_Blackjak/4077,Blackjak,"BlackJak With A Beard, Blackjak, Civilian (Adult)",75651
5_Blackjak/4078,Blackjak,"BlackJak With Glasses, Blackjak, Civilian (Adult)",52481
5_Blackjak/4079,Blackjak,"BlackJak With The Afro, Blackjak, Civilian (Adult)",141300
5_Blackjak/4080,Blackjak,"Black Kurd, Blackjak, Middle East, Kurdistan",104781
5_Blackjak/4081,Blackjak,"Black Lind, Blackjak, Internet",112511
5_Blackjak/4082,Blackjak,"Black Man With Sunglasses, Blackjak, Tourism",173884
5_Blackjak/4083,Blackjak,"Black Nazi, Blackjak, National-Socialism",97551
5_Blackjak/4084,Blackjak,"Black Nazi, Blackjak, National-Socialism",97819
5_Blackjak/4085,Blackjak,"Black Nazi Flamethrower, Blackjak, National-Socialism, Flamethrower Template",290242
5_Blackjak/4086,Blackjak,"Black North Korean Officer, Blackjak, Korea, Other Army (Asia)",88102
5_Blackjak/4087,Blackjak,"Black Panther Party, Blackjak, Authoritarian Left, United States, 1960-1970",183038
5_Blackjak/4088,Blackjak,"Black Panther, Blackjak, Comics, Marvel",33032
5_Blackjak/4089,Blackjak,"Black ss policeman, Blackjak, 1939-1945, The Third Reich",29597
5_Blackjak/4090,Blackjak,"Black Trad Girl, Blackjak, Civilian (Adult)",306142
5_Blackjak/4091,Blackjak,"Black Trad Wife, Blackjak, Civilian (Adult)",770578
5_Blackjak/4092,Blackjak,"Black Turkish Man, Blackjak, Turkey, Asia",30910
5_Blackjak/4093,Blackjak,"Black wojak, Blackjak, Template",259733
5_Blackjak/4094,Blackjak,"Black Woman Doomer, Blackjak, Civilian (Teenager)",126491
5_Blackjak/4095,Blackjak,"Boots Riley, Blackjak, Movie and TV Show, 2010-2020, United States",39983
5_Blackjak/4096,Blackjak,"Buff BlackJak, Blackjak, Sport, Civilian (Adult)",11129
5_Blackjak/4097,Blackjak,"Bulgarian Gypsy, Blackjak, Bulgaria",21878
5_Blackjak/4098,Blackjak,"Bulletproof, Blackjak, Comics, Invincible",61110
5_Blackjak/4099,Blackjak,"Cacamouton Louloujack, Blackjak, 2000-2010, Civilian (Teenager)",89918
5_Blackjak/4100,Blackjak,"Candace Owens, Blackjak, MAGA, United States, Authoritarian Right, 2020-2030",169996
5_Blackjak/4101,Blackjak,"Carcass Gunrunner, Blackjak, Video Game, Hunt: Showdown, Far West",384246
5_Blackjak/4102,Blackjak,"Carcass Gunrunner, Blackjak, Video Game, First-Person Shooter, Hunt: Showdown, Far West",87519
5_Blackjak/4103,Blackjak,"Carl Johnson, Blackjak, Criminal, Grand Theft Auto, Video Game",98564
5_Blackjak/4104,Blackjak,"Carlos Marighella, Blackjak, Brazil, 1960-1970, Political Figure, Authoritarian Left",107377
5_Blackjak/4105,Blackjak,"Central African Rebel, Blackjak, Central African Republic, Militia Forces, Revolution",41508
5_Blackjak/4106,Blackjak,"CEO BlackJak, Blackjak, Corporation",20464
5_Blackjak/4107,Blackjak,"CEO BlackJak, Blackjak, Corporation",21579
5_Blackjak/4108,Blackjak,"CEO BlackJak, Blackjak, Corporation",21579
5_Blackjak/4109,Blackjak,"Chad East German Soviet soldier, Blackjak, Germany, 1939-1945",73379
5_Blackjak/4110,Blackjak,"Chadian Communist Leader, Blackjak, Chad, Despot, Authoritarian Left, Africa",514422
5_Blackjak/4111,Blackjak,"Charles Taylor, Blackjak, President, Authoritarian Right, Liberia, 2000-2010",225610
5_Blackjak/4112,Blackjak,"Cheddar Man, Blackjak, Civilian (Teenager), Autochthonous",90347
5_Blackjak/4113,Blackjak,"Chinchorro Wojak, Blackjak, Chile, -3000-476, South America",63853
5_Blackjak/4114,Blackjak,"Civilian Blackjak, Blackjak, Civilian (Adult)",227233
5_Blackjak/4115,Blackjak,"Civilian Blackjak, Blackjak, Civilian (Adult)",346342
5_Blackjak/4116,Blackjak,"Civilian Blackjak, Blackjak, Civilian (Adult)",260503
5_Blackjak/4117,Blackjak,"CJ, Blackjak, Grand Theft Auto, Video Game, Criminal",19281
5_Blackjak/4118,Blackjak,"Clemson Murn, Blackjak, Movie and TV Show, Comics, Marvel, Strange",97952
5_Blackjak/4119,Blackjak,"Clone Trooper, Blackjak, Star Wars, Movie and TV Show, Futuristic",237612
5_Blackjak/4120,Blackjak,"Coconut Wojak, Blackjak, Food and Drink",7336
5_Blackjak/4121,Blackjak,"Communist Blackjak, Blackjak, Authoritarian Left, Congo, 1950-1960",9341
5_Blackjak/4122,Blackjak,"Communist Ethiopian guerrilla , Blackjak, 1980-1990, Ethiopia, Flag",444074
5_Blackjak/4123,Blackjak,"Congolese Communist guerrilla , Blackjak, 1980-1990, Congo, Flag",343202
5_Blackjak/4124,Blackjak,"Council of Storms, Blackjak, Fantasy",11219
5_Blackjak/4125,Blackjak,"Council of Storms, Blackjak, Fantasy",11219
5_Blackjak/4126,Blackjak,"Crying BlackJak, Blackjak, Civilian (Teenager), Civilian (Teenager)",155048
5_Blackjak/4127,Blackjak,"Crying Blackjak Girl, Blackjak, Civilian (Teenager)",298841
5_Blackjak/4128,Blackjak,"Crying Blackjak, Blackjak, Civilian (Adult)",209314
5_Blackjak/4129,Blackjak,"Crying Black Man, Blackjak, Civilian (Adult)",178437
5_Blackjak/4130,Blackjak,"Crying Christine Kelly, Blackjak, France, 2020-2030",151129
5_Blackjak/4131,Blackjak,"Crying CJ, Blackjak, Grand Theft Auto, Video Game, Criminal",96845
5_Blackjak/4132,Blackjak,"Crying Demoman, Blackjak, Video Game, Team Fortress 2",77996
5_Blackjak/4133,Blackjak,"Crying Hoodie Blackjak, Blackjak, Civilian (Adult)",78631
5_Blackjak/4134,Blackjak,"Crying Lewis Hamilton, Blackjak, 2010-2020, Sport, United Kingdom",335955
5_Blackjak/4135,Blackjak,"Crying Mayan, Blackjak, Guatemala, Tourism",144838
5_Blackjak/4136,Blackjak,"Crying Playstation Player, Blackjak, Video Game, Brands",225035
5_Blackjak/4137,Blackjak,"Cucho-Sovietico, Blackjak, Authoritarian Left",142544
5_Blackjak/4138,Blackjak,"Cyberpunk Citizen, Blackjak, Cyberpunk 2077, Futuristic",134987
5_Blackjak/4139,Blackjak,"Demoman , Blackjak, Video Game, Team Fortress 2",446981
5_Blackjak/4140,Blackjak,"Demoman, Blackjak, Video Game, Team Fortress 2",271504
5_Blackjak/4141,Blackjak,"Didier Ratsiraka, Blackjak, Madagascar, 1970-1980, Authoritarian Left, President",313656
5_Blackjak/4142,Blackjak,"Doktor Braun, Blackjak, Authoritarian Left, Militia Forces, Belgium",468337
5_Blackjak/4143,Blackjak,"Eazy-E, Blackjak, Music, United States, 1990-2000",205074
5_Blackjak/4144,Blackjak,"Emmerson Mnangagwa, Blackjak, Zimbabwe, President, 2010-2020",162023
5_Blackjak/4145,Blackjak,"Emperor Bokassa I, Blackjak, Central African Republic, 1970-1980, Despot",119827
5_Blackjak/4146,Blackjak,"Eritrean Askari, Blackjak, 1939-1945, Africa, Royal Italian Army, Italy, Colonial",87388
5_Blackjak/4147,Blackjak,"Eritrean solider , Blackjak, Africa",856898
5_Blackjak/4148,Blackjak,"Fat Aheago Blackjak, Blackjak, Civilian (Teenager)",164419
5_Blackjak/4149,Blackjak,"Fisherman Wojak, Blackjak, Ocean, Pacific, Autochthonous",24749
5_Blackjak/4150,Blackjak,"Francois Tombalbaye, Blackjak, Chad, President, 1960-1970",281131
5_Blackjak/4151,Blackjak,"Frank Tenpenny, Blackjak, Video Game, Grand Theft Auto, Rescue Services",11015
5_Blackjak/4152,Blackjak,"Gaston Monnerville, Blackjak, France, 1970-1980, Authoritarian Left, Political Figure",42868
5_Blackjak/4153,Blackjak,"Geno, Blackjak, Nintendo, Video Game, Super Mario",203542
5_Blackjak/4154,Blackjak,"Green Lantern (John Stewart), Blackjak, Comics, DC",99908
5_Blackjak/4155,Blackjak,"Guerrilla Ronnie Brunswijk, Blackjak, Suriname, 1980-1990, Other Army (Africa)",67919
5_Blackjak/4156,Blackjak,"Gustavo Fring, Blackjak, Movie and TV Show, Breaking Bad",47017
5_Blackjak/4157,Blackjak,"Gustavo 'Gus' Fring, Blackjak, Movie and TV Show, Breaking Bad",59077
5_Blackjak/4158,Blackjak,"Haile Selassie, Blackjak, Ethiopia, Imperial, 1918-1939, Colonial",131680
5_Blackjak/4159,Blackjak,"Haile Selassie , Blackjak, 1918-1939, Imperial, Ethiopia",149019
5_Blackjak/4160,Blackjak,"Haile Selassie, Blackjak, Ethiopia, Authoritarian Right, Imperial, 1960-1970",333061
5_Blackjak/4161,Blackjak,"Haitian wojak, Blackjak, Haiti, 1789-1821",400710
5_Blackjak/4162,Blackjak,"Henck Arron, Blackjak, Suriname, 1980-1990, Prime Minister",158762
5_Blackjak/4163,Blackjak,"Ibrahim trarwi , Blackjak, Burkina Faso, Revolution, President, 2020-2030, Other Army (Africa)",285586
5_Blackjak/4164,Blackjak,"Idi Amin , Blackjak, Despot, Authoritarian Right, Uganda, 1970-1980",351940
5_Blackjak/4165,Blackjak,"Idi Amin Dada , Blackjak, Despot, Uganda, Authoritarian Right, 1970-1980",329837
5_Blackjak/4166,Blackjak,"Idi Amin Dada, Blackjak, Authoritarian Right, Uganda, Despot, 1970-1980",290557
5_Blackjak/4167,Blackjak,"IShowSpeed, Blackjak, Youtube, United States, Portugal",169583
5_Blackjak/4168,Blackjak,"Jamaat al Muslimeen, Blackjak, Trinidad and Tobago, Terrorism, 1980-1990",135180
5_Blackjak/4169,Blackjak,"Jean-Bédel Bokassa, Blackjak, Central African Republic, Authoritarian Right, Despot, 1970-1980",160501
5_Blackjak/4170,Blackjak,"Jimmy Cherizier, Blackjak, Haiti, Revolution, Criminal",94250
5_Blackjak/4171,Blackjak,"Johan Ferrier, Blackjak, Suriname, 1970-1980, President",245708
5_Blackjak/4172,Blackjak,"Jonas Savimbi, Blackjak, Authoritarian Left, Angola, Despot, Revolution, 1960-1970",226611
5_Blackjak/4173,Blackjak,"Jonas Savimbi , Blackjak, Angola, Despot, 1960-1970, Revolution, Authoritarian Left",210452
5_Blackjak/4174,Blackjak,"Joo1, Blackjak, Internet",75975
5_Blackjak/4175,Blackjak,"Jordan Peele, Blackjak, Movie and TV Show, United States, 2010-2020, Art",38600
5_Blackjak/4176,Blackjak,"Joseph Kabila, Blackjak, Congo, President",159052
5_Blackjak/4177,Blackjak,"Juju Smith-Schuster, Blackjak, Sport, United States",52569
5_Blackjak/4178,Blackjak,"Kanye West, Blackjak, United States, 1990-2000, Music",67313
5_Blackjak/4179,Blackjak,"Kanye West, Blackjak, United States",41409
5_Blackjak/4180,Blackjak,"Kanye West 808s and Heartbreak, Blackjak, United States, Music",64066
5_Blackjak/4181,Blackjak,"Kush, Blackjak, -3000-476, Ancient Egypt, Autochthonous",194196
5_Blackjak/4182,Blackjak,"Little Richard, Blackjak, United States, Music, 1950-1960",180486
5_Blackjak/4183,Blackjak,"Locksed Louloujack, Blackjak, 2000-2010, Civilian (Teenager)",126477
5_Blackjak/4184,Blackjak,"Loli Loulou Blackjak, Blackjak, 2000-2010, Civilian (Teenager)",88352
5_Blackjak/4185,Blackjak,"Lou Bega, Blackjak, Germany, Music",198078
5_Blackjak/4186,Blackjak,"Lou Bega, Blackjak, Germany, Music",198078
5_Blackjak/4187,Blackjak,"Luke Cage, Blackjak, Comics, Marvel",14961
5_Blackjak/4188,Blackjak,"Malcolm X, Blackjak, Liberal Left, 1960-1970, United States, Political Figure",159033
5_Blackjak/4189,Blackjak,"Marcus Garvey, Blackjak, Jamaica, Authoritarian Right, 1918-1939, Political Figure",165019
5_Blackjak/4190,Blackjak,"Marien Ngouabi, Blackjak, Congo, 1970-1980, Authoritarian Left, Revolution, President",365941
5_Blackjak/4191,Blackjak,"Martin Luther King Jr, Blackjak, United States, 1960-1970, Liberal Left",4188
5_Blackjak/4192,Blackjak,"Maurice Bishop, Blackjak, Grenada, Prime Minister, Authoritarian Left",126127
5_Blackjak/4193,Blackjak,"MC Ride, Blackjak, United States, 2010-2020, Music",185626
5_Blackjak/4194,Blackjak,"Mengistu Haile Mariam, Blackjak, Ethiopia, Revolution, 1980-1990, Authoritarian Left",221958
5_Blackjak/4195,Blackjak,"Methodist Episcopalian, Blackjak, Christianism, Protestantism, Religious Authority",169492
5_Blackjak/4196,Blackjak,"Mexican Cartel Member, Blackjak, Criminal, Mexico",222824
5_Blackjak/4197,Blackjak,"Mexican Cartel Member, Blackjak, Criminal, Mexico",222824
5_Blackjak/4198,Blackjak,"MF DOOM, Blackjak, DC",89766
5_Blackjak/4199,Blackjak,"MF DOOM without mask, Blackjak, DC",111600
5_Blackjak/4200,Blackjak,"Mickey Smith, Blackjak, Futuristic, Doctor Who",53324
5_Blackjak/4201,Blackjak,"Microbe Blackjak, Blackjak, 2000-2010, Civilian (Teenager)",85785
5_Blackjak/4202,Blackjak,"Mohamed Siad Al-Barri, Blackjak, Somalia, Authoritarian Left, 1980-1990, President",245825
5_Blackjak/4203,Blackjak,"Morpheus, Blackjak, Matrix, Futuristic, Movie and TV Show",11656
5_Blackjak/4204,Blackjak,"Moussa Troré, Blackjak, Mali, 1970-1980, President",46179
5_Blackjak/4205,Blackjak,"MPLA Fighter, Blackjak, 1970-1980, Authoritarian Left, Angola, Flag",380658
5_Blackjak/4206,Blackjak,"Muhammad Siad Al-Bari , Blackjak, President, Somalia, Authoritarian Left, 1970-1980",262546
5_Blackjak/4207,Blackjak,"Muslim Woman, Blackjak, Africa, Islam",253120
5_Blackjak/4208,Blackjak,"Nation of Islam, Blackjak, Islam, United States, Authoritarian Right, 1950-1960, Group",481646
5_Blackjak/4209,Blackjak,"Nazi Black Girl, Blackjak, National-Socialism",589850
5_Blackjak/4210,Blackjak,"NCR Citizen, Blackjak, Post Apocalyptic, Fallout : New Vegas, New California Republic",18110
5_Blackjak/4211,Blackjak,"NCR Trooper, Blackjak, Video Game, Fallout : New Vegas, New California Republic, Post Apocalyptic",422149
5_Blackjak/4212,Blackjak,"Neil deGrasse Tyson, Blackjak, 2010-2020, United States, Science",244297
5_Blackjak/4213,Blackjak,"Nelson Mandela, Blackjak, 1990-2000, South Africa, Liberal Left, President",957156
5_Blackjak/4214,Blackjak,"Nigerian Man, Blackjak, Africa, Nigeria, Civilian (Adult)",129544
5_Blackjak/4215,Blackjak,"Niqab Girl, Blackjak, Middle East, Islam",67327
5_Blackjak/4216,Blackjak,"Normie Black Man, Blackjak, 1990-2000",55579
5_Blackjak/4217,Blackjak,"NPC Support Black MAGA, Blackjak, Group, MAGA",27229
5_Blackjak/4218,Blackjak,"O.G LOC, Blackjak, Full Body, Video Game, Grand Theft Auto, Criminal",169216
5_Blackjak/4219,Blackjak,"Pakistani Civilian, Blackjak, Middle East, Pakistan",175942
5_Blackjak/4220,Blackjak,"Papa Doc, Blackjak, Despot, Haiti, Authoritarian Right, 1960-1970",75293
5_Blackjak/4221,Blackjak,"Pele , Blackjak, Sport, Brazil, 1980-1990",50087
5_Blackjak/4222,Blackjak,"Periwanian Paramilitary, Blackjak, Other Army (Africa)",140728
5_Blackjak/4223,Blackjak,"Peruvian Rifleman of the Royal Regiment of Lima, Blackjak, Peru, Peruvian Armed Forces, 1821-1914",73090
5_Blackjak/4224,Blackjak,"Peruvian Traffic Officer on a Horse, Blackjak, Peru, Peruvian Armed Forces, Rescue Services",134392
5_Blackjak/4225,Blackjak,"Phoenix Jones, Blackjak, United States, Rescue Services",403600
5_Blackjak/4226,Blackjak,"Punching Blackjak, Blackjak, Civilian (Adult)",14041
5_Blackjak/4227,Blackjak,"Rage Black Atari Fan, Blackjak, 1980-1990, Video Game, Brands",7231
5_Blackjak/4228,Blackjak,"Rage Muslim, Blackjak, Middle East, Islam",61404
5_Blackjak/4229,Blackjak,"Raïs M'Bolhi, Blackjak, Algeria, Sport",422708
5_Blackjak/4230,Blackjak,"Rasta, Blackjak, Jamaica, Music",775337
5_Blackjak/4231,Blackjak,"Rastafarian, Blackjak, Jamaica, Central America",168917
5_Blackjak/4232,Blackjak,"Red Shirt BlackJak Chad, Blackjak, Civilian (Adult)",188141
5_Blackjak/4233,Blackjak,"Rhodesian African Rifles, Blackjak, Rhodesian Security Forces, Zimbabwe, 1970-1980",73889
5_Blackjak/4234,Blackjak,"Robert Mugabe, Blackjak, Despot, Zimbabwe, Authoritarian Right, 1990-2000",340981
5_Blackjak/4235,Blackjak,"Rwandan Patriotic Front, Blackjak, Other Army (Africa), Militia Forces, Africa, 1990-2000",152084
5_Blackjak/4236,Blackjak,"Sad Kylian Mbappé, Blackjak, France, Sport, 2020-2030",91024
5_Blackjak/4237,Blackjak,"Samora Machel, Blackjak, President, Mozambique, 1970-1980, Revolution",520292
5_Blackjak/4238,Blackjak,"Samora Machel, Blackjak, Authoritarian Left, 1970-1980, President, Mozambique",315682
5_Blackjak/4239,Blackjak,"Samuel L. Jackson, Blackjak, Movie and TV Show, Criminal",113213
5_Blackjak/4240,Blackjak,"Sendero Luminoso Wojak, Blackjak, Terrorism, Peru, Authoritarian Left",16860
5_Blackjak/4241,Blackjak,"Senegalese Tirailleurs, Blackjak, 1914-1918, France, Armée Française, Senegal",820467
5_Blackjak/4242,Blackjak,"Seretse Khama, Blackjak, Botswana, President, 1960-1970",18134
5_Blackjak/4243,Blackjak,"Seyfu, Blackjak, Music, 2000-2010, France, Senegal",37580
5_Blackjak/4244,Blackjak,"Smug Black Girl, Blackjak, Civilian (Adult)",127772
5_Blackjak/4245,Blackjak,"Smug Storm, Blackjak, Marvel, Comics",37354
5_Blackjak/4246,Blackjak,"Somalian Sultan, Blackjak, Somalia, Africa",114156
5_Blackjak/4247,Blackjak,"Soy Black Girl, Blackjak, Civilian (Adult)",94815
5_Blackjak/4248,Blackjak,"Soy Blackjak, Blackjak, Template",248932
5_Blackjak/4249,Blackjak,"SPLA Soldier, Blackjak, Other Army (Africa), Sudan",136651
5_Blackjak/4250,Blackjak,"SS Black Woman, Blackjak, Flamethrower Template, National-Socialism",349489
5_Blackjak/4251,Blackjak,"Stanely Brown, Blackjak, United Kingdom",52404
5_Blackjak/4252,Blackjak,"Stefan Corbin Burnett (MC Ride), Blackjak, Music, United States, 2010-2020",242012
5_Blackjak/4253,Blackjak,"Sudanese Wojak, Blackjak, Sudan, Africa",100199
5_Blackjak/4254,Blackjak,"Sunspot, Blackjak, Comics, DC",97936
5_Blackjak/4255,Blackjak,"Taharqa, Blackjak, Ancient Egypt, Monarch, -3000-476, Sudan",357428
5_Blackjak/4256,Blackjak,"Teenage Elves Girls Group, Blackjak, Fantasy, Group, Elf",274664
5_Blackjak/4257,Blackjak,"Teen Blackjak Chad, Blackjak, Civilian (Teenager)",164627
5_Blackjak/4258,Blackjak,"Teen Blackjak, Blackjak, Civilian (Teenager)",156524
5_Blackjak/4259,Blackjak,"Teen BlackJak, Blackjak, Civilian (Teenager)",110395
5_Blackjak/4260,Blackjak,"The High Hegemon, Blackjak, Futuristic, Space, Starsector",166436
5_Blackjak/4261,Blackjak,"The Knight Of Ludd, Blackjak, Space, Starsector",24268
5_Blackjak/4262,Blackjak,"The Mercenary, Blackjak, Space, Starsector",26404
5_Blackjak/4263,Blackjak,"The Riot Soldier, Blackjak, Post Apocalyptic, Rescue Services, Flamethrower Template",188361
5_Blackjak/4264,Blackjak,"The Venusian Floater, Blackjak, Futuristic, Space",395141
5_Blackjak/4265,Blackjak,"Thomas Sankara, Blackjak, Revolution, President, 1980-1990, Burkina Faso, Authoritarian Left",192751
5_Blackjak/4266,Blackjak,"Thomas Sankara, Blackjak, Burkina Faso, Authoritarian Left, 1980-1990, President, Revolution",190220
5_Blackjak/4267,Blackjak,"Thomas Sankara, Blackjak, Burkina Faso, President, Authoritarian Left, 1980-1990, Revolution",67795
5_Blackjak/4268,Blackjak,"Thomas Sankara , Blackjak, Burkina Faso, President, Authoritarian Left, Revolution, 1980-1990",365581
5_Blackjak/4269,Blackjak,"Thomas Sankara, Blackjak, Burkina Faso, President, Revolution, 1980-1990, Authoritarian Left",175866
5_Blackjak/4270,Blackjak,"Thomas Sankara, Blackjak, Burkina Faso, President, Other Army (Africa), 1980-1990",384130
5_Blackjak/4271,Blackjak,"Tired Demoman, Blackjak, Video Game, Team Fortress 2",98862
5_Blackjak/4272,Blackjak,"Toussaint Louverture, Blackjak, Revolution, Haiti, France",132745
5_Blackjak/4273,Blackjak,"Travis Scott, Blackjak, United States, Texas, Music, 2010-2020",1804982
5_Blackjak/4274,Blackjak,"Tribal African, Blackjak, Autochthonous, Africa",57759
5_Blackjak/4275,Blackjak,"Turkish Blackjack Man, Blackjak, Europe, Turkey",493545
5_Blackjak/4276,Blackjak,"Tuxedo Smug Black Girl, Blackjak, Nobility and Bourgeoisie",96064
5_Blackjak/4277,Blackjak,"Urien, Blackjak, Video Game, Street Fighter",22504
5_Blackjak/4278,Blackjak,"Vulls , Blackjak, Youtube, Africa, Saudi Arabia",319198
5_Blackjak/4279,Blackjak,"Waves and Airpods, Blackjak, Civilian (Teenager)",227178
5_Blackjak/4280,Blackjak,"X6-88, Blackjak, Post Apocalyptic, Fallout",97510
5_Blackjak/4281,Blackjak,"Zimbabwean, Blackjak, Zimbabwe, Civilian (Adult)",281538
5_Blackjak/4282,Blackjak,"Zulu , Blackjak, Africa, Autochthonous, South Africa",206617
5_Blobjak/9844,Blobjak,"Abu Bakr al-Baghdadi, Blobjak, Iraq, Terrorism, 2010-2020, Criminal",207904
5_Blobjak/9845,Blobjak,"Acheiver, Blobjak, Sport",159486
5_Blobjak/9846,Blobjak,"Afonso II, Blobjak, Portugal, Monarch, 476-1492",382507
5_Blobjak/9847,Blobjak,"Algerian Blobjak, Blobjak, Africa, Algeria",48543
5_Blobjak/9848,Blobjak,"Angry Blobjak, Blobjak, Template",17300
5_Blobjak/9849,Blobjak,"Angry John Adams, Blobjak, United States, 1789-1821, President",74352
5_Blobjak/9850,Blobjak,"Antonio Maura, Blobjak, Spain, President, 1914-1918",113553
5_Blobjak/9851,Blobjak,"Aziz Akhannouch, Blobjak, Morocco, Prime Minister, 2020-2030",15451
5_Blobjak/9852,Blobjak,"Baltasar Brum, Blobjak, Uruguay, 1914-1918, Authoritarian Right, President",124777
5_Blobjak/9853,Blobjak,"Bandit King, Blobjak, Fantasy",191919
5_Blobjak/9854,Blobjak,"Big Smoke, Blobjak, Criminal, Video Game, Grand Theft Auto",13802
5_Blobjak/9855,Blobjak,"Black Priest, Blobjak, Christianism, Religious Authority",9231
5_Blobjak/9856,Blobjak,"Blobjak Chad Masked, Blobjak, Template, Masked",384339
5_Blobjak/9857,Blobjak,"Blobjak Chief, Blobjak, Employee, Food and Drink",750589
5_Blobjak/9858,Blobjak,"Blobjak Chief, Blobjak, Employee, Food and Drink",95519
5_Blobjak/9859,Blobjak,"Blobjak Chief, Blobjak, Employee, Food and Drink",95519
5_Blobjak/9860,Blobjak,"Blobjak Crying, Blobjak, Template",187808
5_Blobjak/9861,Blobjak,"Blobjak Crying, Blobjak, Template",317296
5_Blobjak/9862,Blobjak,"Blobjak Crying, Blobjak, Template",317296
5_Blobjak/9863,Blobjak,"Blobjak Donald J. Trump, Blobjak, MAGA, 2010-2020, President, United States",73115
5_Blobjak/9864,Blobjak,"Blobjak Eating A Burger, Blobjak, Brands, Food and Drink, Civilian (Adult)",62552
5_Blobjak/9865,Blobjak,"Blobjak Eating, Blobjak, Food and Drink",132216
5_Blobjak/9866,Blobjak,"Blobjak Hugging, Blobjak, Template, Group",93185
5_Blobjak/9867,Blobjak,"Blobjak IGNIS, Blobjak, The Ever-Expanding Bunker, IGNIS (The Ever-Expanding Bunker)",479910
5_Blobjak/9868,Blobjak,"Blobjak Reading, Blobjak, Civilian (Adult)",6453
5_Blobjak/9869,Blobjak,"Blobjak Sad, Blobjak, Injured and Dead",7038
5_Blobjak/9870,Blobjak,"Blobjak Smoking, Blobjak, Template",167010
5_Blobjak/9871,Blobjak,"Blobjak Thinking Groomer, Blobjak, Template",19789
5_Blobjak/9872,Blobjak,"Blobjak Thinking Negative, Blobjak, Strange",14771
5_Blobjak/9873,Blobjak,"Blobjak Thinking, Blobjak, Template",12565
5_Blobjak/9874,Blobjak,"Blobjak Tuxedo, Blobjak, Nobility and Bourgeoisie, Liberal Right",93057
5_Blobjak/9875,Blobjak,"Blobjak Tuxedo, Blobjak, Nobility and Bourgeoisie",49620
5_Blobjak/9876,Blobjak,"Blobjak Tuxedo, Blobjak, Nobility and Bourgeoisie",49620
5_Blobjak/9877,Blobjak,"Blobjak With The Brain Apparent, Blobjak, Template",50145
5_Blobjak/9878,Blobjak,"Blushing BlobJak, Blobjak, Template",42924
5_Blobjak/9879,Blobjak,"Boïko Borissov, Blobjak, Bulgaria, Prime Minister, 2010-2020",112653
5_Blobjak/9880,Blobjak,"Boomer Priest, Blobjak, Christianism, Religious Authority",44439
5_Blobjak/9881,Blobjak,"Brown Shirt Soy Blobjak, Blobjak, Civilian (Adult)",186395
5_Blobjak/9882,Blobjak,"Buddhism Blobjak, Blobjak, Buddhism, Asia",48444
5_Blobjak/9883,Blobjak,"Butcher, Blobjak, The Ever-Expanding Bunker, Monster",46878
5_Blobjak/9884,Blobjak,"Can Sungur, Blobjak, Turkey, Youtube",566335
5_Blobjak/9885,Blobjak,"Chris Walker, Blobjak, Video Game, Monster, Outlast",342039
5_Blobjak/9886,Blobjak,"Chubby Smile Wojak, Blobjak, Template",9487
5_Blobjak/9887,Blobjak,"Chuk, Blobjak, Civilian (Adult)",203689
5_Blobjak/9888,Blobjak,"Coomer Blobjak, Blobjak, Template",75395
5_Blobjak/9889,Blobjak,"Crying Blobjak, Blobjak, Template",50077
5_Blobjak/9890,Blobjak,"Crying Mickeal J, Blobjak, Internet, Youtube, France",15619
5_Blobjak/9891,Blobjak,"Crying Obese, Blobjak, Civilian (Adult)",150009
5_Blobjak/9892,Blobjak,"Dong Zhuo, Blobjak, China, Other Sovereign Title, -3000-476",249243
5_Blobjak/9893,Blobjak,"Doomer Blobjak, Blobjak, Civilian (Teenager)",62948
5_Blobjak/9894,Blobjak,"Emperor Jimmu, Blobjak, Japan, -3000-476, Imperial, Mythology",344627
5_Blobjak/9895,Blobjak,"Eric Cartman blobjak, Blobjak, Cartoon, South Park",158444
5_Blobjak/9896,Blobjak,"Fantasy Priest, Blobjak, Religious Authority, Fantasy",187673
5_Blobjak/9897,Blobjak,"Fat Boomer, Blobjak, Template",63413
5_Blobjak/9898,Blobjak,"Fat Buddhist, Blobjak, Buddhism, Asia",496777
5_Blobjak/9899,Blobjak,"Fat Crying Mobility Scooter, Blobjak, Civilian (Adult)",748660
5_Blobjak/9900,Blobjak,"Fat Iman, Blobjak, Islam, Middle East",230248
5_Blobjak/9901,Blobjak,"Fat Steam Enjoyer, Blobjak, Video Game",117571
5_Blobjak/9902,Blobjak,"Fat Wojak, Blobjak, Template",96909
5_Blobjak/9903,Blobjak,"Fat Wojak, Blobjak, Template",386902
5_Blobjak/9904,Blobjak,"Fedora Soy Blobjak, Blobjak, Civilian (Adult)",223280
5_Blobjak/9905,Blobjak,"Fedora Soy Blobjak, Blobjak, Civilian (Adult)",549244
5_Blobjak/9906,Blobjak,"Fedora Soy Blobjak, Blobjak, Civilian (Adult)",549244
5_Blobjak/9907,Blobjak,"Ganesh Blobjak, Blobjak, Hinduism, Asia, India, Mythology",145341
5_Blobjak/9908,Blobjak,"Gaston Doumergue, Blobjak, France, 1918-1939, President",40517
5_Blobjak/9909,Blobjak,"Georgi Malenkov, Blobjak, 1950-1960, Soviet Union, Authoritarian Left, General Secretary",62469
5_Blobjak/9910,Blobjak,"Giovanni Spadolini, Blobjak, Italy, 1990-2000, Liberal Left",222288
5_Blobjak/9911,Blobjak,"Glass Duke, Blobjak, Fantasy, Demon",128647
5_Blobjak/9912,Blobjak,"GlobFish, Blobjak, Internet, LGBT+",19445
5_Blobjak/9913,Blobjak,"Gragas, Blobjak, Video Game, League of Legends",50249
5_Blobjak/9914,Blobjak,"Grey Shirt Crying Soy Blobjak, Blobjak, Civilian (Adult)",458067
5_Blobjak/9915,Blobjak,"Grey Shirt Soy Blobjak, Blobjak, Civilian (Adult)",277687
5_Blobjak/9916,Blobjak,"Guillermo del Toro, Blobjak, Movie and TV Show, 2010-2020, Mexico",55245
5_Blobjak/9917,Blobjak,"Gustav Bauer, Blobjak, Germany, 1918-1939, Liberal Left, Prime Minister",121954
5_Blobjak/9918,Blobjak,"Henry VIII , Blobjak, United Kingdom, Monarch, 1492-1789",101633
5_Blobjak/9919,Blobjak,"Hive Monarch, Blobjak, The Ever-Expanding Bunker",185446
5_Blobjak/9920,Blobjak,"Hosni Mubarak, Blobjak, Egypt, President, 1990-2000, Other Army (Middle East)",326452
5_Blobjak/9921,Blobjak,"Hot-Dog Suicide, Blobjak, Food and Drink",147211
5_Blobjak/9922,Blobjak,"Huell Babineaux, Blobjak, Movie and TV Show, Breaking Bad, Criminal",11597
5_Blobjak/9923,Blobjak,"Hugo Chavez, Blobjak, Venezuela, Authoritarian Left, 2000-2010, President",153246
5_Blobjak/9924,Blobjak,"Iman Blobjak, Blobjak, Islam, Religious Authority",37999
5_Blobjak/9925,Blobjak,"Iman Blobjak, Blobjak, Islam, Religious Authority",36294
5_Blobjak/9926,Blobjak,"Indian Blobjak, Blobjak, Hinduism, Asia, India",48047
5_Blobjak/9927,Blobjak,"Indian Fat Soyjak, Blobjak, Hinduism, Asia, India",138196
5_Blobjak/9928,Blobjak,"Jean Claude Duvalier, Blobjak, Haiti, Authoritarian Right, 1970-1980, President",166219
5_Blobjak/9929,Blobjak,"Jewish Priest , Blobjak, Judaism, Israel, Religious Authority",17068
5_Blobjak/9930,Blobjak,"John Prescott, Blobjak, United Kingdom, 2010-2020, Political Figure",84882
5_Blobjak/9931,Blobjak,"José Miaja Menant, Blobjak, Spain, Spanish Civil War, Nationalist Side (Spanish Civil War), 1918-1939",467226
5_Blobjak/9932,Blobjak,"King Hippo (Punch-Out), Blobjak, Nintendo, Video Game",37623
5_Blobjak/9933,Blobjak,"Kingpin, Blobjak, Comics, Marvel, Criminal",24946
5_Blobjak/9934,Blobjak,"LibRight Control By LibLeft, Blobjak, Political Compass, Liberal Right (Political Compass), Liberal Left (Political Compass)",139230
5_Blobjak/9935,Blobjak,"Ludwig Erhard, Blobjak, Germany, Liberal Right, 1960-1970, Prime Minister",173138
5_Blobjak/9936,Blobjak,"Manuel Azana, Blobjak, Spanish Civil War, Republican Side (Spanish Civil War), 1918-1939, Spain, President",333585
5_Blobjak/9937,Blobjak,"Marcelo Palacios (argentine sports journalist), Blobjak, Argentina",209999
5_Blobjak/9938,Blobjak,"Mario , Blobjak, Video Game, Nintendo, Super Mario",321899
5_Blobjak/9939,Blobjak,"Mario Das Neves, Blobjak, Argentina, 2000-2010",214311
5_Blobjak/9940,Blobjak,"Mech Jong Un, Blobjak, Robot, Korea, Authoritarian Left, Despot",238523
5_Blobjak/9941,Blobjak,"Millard Fillmore, Blobjak, United States, President, 1821-1914, Authoritarian Right",355732
5_Blobjak/9942,Blobjak,"MLP Fan, Blobjak, My Little Pony",236238
5_Blobjak/9943,Blobjak,"Mojo, Blobjak, Comics, DC",158293
5_Blobjak/9944,Blobjak,"Morbidly Obese Daddy's Girl, Blobjak, Civilian (Adult)",404635
5_Blobjak/9945,Blobjak,"Nazi NPC, Blobjak, National-Socialism, The Third Reich, 1939-1945",112452
5_Blobjak/9946,Blobjak,"Noble Blobjak, Blobjak, 476-1492, Nobility and Bourgeoisie",231167
5_Blobjak/9947,Blobjak,"Obese LGBT, Blobjak, Liberal Left, LGBT+",1252000
5_Blobjak/9948,Blobjak,"Paladin, Blobjak, Fantasy",39297
5_Blobjak/9949,Blobjak,"Paladin, Blobjak, Fantasy",39297
5_Blobjak/9950,Blobjak,"Panel Repeating Gag Man, Blobjak, Comics, DC, Marvel",17374
5_Blobjak/9951,Blobjak,"Parasite, Blobjak, Comics, DC",10652
5_Blobjak/9952,Blobjak,"Priest, Blobjak, Christianism, Religious Authority",9124
5_Blobjak/9953,Blobjak,"Priest Blobjak, Blobjak, Christianism, Religious Authority",55530
5_Blobjak/9954,Blobjak,"Priest, Blobjak, Christianism, Religious Authority",9124
5_Blobjak/9955,Blobjak,"Purple Green Fat Groomer, Blobjak, Political Compass, Liberal Right (Political Compass), Liberal Left (Political Compass)",37418
5_Blobjak/9956,Blobjak,"Rafael Trujilo, Blobjak, Authoritarian Right, Dominican Republic, Despot, 1939-1945",137897
5_Blobjak/9957,Blobjak,"Raimundo Fernández Villaverde, Blobjak, Spain, 1821-1914, President",159068
5_Blobjak/9958,Blobjak,"Reddit Mod, Blobjak, Internet, Meme",63067
5_Blobjak/9959,Blobjak,"Red Shirt Soy Blobjak, Blobjak, Civilian (Adult)",280448
5_Blobjak/9960,Blobjak,"Ronys Illami, Blobjak, Fantasy, Elf",16483
5_Blobjak/9961,Blobjak,"Rurik II, Blobjak, 1960-1970, Soviet Union, Monarch",306988
5_Blobjak/9962,Blobjak,"Satanic Priest, Blobjak, Demon, Monster",40739
5_Blobjak/9963,Blobjak,"Shirt Blobjak, Blobjak, Civilian (Adult)",130844
5_Blobjak/9964,Blobjak,"Shrek, Blobjak, Movie and TV Show, Shrek",575582
5_Blobjak/9965,Blobjak,"Sidorovich, Blobjak, Video Game, Post Apocalyptic, S.T.A.L.K.E.R",92758
5_Blobjak/9966,Blobjak,"Smoth Smile Blobjak, Blobjak, Template",17239
5_Blobjak/9967,Blobjak,"Soldado Armenio marchito, Blobjak, Armenia, 1990-2000, Other Army (Caucasus)",213426
5_Blobjak/9968,Blobjak,"Soy Priest, Blobjak, Christianism, Religious Authority",195106
5_Blobjak/9969,Blobjak,"Spooked Priest, Blobjak, Christianism, Religious Authority",9270
5_Blobjak/9970,Blobjak,"Strange Monster Guy, Blobjak, Monster, Strange",63660
5_Blobjak/9971,Blobjak,"Strong Lumberjack Blobjak, Blobjak, Civilian (Adult)",139164
5_Blobjak/9972,Blobjak,"Super Sayan, Blobjak, Anime, Dragon Ball",175387
5_Blobjak/9973,Blobjak,"The Fat Elite-Guard, Blobjak, The Ever-Expanding Bunker, Elite Guard (The Ever-Expanding Bunker)",139830
5_Blobjak/9974,Blobjak,"The Glorious Leader, Blobjak, Post Apocalyptic, Group",117530
5_Blobjak/9975,Blobjak,"The Glow Hive Core, Blobjak, The Ever-Expanding Bunker",282351
5_Blobjak/9976,Blobjak,"The Mac Cultist, Blobjak, The Ever-Expanding Bunker",58782
5_Blobjak/9977,Blobjak,"The Official, Blobjak, Corporation",353426
5_Blobjak/9978,Blobjak,"The Servant Monger, Blobjak, Futuristic, Cyberpunk 2077",1142404
5_Blobjak/9979,Blobjak,"The Sultan's Baker, Blobjak, 1821-1914, Ottoman Empire, Turkey",124602
5_Blobjak/9980,Blobjak,"The Tellek Emperor, Blobjak, Fantasy, Futuristic",74629
5_Blobjak/9981,Blobjak,"The Zealot, Blobjak, Futuristic, Space, Religious Authority",618650
5_Blobjak/9982,Blobjak,"Thicc Devil, Blobjak, Demon, Monster",10926
5_Blobjak/9983,Blobjak,"Thinking Blobjak, Blobjak, Template",69911
5_Blobjak/9984,Blobjak,"Vauthry, Blobjak, Video Game, Final Fantasy, Fantasy",169120
5_Blobjak/9985,Blobjak,"Wendy's BlobJak, Blobjak, Brands, Food and Drink",682932
5_Blobjak/9986,Blobjak,"William Howard Taft, Blobjak, United States, President, 1821-1914, Authoritarian Right",141454
5_Blobjak/9987,Blobjak,"William H. Taft, Blobjak, President, United States, 1918-1939",173189
5_Blobjak/9988,Blobjak,"Wilson Fisk (King Pin), Blobjak, Comics, Marvel",99256
5_Blobjak/9989,Blobjak,"Winter Palace Leader, Blobjak, Russia, Corporation",237792
5_Blobjak/9990,Blobjak,"Woke Preist, Blobjak, Religious Authority, Protestantism, Liberal Left",149128
5_Bloomer/3377,Bloomer,"2000s Romanian Corpo Wojak, Bloomer, Romania, Civilian (Adult)",62595
5_Bloomer/3378,Bloomer,"80s Bloomer, Bloomer, 1980-1990, Civilian (Adult)",175528
5_Bloomer/3379,Bloomer,"Aigle Parque, Bloomer, Internet",62456
5_Bloomer/3380,Bloomer,"Alberto Fujimori, Bloomer, Peru, President, 1990-2000",139304
5_Bloomer/3381,Bloomer,"Alegon, Bloomer, Civilian (Adult)",62755
5_Bloomer/3382,Bloomer,"American GI, Bloomer, United States, 1939-1945, United States Army",117020
5_Bloomer/3383,Bloomer,"American Soldier WW2, Bloomer, United States, 1939-1945, United States Army",36550
5_Bloomer/3384,Bloomer,"American Tank Commander, Bloomer, United States, 1939-1945, United States Army",26511
5_Bloomer/3385,Bloomer,"Antique Soldier, Bloomer, Roman Empire, Knight, -3000-476",107495
5_Bloomer/3386,Bloomer,"A Soldier of the Polish People's Republic in Bechatka wz. 5607, Bloomer, Poland, 1950-1960, Polish Armed Forces",53720
5_Bloomer/3387,Bloomer,"Austrian Steelworker, Bloomer, Austria, Worker",176810
5_Bloomer/3388,Bloomer,"Austrian Steelworker, Bloomer, Austria, Worker",187367
5_Bloomer/3389,Bloomer,"Austrian Steelworker, Bloomer, Austria, Worker",187367
5_Bloomer/3390,Bloomer,"Average Modern Kid Happy, Bloomer, Civilian (Teenager)",73173
5_Bloomer/3391,Bloomer,"Basque Bloomer, Bloomer, France, Spain, Europe",43585
5_Bloomer/3392,Bloomer,"Beautiful, Bloomer, Militia Forces",56254
5_Bloomer/3393,Bloomer,"Becharlit, Bloomer, Internet",151834
5_Bloomer/3394,Bloomer,"(Before) D-Day Wojak, Bloomer, 1939-1945, United States, United States Army",453006
5_Bloomer/3395,Bloomer,"Ben 10, Bloomer, Cartoon, Ben 10",168966
5_Bloomer/3396,Bloomer,"Billy Conolly, Bloomer, Scotland, United Kingdom",69598
5_Bloomer/3397,Bloomer,"Bisexual Pride Flag Bearer, Bloomer, LGBT+, Flag",75539
5_Bloomer/3398,Bloomer,"Bitcoin Bloomer, Bloomer, Corporation, Brands",99089
5_Bloomer/3399,Bloomer,"BKA Soldier, Bloomer, Belarus, Other Army (Europe)",1007629
5_Bloomer/3400,Bloomer,"Black Bulgarian Gypsy, Bloomer, Morocco, Other Army (Africa)",118854
5_Bloomer/3401,Bloomer,"Black Businessman Blackjak, Bloomer, Corporation, Corporation",84858
5_Bloomer/3402,Bloomer,"Blockhead, Bloomer, Cartoon, Internet",45962
5_Bloomer/3403,Bloomer,"Blondi Smoke Wojak, Bloomer, Civilian (Adult)",95626
5_Bloomer/3404,Bloomer,"Bloomer, Bloomer, Template",186356
5_Bloomer/3405,Bloomer,"Bloomer, Bloomer, Template",212368
5_Bloomer/3406,Bloomer,"Bloomer, Bloomer, Template",105720
5_Bloomer/3407,Bloomer,"Bloomer Caesar, Bloomer, Liberal Left",30305
5_Bloomer/3408,Bloomer,"Bloomer CEO, Bloomer, Corporation",24789
5_Bloomer/3409,Bloomer,"Bloomer Commie, Bloomer, Authoritarian Left, 1918-1939, Worker",65629
5_Bloomer/3410,Bloomer,"Bloomer Girl, Bloomer, Civilian (Teenager)",3908
5_Bloomer/3411,Bloomer,"Bloomer Girl, Bloomer, Civilian (Teenager)",4266
5_Bloomer/3412,Bloomer,"Bloomer On Drug, Bloomer, Liberal Left",506987
5_Bloomer/3413,Bloomer,"Bloomer Paris Saclay, Bloomer, France, 2010-2020, Academic",276965
5_Bloomer/3414,Bloomer,"Bloomer, Bloomer, Template",10179
5_Bloomer/3415,Bloomer,"Bloomer Scout, Bloomer, Video Game, Team Fortress 2",95742
5_Bloomer/3416,Bloomer,"Bloomer with a Military Shirt, Bloomer, 1970-1980, Civilian (Adult)",320440
5_Bloomer/3417,Bloomer,"Bloomer With Bblack Sweater, Bloomer, Civilian (Adult)",12987
5_Bloomer/3418,Bloomer,"Bloomer With Brown Hair, Bloomer, Civilian (Adult)",21616
5_Bloomer/3419,Bloomer,"Bloomer With Red Hair, Bloomer, Civilian (Adult)",24005
5_Bloomer/3420,Bloomer,"Blushing Russian Soldier, Bloomer, 2000-2010, Russian Armed Forces, Russia",667911
5_Bloomer/3421,Bloomer,"Bob Ross Wojak, Bloomer, Art, United States",600873
5_Bloomer/3422,Bloomer,"Bogbusters, Bloomer, The Ever-Expanding Bunker, Group",240253
5_Bloomer/3423,Bloomer,"Bolesław Piasecki Bloomer, Bloomer, 1918-1939, Authoritarian Right, Poland",276101
5_Bloomer/3424,Bloomer,"Boogaloo boi, Bloomer, Survivalism, Tourism",1226477
5_Bloomer/3425,Bloomer,"Brahmim Bloomer, Bloomer, India, Hinduism, Asia",241451
5_Bloomer/3426,Bloomer,"Brazilian Estado Novo Bloomer, Bloomer, Brazil, Brazilian Armed Forces, 1939-1945",280623
5_Bloomer/3427,Bloomer,"Broken Bloomer, Bloomer, Civilian (Adult)",353111
5_Bloomer/3428,Bloomer,"Cab Calloway , Bloomer, United States, Music, 1918-1939, Full Body",349037
5_Bloomer/3429,Bloomer,"Carl Sagan, Bloomer, Science",61822
5_Bloomer/3430,Bloomer,"Chef, Bloomer, Food and Drink, Employee",79769
5_Bloomer/3431,Bloomer,"Childish Bloomer, Bloomer, Civilian (Teenager)",77307
5_Bloomer/3432,Bloomer,"Chilean President, Bloomer, Chile, President",196384
5_Bloomer/3433,Bloomer,"Chileno 1910, Bloomer, Chile, 1821-1914",40285
5_Bloomer/3434,Bloomer,"Chileno Patriota, Bloomer, Chile, 1821-1914",308437
5_Bloomer/3435,Bloomer,"China Map, Bloomer, Asia, China, Map",7662
5_Bloomer/3436,Bloomer,"Chinese Soldier, Bloomer, China, 1950-1960, People's Liberation Army",139538
5_Bloomer/3437,Bloomer,"Chinese Soldier Bloomer, Bloomer, China, 1950-1960, People's Liberation Army",129962
5_Bloomer/3438,Bloomer,"Circle Trigon, Bloomer, United States Army, United States",79630
5_Bloomer/3439,Bloomer,"Circle Trigon Foot Soldier, Bloomer, United States Army, United States",73291
5_Bloomer/3440,Bloomer,"Civilian Bloomer, Bloomer, Civilian (Adult)",27209
5_Bloomer/3441,Bloomer,"Cliff (Once Upon a Time… in Hollywood), Bloomer, Movie and TV Show, 1939-1945, United States, Tourism",71511
5_Bloomer/3442,Bloomer,"Codreanu Bloomer, Bloomer, 1918-1939, Authoritarian Right, Romania",247796
5_Bloomer/3443,Bloomer,"Communist Muslim, Bloomer, Political Compass, Flag, Islam, Liberal Left (Political Compass)",95874
5_Bloomer/3444,Bloomer,"Cry-happy wojak, Bloomer, Template",39978
5_Bloomer/3445,Bloomer,"Crying Bloomer, Bloomer, Template",26304
5_Bloomer/3446,Bloomer,"Crying Bloomer, Bloomer, Template",22225
5_Bloomer/3447,Bloomer,"Crying Happy Man, Bloomer, Civilian (Adult)",36409
5_Bloomer/3448,Bloomer,"Crying Mario, Bloomer, Nintendo, Video Game, Super Mario",167688
5_Bloomer/3449,Bloomer,"Decima Mas Commando, Bloomer, Italy , 1939-1945, Royal Italian Army",1081460
5_Bloomer/3450,Bloomer,"Dipsy, Bloomer, United Kingdom, Movie and TV Show",19417
5_Bloomer/3451,Bloomer,"Dr. Disaster, Bloomer, Post Apocalyptic, Science",79211
5_Bloomer/3452,Bloomer,"Dr. Kleiner, Bloomer, Video Game, Half Life, Science",84158
5_Bloomer/3453,Bloomer,"Duce, Bloomer, Italy, Royal Italian Army, 1939-1945, Despot",867687
5_Bloomer/3454,Bloomer,"Eckhart von Hochheim ""Meister Eckhart"", Bloomer, Philosophy, Christianism, 1492-1789, Germany",487388
5_Bloomer/3455,Bloomer,"El Matador, Bloomer, Spain, Festivity",22325
5_Bloomer/3456,Bloomer,"Emperor Hulkling, Bloomer, Comics, Marvel",42732
5_Bloomer/3457,Bloomer,"ERGO Bloomer, Bloomer, Germany, Brands",91478
5_Bloomer/3458,Bloomer,"EU Bloomer Girl, Bloomer, European Union",200205
5_Bloomer/3459,Bloomer,"Extreme vespa, Bloomer, Indonesia, Full Body",925600
5_Bloomer/3460,Bloomer,"Faker, Bloomer, Masked",206928
5_Bloomer/3461,Bloomer,"Farouk I, Bloomer, Egypt, 1950-1960, Monarch",20130
5_Bloomer/3462,Bloomer,"Flag dude wojak, Bloomer, Flag",161210
5_Bloomer/3463,Bloomer,"Flemish troop, Bloomer, Belgium",99833
5_Bloomer/3464,Bloomer,"Francky Snow, Bloomer, Comics, Cartoon, Sport",331354
5_Bloomer/3465,Bloomer,"François-Marie Arouet ""Voltaire"", Bloomer, France, 1492-1789, Philosophy",25173
5_Bloomer/3466,Bloomer,"Francoist Wojak, Bloomer, 1918-1939, Authoritarian Right, Nationalist Side (Spanish Civil War), Spain, Spanish Civil War, Despot",20617
5_Bloomer/3467,Bloomer,"Freedom Wojak, Bloomer, Strange",562170
5_Bloomer/3468,Bloomer,"French Hiking Bloomer, Bloomer, Tourism, France",249251
5_Bloomer/3469,Bloomer,"French Horse Artiller Officer 1805, Bloomer, France, 1789-1821, Grande Armée",174800
5_Bloomer/3470,Bloomer,"French Napoleonic Soldier, Bloomer, 1789-1821, Grande Armée, France",208304
5_Bloomer/3471,Bloomer,"Gage, Bloomer, Family, Masked",98565
5_Bloomer/3472,Bloomer,"George W. Bush, Bloomer, United States, President, 2000-2010",298076
5_Bloomer/3473,Bloomer,"Gerhard Schröder, Bloomer, Germany, Liberal Left, 1990-2000, Prime Minister",205135
5_Bloomer/3474,Bloomer,"German Bloomer, Bloomer, Europe, Germany, Flag",301424
5_Bloomer/3475,Bloomer,"German Field Soldier, Bloomer, Germany, 1939-1945",113353
5_Bloomer/3476,Bloomer,"German Social Democrat Bloomer , Bloomer, Flag, Germany, Liberal Left, 2010-2020",124763
5_Bloomer/3477,Bloomer,"German with Coke, Bloomer, The Third Reich, Deutsches Heer, 1939-1945, Food and Drink",147789
5_Bloomer/3478,Bloomer,"Ghazi Mishaal Ajil Yawar , Bloomer, Iraq, President, 2000-2010",181699
5_Bloomer/3479,Bloomer,"Gopnik , Bloomer, Russia, Criminal, Music",1042314
5_Bloomer/3480,Bloomer,"Green, Bloomer, Strange",91348
5_Bloomer/3481,Bloomer,"Green Tuxedo Bloomer, Bloomer, Corporation",146415
5_Bloomer/3482,Bloomer,"Greg (Bodies Bodies Bodies), Bloomer, Movie and TV Show, Civilian (Teenager)",171613
5_Bloomer/3483,Bloomer,"Guy holding Bangladesh flag, Bloomer, Bangladesh, Asia, Flag",273002
5_Bloomer/3484,Bloomer,"Halo Fan, Bloomer, Video Game, Halo",51542
5_Bloomer/3485,Bloomer,"Happy Alex, Bloomer, Militia Forces",59151
5_Bloomer/3486,Bloomer,"Happy Bloomer, Bloomer, Civilian (Adult)",71230
5_Bloomer/3487,Bloomer,"Happy Blue Hoodie Bloomer, Bloomer, Civilian (Adult)",61798
5_Bloomer/3488,Bloomer,"Happy Businessman, Bloomer, Corporation",121756
5_Bloomer/3489,Bloomer,"Happy Crying Generalfeldmarschall, Bloomer, 1939-1945, The Third Reich, Deutsches Heer",52787
5_Bloomer/3490,Bloomer,"Happy Crying Wojak, Bloomer, Template",173549
5_Bloomer/3491,Bloomer,"Happy Doomer, Bloomer, Civilian (Adult)",45368
5_Bloomer/3492,Bloomer,"Happy Family, Bloomer, Family, Group",157548
5_Bloomer/3493,Bloomer,"Happy French Sailor, Bloomer, 1914-1918, France, Armée Française, Ocean",67010
5_Bloomer/3494,Bloomer,"Happy Goku, Bloomer, Anime, Dragon Ball",351960
5_Bloomer/3495,Bloomer,"Happy Horny, Bloomer, Template",10054
5_Bloomer/3496,Bloomer,"Happy Imperial Peruvian Guard, Bloomer, Peru, Peruvian Armed Forces, 1821-1914",183799
5_Bloomer/3497,Bloomer,"Happy Jordanian, Bloomer, Middle East, Jordan",1305716
5_Bloomer/3498,Bloomer,"Happy MacWorker, Bloomer, Brands, Employee, Food and Drink",80309
5_Bloomer/3499,Bloomer,"Happy Maid, Bloomer, Employee, Anime",126185
5_Bloomer/3500,Bloomer,"Happy Mexican Grandpa, Bloomer, Mexico, Civilian (Eldery)",148447
5_Bloomer/3501,Bloomer,"Happy Miklós Horthy, Bloomer, Hungary, Despot, 1939-1945",102676
5_Bloomer/3502,Bloomer,"Happy Sikh, Bloomer, India, Sikhism, 476-1492",278328
5_Bloomer/3503,Bloomer,"Happy Slovak Soldier, Bloomer, Slovakia, Czechia, Other Army (Europe)",145311
5_Bloomer/3504,Bloomer,"Happy Smug Mateo de Toro Zambrano, Bloomer, Chile, Political Figure, 1789-1821",311513
5_Bloomer/3505,Bloomer,"Happy Sole Survivor with Radaway, Bloomer, Video Game, Post Apocalyptic, Fallout",99444
5_Bloomer/3506,Bloomer,"Happy Swiss Soldier, Bloomer, Switzerland, Other Army (Europe)",136560
5_Bloomer/3507,Bloomer,"Happy Tryo Fan, Bloomer, Music, France, 2020-2030",577212
5_Bloomer/3508,Bloomer,"Happy Wojak, Bloomer, Template",9066
5_Bloomer/3509,Bloomer,"Happy Wojak, Bloomer, Template",9066
5_Bloomer/3510,Bloomer,"Harry S. Truman, Bloomer, United States, President, 1939-1945",273353
5_Bloomer/3511,Bloomer,"Ha Sang-hyeon (Broker), Bloomer, Movie and TV Show, Korea",108566
5_Bloomer/3512,Bloomer,"HD EU Bloomer, Bloomer, European Union, Europe",48308
5_Bloomer/3513,Bloomer,"Héctor Campora, Bloomer, Argentina, 1970-1980",103756
5_Bloomer/3514,Bloomer,"Hiking Bloomer, Bloomer, Tourism",252222
5_Bloomer/3515,Bloomer,"Hippie, Bloomer, United States, Liberal Left, Vietnam War, 1970-1980",11209
5_Bloomer/3516,Bloomer,"HODL Bloomer, Bloomer, Brands",74070
5_Bloomer/3517,Bloomer,"Houari Boumédiène, Bloomer, Algeria, President, 1960-1970, Authoritarian Left",20964
5_Bloomer/3518,Bloomer,"HQ Worker - Level 99, Bloomer, Worker, Worker Team (The Ever-Expanding Bunker), The Ever-Expanding Bunker",73414
5_Bloomer/3519,Bloomer,"Imperator Bloomer, Bloomer, -3000-476, Roman Empire, Imperial",58516
5_Bloomer/3520,Bloomer,"Iranian Football Supporter, Bloomer, Iran, Middle East, Flag, Sport",77008
5_Bloomer/3521,Bloomer,"ISIS Bomby Bomb, Bloomer, Middle East, Terrorism, Islam",140783
5_Bloomer/3522,Bloomer,"Italian Colonial Soldier, Bloomer, Italy, 1918-1939, Royal Italian Army, Colonial",1083752
5_Bloomer/3523,Bloomer,"Italian Soldier, Bloomer, 1939-1945, Italy, Royal Italian Army",569955
5_Bloomer/3524,Bloomer,"Italy (Hetalia), Bloomer, Anime",9232
5_Bloomer/3525,Bloomer,"Jacobin Bloomer, Bloomer, 1789-1821, France, French Revolution",56215
5_Bloomer/3526,Bloomer,"James Hetfield, Bloomer, Postal",42165
5_Bloomer/3527,Bloomer,"Joel Osteen, Bloomer, Christianism, Masked, Civilian (Eldery)",209307
5_Bloomer/3528,Bloomer,"José Manuel Balmaceda Fernández, Bloomer, Chile, 1821-1914, President",90790
5_Bloomer/3529,Bloomer,"Kemalist Turk, Bloomer, Turkey, Turkish Armed Forces",75319
5_Bloomer/3530,Bloomer,"Khmer Rouge, Bloomer, 1970-1980, Cambodia, Authoritarian Left",352173
5_Bloomer/3531,Bloomer,"Khmer Rouge, Bloomer, 1970-1980, Cambodia, Authoritarian Left",312598
5_Bloomer/3532,Bloomer,"Killer Robot, Bloomer, Robot",64373
5_Bloomer/3533,Bloomer,"King James Strang, Bloomer, Monarch, 476-1492",112944
5_Bloomer/3534,Bloomer,"Konrad Henlein, Bloomer, 1939-1945, Czechia, The Third Reich, National-Socialism",153120
5_Bloomer/3535,Bloomer,"Kurdish Bloomer, Bloomer, Kurdistan",98545
5_Bloomer/3536,Bloomer,"Kurdish Bloomer, Bloomer, Kurdistan",95907
5_Bloomer/3537,Bloomer,"Latvian Legionnaire, Bloomer, Other Army (Europe), 1939-1945, Authoritarian Right, Latvia",192985
5_Bloomer/3538,Bloomer,"Le Happy Office Worker, Bloomer, Masked, Employee",210354
5_Bloomer/3539,Bloomer,"Leon Degrelle, Bloomer, Belgian Armed Forces, Belgium, 1939-1945, The Third Reich, Authoritarian Right, National-Socialism",202355
5_Bloomer/3540,Bloomer,"Lima Priest, Bloomer, Peru, Autochthonous, South America, Religious Authority",190903
5_Bloomer/3541,Bloomer,"Lithuanian Policeman in Summer Uniform, Bloomer, Lithuania, Rescue Services",114233
5_Bloomer/3542,Bloomer,"Luis Miguel Sánchez Cerro, Bloomer, Peru, Peruvian Armed Forces, 1918-1939, President",117973
5_Bloomer/3543,Bloomer,"Lumberjack Bloomer, Bloomer, Employee",156561
5_Bloomer/3544,Bloomer,"Lynval Golding, Bloomer, United Kingdom, Jamaica, Music, 1980-1990",633390
5_Bloomer/3545,Bloomer,"Mahatma Gandhi, Bloomer, India, Political Figure, 1945-1950, Liberal Left, Hinduism",79782
5_Bloomer/3546,Bloomer,"Makhno Supporter, Bloomer, 1914-1918, Ukraine, Anarchism, Revolution",26090
5_Bloomer/3547,Bloomer,"Malcolm X, Bloomer, United States, 1970-1980, Islam, Political Figure, Liberal left",118135
5_Bloomer/3548,Bloomer,"McDonald's Wojak, Bloomer, Corporation, Food and Drink",334536
5_Bloomer/3549,Bloomer,"Me, Bloomer, Civilian (Eldery)",83119
5_Bloomer/3550,Bloomer,"Mendocino , Bloomer, Argentina, Civilian (Adult), Food and Drink",91057
5_Bloomer/3551,Bloomer,"Mohammed VI 2000's, Bloomer, Morocco, Monarch, 2000-2010",27045
5_Bloomer/3552,Bloomer,"Mohammed VI 2010's, Bloomer, Morocco, Monarch, 2010-2020",38642
5_Bloomer/3553,Bloomer,"Mohammed VI 2020's, Bloomer, Morocco, Monarch, 2020-2030",29680
5_Bloomer/3554,Bloomer,"Monster Teen Bloomer, Bloomer, Civilian (Teenager)",243728
5_Bloomer/3555,Bloomer,"Montenegro soldier, Bloomer, Montenegro",643925
5_Bloomer/3556,Bloomer,"Mutant Cultist Bloomer, Bloomer, Demon, Injured and Dead",93384
5_Bloomer/3557,Bloomer,"My Melody, Bloomer, Anime, Hello Kitty",374609
5_Bloomer/3558,Bloomer,"Napoléon Bonaparte, Bloomer, Imperial, 1789-1821, France",27407
5_Bloomer/3559,Bloomer,"Napoleon Coronation , Bloomer, France, 1789-1821, Grande Armée",103855
5_Bloomer/3560,Bloomer,"Native Church, Bloomer, United States, Autochthonous",618529
5_Bloomer/3561,Bloomer,"Navarre Brigades member, Bloomer, Spain, Spanish Civil War, Nationalist Side (Spanish Civil War), 1918-1939",249460
5_Bloomer/3562,Bloomer,"Nazca Priest, Bloomer, Peru, Autochthonous, South America, Religious Authority",197925
5_Bloomer/3563,Bloomer,"Neville Chamberlain, Bloomer, United Kingdom, 1918-1939, Prime Minister",585730
5_Bloomer/3564,Bloomer,"New beat, Bloomer, Music, Belgium, 1980-1990",481995
5_Bloomer/3565,Bloomer,"Nice Guy, Bloomer, Civilian (Adult)",503291
5_Bloomer/3566,Bloomer,"Nicolae Ceaușescu, Bloomer, Romania, 1939-1945, Authoritarian Left, General Secretary",177661
5_Bloomer/3567,Bloomer,"Night Wing, Bloomer, Comics, DC",673954
5_Bloomer/3568,Bloomer,"Noble, Bloomer, 476-1492, Nobility and Bourgeoisie",148777
5_Bloomer/3569,Bloomer,"Norway Huggin Sweden, Bloomer, Scandinavia, Sweden, Norway, Group",39207
5_Bloomer/3570,Bloomer,"Old Hippie, Bloomer, United States, Liberal Left, Vietnam War, 1970-1980",217850
5_Bloomer/3571,Bloomer,"Orion Bloomer, Bloomer, Brands",69417
5_Bloomer/3572,Bloomer,"Osomatsu, Bloomer, Anime, Osomatsu-san",63410
5_Bloomer/3573,Bloomer,"Otto, Bloomer, Re: Zero, Anime",44840
5_Bloomer/3574,Bloomer,"Ottoman Bloomer, Bloomer, Ottoman Army, Ottoman Empire",52520
5_Bloomer/3575,Bloomer,"Ottoman Bloomer, Bloomer, Ottoman Empire",53067
5_Bloomer/3576,Bloomer,"Ottoman Broken Bloomer, Bloomer, Ottoman Empire",66866
5_Bloomer/3577,Bloomer,"Ottoman Janissary, Bloomer, Ottoman Army, Ottoman Empire, 476-1492",174514
5_Bloomer/3578,Bloomer,"Paramilitary Bloomer , Bloomer, Militia Forces, Survivalism",173282
5_Bloomer/3579,Bloomer,"PARSI GUY, Bloomer, Iran, Other Army (Asia)",482513
5_Bloomer/3580,Bloomer,"PARSI GUY, Bloomer, Iran, Other Army (Asia)",487153
5_Bloomer/3581,Bloomer,"Party Bloomer, Bloomer, Civilian (Adult)",642740
5_Bloomer/3582,Bloomer,"Party goers (backroom), Bloomer, Monster, Strange",225581
5_Bloomer/3583,Bloomer,"Party goers (backroom), Bloomer, Monster, Strange",604671
5_Bloomer/3584,Bloomer,"Pashtunistan Flag Waver, Bloomer, Afghanistan, Authoritarian Right, Flag",90201
5_Bloomer/3585,Bloomer,"Patriach Bloomer, Bloomer, Christianism, Orthodox, Religious Authority",22036
5_Bloomer/3586,Bloomer,"Pekora Enjoyer, Bloomer, Japan, Virtual Youtuber, Youtube, Youtube",27693
5_Bloomer/3587,Bloomer,"Persian Bloomer, Bloomer, Middle East, Iran",86109
5_Bloomer/3588,Bloomer,"Policeman, Bloomer, Rescue Services",265761
5_Bloomer/3589,Bloomer,"Polish 1920 Bloomer, Bloomer, Poland, 1918-1939, Polish Armed Forces",48585
5_Bloomer/3590,Bloomer,"Poor Indonesian, Bloomer, Indonesia",218541
5_Bloomer/3591,Bloomer,"Pour toi, Bloomer, LGBT+",249740
5_Bloomer/3592,Bloomer,"Presiden Ir. Soekarno, Bloomer, Other Army (Asia), Indonesia, 1945-1950",121694
5_Bloomer/3593,Bloomer,"Prussian Soldier, Bloomer, 1821-1914, Prussia",225466
5_Bloomer/3594,Bloomer,"Psychobilly , Bloomer, Music, United Kingdom",568683
5_Bloomer/3595,Bloomer,"Radical Randy, Bloomer, The Ever-Expanding Bunker, Steampunk",280609
5_Bloomer/3596,Bloomer,"Really Happy Alex, Bloomer, Militia Forces",52909
5_Bloomer/3597,Bloomer,"Retro Atari Fan, Bloomer, Brands, Video Game, 1980-1990",163287
5_Bloomer/3598,Bloomer,"Richard Feynman, Bloomer, Science, United States, 1980-1990",29945
5_Bloomer/3599,Bloomer,"Romanian Whermacht Soldier, Bloomer, Romanian Armed Forces, 1939-1945, Romania, The Third Reich",10779
5_Bloomer/3600,Bloomer,"Roman Legion Wojak, Bloomer, Roman Empire, Knight, -3000-476",230958
5_Bloomer/3601,Bloomer,"Ronald Reagan, Bloomer, United States, President, 1980-1990, Liberal Right",115794
5_Bloomer/3602,Bloomer,"Rucka Rucka Ali, Bloomer, Music, Youtube, United States, 2010-2020",103239
5_Bloomer/3603,Bloomer,"Russia Red Army Soldier 1920, Bloomer, Soviet Union, Revolution, Red Army, 1918-1939",625876
5_Bloomer/3604,Bloomer,"Ryukyuan, Bloomer, Asia, Japan, Pacific",130750
5_Bloomer/3605,Bloomer,"Saint Cyr Instructor, Bloomer, France, Armée Française, 1990-2000",147969
5_Bloomer/3606,Bloomer,"Salvador Dali, Bloomer, Art, Spain, 1939-1945, Republican Side (Spanish Civil War)",92566
5_Bloomer/3607,Bloomer,"Sauguinor, Bloomer, Video Game, Futuristic, Warhammer, Futuristic Army",205960
5_Bloomer/3608,Bloomer,"Save Russia Wojak, Bloomer, Europe, Russia",85829
5_Bloomer/3609,Bloomer,"Scene kid, Bloomer, United States, Music",1344279
5_Bloomer/3610,Bloomer,"Schutzstaffel Hazmat, Bloomer, Hazmat, 1939-1945, National-Socialism, The Third Reich, Schutzstaffel",289441
5_Bloomer/3611,Bloomer,"Shapesmith, Bloomer, Comics, Invincible",53200
5_Bloomer/3612,Bloomer,"Shirakami Fubuki, Bloomer, Japan, Virtual Youtuber, Nekomimi, Youtube",69803
5_Bloomer/3613,Bloomer,"Siberian, Bloomer, Soviet Union, 1918-1939",190285
5_Bloomer/3614,Bloomer,"Simo Häyhä, Bloomer, Finland, 1939-1945, Finnish Defence Forces",248608
5_Bloomer/3615,Bloomer,"Sindhi bloomer, Bloomer, Pakistan, Asia",98770
5_Bloomer/3616,Bloomer,"Singing Wojak, Bloomer, Music",17331
5_Bloomer/3617,Bloomer,"Sketchbook (Don't hug me I'm scared), Bloomer, Music, Movie and TV Show, Don't hug me I'm scared",534503
5_Bloomer/3618,Bloomer,"Smug Crying Bloomer, Bloomer, Template",150541
5_Bloomer/3619,Bloomer,"Soldier For Cheese, Bloomer, United States Army",127004
5_Bloomer/3620,Bloomer,"Some Ushanka Guy, Bloomer, Video Game, Europe",1115715
5_Bloomer/3621,Bloomer,"South Korea Map, Bloomer, Asia, Korea, Map",8796
5_Bloomer/3622,Bloomer,"Soviet Navy Wojak, Bloomer, Red Army, 1950-1960, Soviet Union, Ocean",796399
5_Bloomer/3623,Bloomer,"Soviet Soldier Bloomer, Bloomer, Soviet Union, Red Army, 1939-1945",41011
5_Bloomer/3624,Bloomer,"Soviet Wojak, Bloomer, Soviet Union, 1970-1980",6664
5_Bloomer/3625,Bloomer,"Space Bloomer, Bloomer, Space",380525
5_Bloomer/3626,Bloomer,"Space Bloomer, Bloomer, Space",408371
5_Bloomer/3627,Bloomer,"SpongeBob, Bloomer, Cartoon, SpongeBob SquarePants, Ocean",148947
5_Bloomer/3628,Bloomer,"Stereotypical Japanese Man, Bloomer, Asia, Japan",13756
5_Bloomer/3629,Bloomer,"Stoned Wojak, Bloomer, Criminal, United States",1111483
5_Bloomer/3630,Bloomer,"Sudanese Bloomer, Bloomer, Africa, Sudan, Flag",169473
5_Bloomer/3631,Bloomer,"Supporting Bloomer, Bloomer, Template",165984
5_Bloomer/3632,Bloomer,"Swiss Soldier During The Cold War, Bloomer, Other Army (Europe), Switzerland, 1970-1980",2492888
5_Bloomer/3633,Bloomer,"Tanjirō Kamado, Bloomer, Anime, Demon Slayer",126381
5_Bloomer/3634,Bloomer,"Ted Lasso, Bloomer, Movie and TV Show, Sport",101361
5_Bloomer/3635,Bloomer,"Thanos Wojak, Bloomer, Marvel, Comics",153435
5_Bloomer/3636,Bloomer,"The Barber, Bloomer, Employee, 1918-1939",184897
5_Bloomer/3637,Bloomer,"The Bartender, Bloomer, The Ever-Expanding Bunker, Food and Drink",385502
5_Bloomer/3638,Bloomer,"The Biocon Soldier, Bloomer, Sport, Video Game",609485
5_Bloomer/3639,Bloomer,"The Blushing Writer, Bloomer, Art, 1821-1914",390566
5_Bloomer/3640,Bloomer,"The Fleet Admiral, Bloomer, The Ever-Expanding Bunker, Steampunk",171224
5_Bloomer/3641,Bloomer,"The Free Merchant, Bloomer, Cyberpunk 2077, Futuristic, Space",899572
5_Bloomer/3642,Bloomer,"The Free Traveler, Bloomer, Futuristic, Space, Cyberpunk 2077",733693
5_Bloomer/3643,Bloomer,"The Hacker, Bloomer, Space, Starsector",31031
5_Bloomer/3644,Bloomer,"The Jail Bird, Bloomer, The Ever-Expanding Bunker, Criminal",208574
5_Bloomer/3645,Bloomer,"The Merchant, Bloomer, The Ever-Expanding Bunker",88286
5_Bloomer/3646,Bloomer,"The Other Nation, Bloomer, Fantasy, Futuristic, Group",341876
5_Bloomer/3647,Bloomer,"The Painting Crew, Bloomer, The Ever-Expanding Bunker, Employee",162729
5_Bloomer/3648,Bloomer,"The Prisoner Slave, Bloomer, The Ever-Expanding Bunker",26723
5_Bloomer/3649,Bloomer,"The Private Colonist, Bloomer, Futuristic",212886
5_Bloomer/3650,Bloomer,"The Protagonist (Outer Wilds), Bloomer, Video Game, Fantasy",100347
5_Bloomer/3651,Bloomer,"The Renewalist, Bloomer, United States, Group, 1789-1821",648807
5_Bloomer/3652,Bloomer,"The Stalker, Bloomer, Video Game, S.T.A.L.K.E.R",564422
5_Bloomer/3653,Bloomer,"The StewMasters, Bloomer, The Ever-Expanding Bunker",333869
5_Bloomer/3654,Bloomer,"The StewMasters, Bloomer, The Ever-Expanding Bunker, Food and Drink",233002
5_Bloomer/3655,Bloomer,"The Teacher, Bloomer, Academic, Employee",13451
5_Bloomer/3656,Bloomer,"Tidore And New Guinea Tribe, Bloomer, Autochthonous, Papua New Guinea, 1492-1789",263031
5_Bloomer/3657,Bloomer,"Troll Bloomer, Bloomer, Internet, Meme",624582
5_Bloomer/3658,Bloomer,"Troll Wojak, Bloomer, Internet, Meme, Template",443958
5_Bloomer/3659,Bloomer,"Troll Wojak Face, Bloomer, Internet, Meme, Template",489373
5_Bloomer/3660,Bloomer,"Troll Wojak Scary, Bloomer, Internet, Meme, Template",304439
5_Bloomer/3661,Bloomer,"Troll Wojak WTF, Bloomer, Internet, Meme, Template",356423
5_Bloomer/3662,Bloomer,"Truman Burbank (The Truman Show), Bloomer, Movie and TV Show",531686
5_Bloomer/3663,Bloomer,"Ur average trumpist, Bloomer, United States, MAGA",187017
5_Bloomer/3664,Bloomer,"US Soldier, Bloomer, United States, 1939-1945, United States Army",22108
5_Bloomer/3665,Bloomer,"Vault Jak, Bloomer, Post Apocalyptic, Fallout",117894
5_Bloomer/3666,Bloomer,"Very Happy Bloomer, Bloomer, Civilian (Teenager)",131328
5_Bloomer/3667,Bloomer,"Victory Day, Bloomer, Soviet Union, 1939-1945, Red Army",261839
5_Bloomer/3668,Bloomer,"Weird Al Yankovic, Bloomer, Music, 2000-2010, United States",781584
5_Bloomer/3669,Bloomer,"Wenthas Brothers, Bloomer, Fantasy, Injured and Dead, Elf",80324
5_Bloomer/3670,Bloomer,"Willy Loman, Bloomer, United States",225155
5_Bloomer/3671,Bloomer,"Wine Bloomer, Bloomer, Food and Drink",55108
5_Bloomer/3672,Bloomer,"Wojak Couple, Bloomer, Group, Family",106075
5_Bloomer/3673,Bloomer,"Wojak Girl, Bloomer, Civilian (Teenager)",3908
5_Bloomer/3674,Bloomer,"Wojak Gives Cheems a Hug, Bloomer, Internet, Meme",212865
5_Bloomer/3675,Bloomer,"Wojak Has Potential, Bloomer, Civilian (Adult)",75980
5_Bloomer/3676,Bloomer,"Wojak Paradise Logo, Bloomer, Internet",221969
5_Bloomer/3677,Bloomer,"Wonderful Future of Russia Flag, Bloomer, Russia, Europe",83624
5_Bloomer/3678,Bloomer,"Wwii American soldier , Bloomer, United States, United States Army, 1939-1945",522841
5_Bloomer/3679,Bloomer,"Yamamoto Isoroku, Bloomer, Imperial Japanese Army, 1939-1945, Ocean, Japan",48390
5_Bloomer/3680,Bloomer,"Yuri Gagarin , Bloomer, Soviet Union, 1960-1970, Space",330626
5_Bloomer/3681,Bloomer,"Yuri Gagarin (hat), Bloomer, Soviet Union, 1960-1970, Space",385356
5_Bloomer/3682,Bloomer,"Zazou Bloomer, Bloomer, France, 1939-1945, Music",1198222
5_Boomer/9667,Boomer,"Adrien, Boomer, Video Game, Nintendo, Pokemon",4188
5_Boomer/9668,Boomer,"AIM, Boomer, Comics, Marvel",74947
5_Boomer/9669,Boomer,"American Pilot Boomer, Boomer, 1990-2000, United States Army, United States",58721
5_Boomer/9670,Boomer,"Anarchist Girl Boomer, Boomer, Spain, Spanish Civil War, Anarchism, Liberal left, 1918-1939",10766
5_Boomer/9671,Boomer,"Ancient Hyksos Warrior Levant, Boomer, -3000-476, Ancient Egypt, Knight",191065
5_Boomer/9672,Boomer,"Angel Dust, Boomer, Cartoon, Hazbin Hotel, Demon",51567
5_Boomer/9673,Boomer,"Augusto Pinochet Boomer, Boomer, Authoritarian Right, Chile, 1970-1980, Despot",145276
5_Boomer/9674,Boomer,"Austria Hungarian Boomer Officer, Boomer, 1914-1918, Austro-Hungarian Armed Forces, Austria-Hungarian Empire",75153
5_Boomer/9675,Boomer,"Austria Hungary Soldier Boomer, Boomer, Austria-Hungarian Empire, Austro-Hungarian Armed Forces, 1914-1918",253750
5_Boomer/9676,Boomer,"Ben Shapiro Boomer, Boomer, United States, 2010-2020, Judaism, Authoritarian Right",75059
5_Boomer/9677,Boomer,"Black Boomer In Vacation, Boomer, Tourism",108187
5_Boomer/9678,Boomer,"Black Boomer In Vacation, Boomer, Tourism",252603
5_Boomer/9679,Boomer,"Black Boomer In Vacation, Boomer, Tourism",252603
5_Boomer/9680,Boomer,"Black Boomer, Boomer, Civilian (Adult)",109942
5_Boomer/9681,Boomer,"Blind Pew, Boomer, Treasure Island, Cartoon, Pirate, Ocean",78663
5_Boomer/9682,Boomer,"Boomer Astronaut, Boomer, Science, Space, United States",79109
5_Boomer/9683,Boomer,"Boomer Boomer, Boomer, Post Apocalyptic, Fallout : New Vegas",97619
5_Boomer/9684,Boomer,"Boomer Boomer, Boomer, Post Apocalyptic, Fallout : New Vegas",119699
5_Boomer/9685,Boomer,"Boomer Boomer, Boomer, Post Apocalyptic, Fallout : New Vegas",97619
5_Boomer/9686,Boomer,"Boomer Classy, Boomer, Civilian (Eldery)",118957
5_Boomer/9687,Boomer,"Boomer Construction Worker, Boomer, Worker, Worker Team (The Ever-Expanding Bunker), The Ever-Expanding Bunker",58878
5_Boomer/9688,Boomer,"Boomer Death Stranding, Boomer, Futuristic, Post Apocalyptic",627921
5_Boomer/9689,Boomer,"Boomer Demon Core, Boomer, Science",68785
5_Boomer/9690,Boomer,"Boomer Doomer, Boomer, Civilian (Adult)",80348
5_Boomer/9691,Boomer,"Boomer Drill Sergent, Boomer, United States, United States Army",86977
5_Boomer/9692,Boomer,"Boomer Fisherman, Boomer, 1492-1789, Ocean, Food and Drink",331800
5_Boomer/9693,Boomer,"Boomer Glasses, Boomer, Template",78230
5_Boomer/9694,Boomer,"Boomer Grilling, Boomer, Centrism",51950
5_Boomer/9695,Boomer,"Boomer In Vacation, Boomer, Tourism",24157
5_Boomer/9696,Boomer,"Boomer Light Beard, Boomer, Civilian (Adult)",74417
5_Boomer/9697,Boomer,"Boomer Macedonian Soldier, Boomer, Knight, Macedonia, -3000-476",14729
5_Boomer/9698,Boomer,"Boomer Mileena, Boomer, Mortal Kombat, Video Game",50581
5_Boomer/9699,Boomer,"Boomer Mr House, Boomer, Post Apocalyptic, Fallout : New Vegas",397588
5_Boomer/9700,Boomer,"Boomer Obi Wan Kenobi, Boomer, Movie and TV Show, Futuristic, Star Wars, Space",13996
5_Boomer/9701,Boomer,"Boomer, Boomer, Template",85510
5_Boomer/9702,Boomer,"Boomer Ship, Boomer, Ocean, Civilian (Eldery)",129834
5_Boomer/9703,Boomer,"Boomer - Suit, Boomer, Corporation, Full Body",325177
5_Boomer/9704,Boomer,"Boomer Uncle, Boomer, Civilian (Eldery)",19127
5_Boomer/9705,Boomer,"Boomer With A Blue Sweat, Boomer, Civilian (Eldery)",84733
5_Boomer/9706,Boomer,"Boomer With A Boomer Sweat, Boomer, Civilian (Eldery)",167141
5_Boomer/9707,Boomer,"Boomer Yoda, Boomer, Movie and TV Show, Futuristic, Star Wars, Space",4431
5_Boomer/9708,Boomer,"Boomer Yugoslavian Soldier, Boomer, 1970-1980, Yugoslavia, Yugoslav People's Army",34068
5_Boomer/9709,Boomer,"Brook, Boomer, Anime, One Piece, Pirate, Ocean",10688
5_Boomer/9710,Boomer,"Camo GI, Boomer, Vietnam War, United States, United States Army, 1960-1970",193879
5_Boomer/9711,Boomer,"Chara, Boomer, Video Game, Undertale",116920
5_Boomer/9712,Boomer,"Charles III of Spain, Boomer, Spain, Monarch, 1492-1789",193698
5_Boomer/9713,Boomer,"Chilean, Boomer, Chile, South America, Civilian (Eldery)",718043
5_Boomer/9714,Boomer,"ClockWork Orange Boomer, Boomer, Movie and TV Show, A Clockwork Orange, United Kingdom",113645
5_Boomer/9715,Boomer,"Clown King Brook, Boomer, Anime, One Piece, Circus",434201
5_Boomer/9716,Boomer,"Computer Boomer, Boomer, Civilian (Eldery)",80327
5_Boomer/9717,Boomer,"Confederate Officer, Boomer, Confederate States of America, 1821-1914, American Civil War, Confederate States Army",171294
5_Boomer/9718,Boomer,"Cosmonaut Boomer, Boomer, Space, Futuristic",9803
5_Boomer/9719,Boomer,"Council of Storms, Boomer, Fantasy",57909
5_Boomer/9720,Boomer,"Cypriot Boomer, Boomer, Cyprus, Greece, 1821-1914",234358
5_Boomer/9721,Boomer,"Daddy And Son, Boomer, Group, Family",100838
5_Boomer/9722,Boomer,"Dante Boomer, Boomer, Video Game, Devil May Cry",81587
5_Boomer/9723,Boomer,"David Lynch, Boomer, Movie and TV Show, 2010-2020, United States",53344
5_Boomer/9724,Boomer,"Debbie, Boomer, Comics, Invincible",57270
5_Boomer/9725,Boomer,"Dio Brando, Boomer, Anime, JoJo's Bizarre Adventure",5472
5_Boomer/9726,Boomer,"Easy Pete Boomer, Boomer, Post Apocalyptic, Fallout : New Vegas, Far West",229619
5_Boomer/9727,Boomer,"Elizabeth II, Boomer, United Kingdom, Monarch",17067
5_Boomer/9728,Boomer,"Elizabeth II, Boomer, United Kingdom, Monarch",17067
5_Boomer/9729,Boomer,"Euroboomer, Boomer, European Union",72123
5_Boomer/9730,Boomer,"Facebook Boomer, Boomer, Internet, Brands, Social Media",281701
5_Boomer/9731,Boomer,"Farmer Boomer, Boomer, Farm, Peasant",154185
5_Boomer/9732,Boomer,"Finnish Soldier Winter War Boomer, Boomer, 1939-1945, Finnish Defence Forces, Finland",79506
5_Boomer/9733,Boomer,"Fisherman Tourist Boomer, Boomer, Ocean, Civilian (Eldery), Tourism",40225
5_Boomer/9734,Boomer,"Flamethrower Boomer, Boomer, Flamethrower Template",298164
5_Boomer/9735,Boomer,"Francisco Franco, Boomer, Nationalist Side (Spanish Civil War), Spanish Civil War, 1918-1939, Spain, Despot",111290
5_Boomer/9736,Boomer,"Francisco Franco, Boomer, Nationalist Side (Spanish Civil War), Spanish Civil War, 1918-1939, Spain, Despot",111290
5_Boomer/9737,Boomer,"Franky, Boomer, Anime, One Piece, Pirate, Ocean",15635
5_Boomer/9738,Boomer,"French Boomer, Boomer, France, 1789-1821, French Revolution",28127
5_Boomer/9739,Boomer,"French Revolution, Boomer, France, 1789-1821",886799
5_Boomer/9740,Boomer,"French Soldier Boomer, Boomer, 1939-1945, France, Armée Française",117881
5_Boomer/9741,Boomer,"French Soldier Desert, Boomer, Armée Française, 1914-1918",716189
5_Boomer/9742,Boomer,"Frisk, Boomer, Video Game, Undertale",169214
5_Boomer/9743,Boomer,"Front Facing Boomer, Boomer, Template",103813
5_Boomer/9744,Boomer,"Garfield Boomer, Boomer, Cartoon, Garfield",261171
5_Boomer/9745,Boomer,"Giorno Giovanna, Boomer, Anime, JoJo's Bizarre Adventure",144845
5_Boomer/9746,Boomer,"Giorno Giovanna, Boomer, Anime, JoJo's Bizarre Adventure",144845
5_Boomer/9747,Boomer,"Gral. Domingo Batet Mestres, Boomer, Spanish Civil War, Spanish Republican Army, 1918-1939, Spain, Nationalist Side (Spanish Civil War)",675598
5_Boomer/9748,Boomer,"Greenhouse Boomer, Boomer, 1918-1939, Steampunk, The Ever-Expanding Bunker",140104
5_Boomer/9749,Boomer,"Guitar Boomer, Boomer, Civilian (Eldery)",567960
5_Boomer/9750,Boomer,"Hamlet Boomer, Boomer, 1492-1789, United Kingdom, Art",595576
5_Boomer/9751,Boomer,"Happy Boomer, Boomer, Template",60257
5_Boomer/9752,Boomer,"Hawaiian Shirt Boomer, Boomer, Tourism",929262
5_Boomer/9753,Boomer,"Hincha del Nacional, Boomer, Colombia, Sport",7026
5_Boomer/9754,Boomer,"Hippie Boomer, Boomer, United States, Liberal Left, 1960-1970, Vietnam War",232349
5_Boomer/9755,Boomer,"Hirohito Boomer, Boomer, Imperial, 1939-1945, Japan",22279
5_Boomer/9756,Boomer,"Hungarian Boomer, Boomer, Europe, Hungary",312612
5_Boomer/9757,Boomer,"Imperial Germany Officer, Boomer, Germany, Deutsches Heer, 1914-1918",42924
5_Boomer/9758,Boomer,"Iroh, Boomer, Cartoon, The Last Airbender",117200
5_Boomer/9759,Boomer,"Japanese Knight Boomer, Boomer, Knight, Japan, 476-1492",176822
5_Boomer/9760,Boomer,"Japanese Medieval Soldier, Boomer, Knight, Japan, 476-1492",72414
5_Boomer/9761,Boomer,"Jesus Boomer, Boomer, -3000-476, Christianism, Protestantism, Orthodox",23721
5_Boomer/9762,Boomer,"Jewish Zombie, Boomer, Judaism, Militia Forces, Monster",325181
5_Boomer/9763,Boomer,"Jigsaw, Boomer, Movie and TV Show, Strange, Monster",70669
5_Boomer/9764,Boomer,"Jirachi, Boomer, Video Game, Nintendo, Pokemon",37110
5_Boomer/9765,Boomer,"José de San Martín, Boomer, Argentina, Other Army (South and Central America), 1821-1914",92539
5_Boomer/9766,Boomer,"José Mujica, Boomer, Uruguay, 2010-2020, Liberal Left, President",300147
5_Boomer/9767,Boomer,"Kaeya, Boomer, Video Game, Genshin Impact",69984
5_Boomer/9768,Boomer,"Karen Boomer, Boomer, Civilian (Eldery)",21913
5_Boomer/9769,Boomer,"Karen Police Dept Boomer, Boomer, Rescue Services",302158
5_Boomer/9770,Boomer,"Lawn Boomer, Boomer, Civilian (Eldery)",30261
5_Boomer/9771,Boomer,"Legate Lanius Boomer, Boomer, Video Game, Fallout : New Vegas, The Legion, Post Apocalyptic",314320
5_Boomer/9772,Boomer,"Le Picasso, Boomer, Spanish Civil War, Art, 1918-1939, Spain, Republican Side (Spanish Civil War)",217000
5_Boomer/9773,Boomer,"Lukio Sabla, Boomer, Fantasy",57290
5_Boomer/9774,Boomer,"Medicalised Boomer, Boomer, Medical",25716
5_Boomer/9775,Boomer,"Melting Boomer, Boomer, Template",13546
5_Boomer/9776,Boomer,"Metsudo Boomer, Boomer, Japan, Knight, 476-1492",123119
5_Boomer/9777,Boomer,"Mitt Romney Supporter Boomer, Boomer, Civilian (Eldery), United States, 2010-2020",755010
5_Boomer/9778,Boomer,"Moira O'Deorain, Boomer, Video Game, Overwatch",27138
5_Boomer/9779,Boomer,"Moira O'Deorain, Boomer, Video Game, Overwatch, Ireland",27138
5_Boomer/9780,Boomer,"Money Printing Boomer, Boomer, Template",51248
5_Boomer/9781,Boomer,"Monokuma, Boomer, Video Game, Danganronpa, Danganronpa",3449
5_Boomer/9782,Boomer,"Monokuma, Boomer, Video Game, Danganronpa",23239
5_Boomer/9783,Boomer,"Nathan, Boomer, Civilian (Eldery)",368936
5_Boomer/9784,Boomer,"Nedward Flanders, Boomer, Cartoon, The Simpsons",929759
5_Boomer/9785,Boomer,"Ninja Boomer, Boomer, 476-1492, Japan, Knight",5393
5_Boomer/9786,Boomer,"Nintendo Employee Boomer (EDITED), Boomer, Nintendo, Video Game, Brands, Worker",132518
5_Boomer/9787,Boomer,"NPC Boomer, Boomer, Template",12132
5_Boomer/9788,Boomer,"Odin, Boomer, Comics, Marvel, Scandinavia, Mythology",46599
5_Boomer/9789,Boomer,"Old Boomer, Boomer, Civilian (Eldery)",117661
5_Boomer/9790,Boomer,"Old Unhappy Boomer, Boomer, Civilian (Eldery)",117185
5_Boomer/9791,Boomer,"Omni-Man, Boomer, Comics, Invincible",91404
5_Boomer/9792,Boomer,"Orthodox King, Boomer, Orthodox, Christianism, Monarch, 476-1492",138051
5_Boomer/9793,Boomer,"Orthodox Patriach Doomer, Boomer, Christianism, Orthodox, Religious Authority",23696
5_Boomer/9794,Boomer,"Paraguay Asunceno cheto, Boomer, Paraguay, Civilian (Eldery)",174389
5_Boomer/9795,Boomer,"Perry The Platypus, Boomer, Cartoon, Phineas and Ferb",118306
5_Boomer/9796,Boomer,"Peruvian Blommer, Boomer, Peru, Meme",38842
5_Boomer/9797,Boomer,"Peruvian Traffic Officer on a Horse, Boomer, Peru, Peruvian Armed Forces, Rescue Services",70558
5_Boomer/9798,Boomer,"Polish General Boomer, Boomer, 1918-1939, Poland, Polish Armed Forces",27891
5_Boomer/9799,Boomer,"Radio Boomer, Boomer, Civilian (Eldery)",395979
5_Boomer/9800,Boomer,"Recep Tayyip Erdoğan, Boomer, Turkey, President, 2010-2020, Authoritarian Right",85516
5_Boomer/9801,Boomer,"Rhodesian Boomer, Boomer, Zimbabwe, Rhodesian Security Forces, 1970-1980",831771
5_Boomer/9802,Boomer,"Ron Paul Supporter Boomer, Boomer, Civilian (Eldery), United States, 2010-2020, Liberal Right",711601
5_Boomer/9803,Boomer,"Russell Bentley, Boomer, Russian Armed Forces, Ukraine, 2020-2030, Russia",155453
5_Boomer/9804,Boomer,"Santa Claus, Boomer, Festivity",40614
5_Boomer/9805,Boomer,"Saudi Arabia Boomer, Boomer, Middle East, Saudi Arabia",342024
5_Boomer/9806,Boomer,"Sir Pentious, Boomer, Cartoon, Hazbin Hotel",24345
5_Boomer/9807,Boomer,"Solid Snake Boomer, Boomer, Nintendo, Video Game, Metal Gear Solid",44953
5_Boomer/9808,Boomer,"Southern Baptist Minister, Boomer, Christianism, Civilian (Eldery), Religious Authority",234470
5_Boomer/9809,Boomer,"Soviet General Boomer, Boomer, 1950-1960, Soviet Union, Red Army",34902
5_Boomer/9810,Boomer,"Soviet Marshall Boomer, Boomer, 1945-1950, Soviet Union, Red Army",37530
5_Boomer/9811,Boomer,"Soy Boomer, Boomer, Template",188796
5_Boomer/9812,Boomer,"Special Force of the Second Regiment of Hussard, Boomer, 2020-2030, France, Armée Française",45137
5_Boomer/9813,Boomer,"Takeo Masaki, Boomer, Video Game, First-Person Shooter, Call Of Duty, Japan",220855
5_Boomer/9814,Boomer,"Tanjirō Kamado, Boomer, Anime, Demon Slayer",14657
5_Boomer/9815,Boomer,"Teen Boomer, Boomer, Civilian (Teenager)",106873
5_Boomer/9816,Boomer,"Teen Boomer, Boomer, Civilian (Teenager)",5819
5_Boomer/9817,Boomer,"Telegramer doboomer, Boomer, Internet, Social Media",629569
5_Boomer/9818,Boomer,"Telegramer doboomer, Boomer, Internet, Social Media",628378
5_Boomer/9819,Boomer,"The Black Boomer, Boomer, The Ever-Expanding Bunker",123340
5_Boomer/9820,Boomer,"The Chippy Owner - Level 71, Boomer, The Ever-Expanding Bunker, Ocean, Civilian (Eldery)",264260
5_Boomer/9821,Boomer,"The Desert Boomer, Boomer, The Ever-Expanding Bunker",88916
5_Boomer/9822,Boomer,"The Landlord, Boomer, United States, 1970-1980",239470
5_Boomer/9823,Boomer,"The Landlord, Boomer, Nobility and Bourgeoisie, Liberal Right (Political Compass)",35637
5_Boomer/9824,Boomer,"The Retired Fleet Amiral, Boomer, Futuristic, Space",349540
5_Boomer/9825,Boomer,"The Security Guard, Boomer, Post Apocalyptic, Rescue Services",168865
5_Boomer/9826,Boomer,"The Xenobiologist, Boomer, The Ever-Expanding Bunker",265818
5_Boomer/9827,Boomer,"Tito Fernández, Boomer, Chile, Music",62677
5_Boomer/9828,Boomer,"Tomas Villalba, Boomer, Uruguay, 1821-1914, Liberal Right, President",111063
5_Boomer/9829,Boomer,"Tourist Boomer, Boomer, Tourism",239316
5_Boomer/9830,Boomer,"Tuxedo Boomer Brainiak, Boomer, Corporation",121360
5_Boomer/9831,Boomer,"Twilight Sparkle Boomer, Boomer, Cartoon, My Little Pony",78869
5_Boomer/9832,Boomer,"UN Boomer, Boomer, United Nations, 2000-2010",232301
5_Boomer/9833,Boomer,"Vampire Boomer, Boomer, Romania, Monster, Strange",78344
5_Boomer/9834,Boomer,"Will Toledo , Boomer, Music, United States, 2010-2020",23211
5_Boomer/9835,Boomer,"Winter War Finnish Soldier, Boomer, 1939-1945, Finland, Finnish Defence Forces",118079
5_Boomer/9836,Boomer,"Wish Bear and Twinkers (The Care Bears' Big Wish Movie), Boomer, Movie and TV Show, Toy, Cartoon",8204
5_Boomer/9837,Boomer,"Wolverine, Boomer, Comics, Marvel",93438
5_Boomer/9838,Boomer,"Wolverine, Boomer, Comics, Marvel",93438
5_Boomer/9839,Boomer,"Yellow Jacket Boomer, Boomer, France, Worker, 2010-2020",357325
5_Boomer/9840,Boomer,"Yellow Jacket Boomer, Boomer, Civilian (Eldery), France, Worker",181282
5_Boomer/9841,Boomer,"Yellow Jacket, Boomer, 2010-2020, Worker, France",6010
5_Boomer/9842,Boomer,"Young Boomer, Boomer, Template",106278
5_Boomer/9843,Boomer,"Yuri Zavoyski, Boomer, Video Game, First-Person Shooter, Call Of Duty, Soviet Union, Red Army",224195
5_Brainiak/13289,Brainiak,"Big Brain Ballon, Brainiak, Template",213837
5_Brainiak/13290,Brainiak,"Big Brain Collosus, Brainiak, Mythology",1456276
5_Brainiak/13291,Brainiak,"Big Brain Muscle, Brainiak, Anime, JoJo's Bizarre Adventure",18702
5_Brainiak/13292,Brainiak,"BigBrain Paris Saclay, Brainiak, France, 2010-2020, Academic",215686
5_Brainiak/13293,Brainiak,"Big Brain Wojak, Brainiak, Template",9229
5_Brainiak/13294,Brainiak,"Big Brain Wojak, Brainiak, Template",9229
5_Brainiak/13295,Brainiak,"Brainchair, Brainiak, Template",102597
5_Brainiak/13296,Brainiak,"Brain Chair, Brainiak, Template",102597
5_Brainiak/13297,Brainiak,"Brain Chess, Brainiak, Template",29849
5_Brainiak/13298,Brainiak,"Brain Cube, Brainiak, Template",52740
5_Brainiak/13299,Brainiak,"Brain Elephant, Brainiak, Template",230663
5_Brainiak/13300,Brainiak,"Brainiak, Brainiak, Template",18062
5_Brainiak/13301,Brainiak,"Brainiaks, Brainiak, Template",968248
5_Brainiak/13302,Brainiak,"Brainiaks Athen, Brainiak, -3000-476, Greece",418122
5_Brainiak/13303,Brainiak,"Brainiaks Drill Sergeant, Brainiak, United States Army, United States",38163
5_Brainiak/13304,Brainiak,"Brainiak With Small Glasses, Brainiak, Template",17661
5_Brainiak/13305,Brainiak,"Brain in Another Dimension, Brainiak, Futuristic",154922
5_Brainiak/13306,Brainiak,"Brainkiak Carrying His Brain, Brainiak, Template",286886
5_Brainiak/13307,Brainiak,"Brainlet Brainiak, Brainiak, Brainlet",184482
5_Brainiak/13308,Brainiak,"Brain Shapes, Brainiak, Template",117512
5_Brainiak/13309,Brainiak,"Buddhist Brainiak, Brainiak, Asia, Buddhism",274455
5_Brainiak/13310,Brainiak,"Buddhist Rage Brainiak, Brainiak, Asia, Buddhism",239436
5_Brainiak/13311,Brainiak,"Choking Brainiak, Brainiak, Group",284295
5_Brainiak/13312,Brainiak,"Cirno, Brainiak, Video Game, Touhou Project",227176
5_Brainiak/13313,Brainiak,"Coryphaceus, Brainiak, Monster, Strange, Mythology, -3000-476",1077684
5_Brainiak/13314,Brainiak,"Giyu Tomioka, Brainiak, Anime, Demon Slayer",188328
5_Brainiak/13315,Brainiak,"Hazmat Brainiak, Brainiak, Hazmat",682801
5_Brainiak/13316,Brainiak,"Hugging Mind Brainiak, Brainiak, Template",249249
5_Brainiak/13317,Brainiak,"Massive Brain Wojak, Brainiak, Template",213837
5_Brainiak/13318,Brainiak,"Mind Fuck, Brainiak, Group, NSFW",547593
5_Brainiak/13319,Brainiak,"Monomon The Teacher, Brainiak, Video Game, Hollow Knight",181858
5_Brainiak/13320,Brainiak,"Pannacotta Fugo, Brainiak, Anime, JoJo's Bizarre Adventure",262990
5_Brainiak/13321,Brainiak,"PCM Brainiaks, Brainiak, Political Compass",222959
5_Brainiak/13322,Brainiak,"PCM Brainiaks, Brainiak, Political Compass",254973
5_Brainiak/13323,Brainiak,"PCM Brainiaks, Brainiak, Political Compass",254973
5_Brainiak/13324,Brainiak,"Plato, Brainiak, -3000-476, Philosophy, Greece",331763
5_Brainiak/13325,Brainiak,"Purple Blue Brainiak, Brainiak, Political Compass, Authoritarian Right (Political Compass), Liberal Right (Political Compass)",545648
5_Brainiak/13326,Brainiak,"Rage Brainlet IGNIS, Brainiak, The Ever-Expanding Bunker, IGNIS (The Ever-Expanding Bunker)",1286487
5_Brainiak/13327,Brainiak,"Smug Brainiak, Brainiak, Sport",284224
5_Brainiak/13328,Brainiak,"Solon Wojak, Brainiak, Fire Emblem, Video Game",18560
5_Brainiak/13329,Brainiak,"Steam engine smart, Brainiak, Steampunk",59710
5_Brainiak/13330,Brainiak,"Struggling Brainiak, Brainiak, Template",138298
5_Brainiak/13331,Brainiak,"Tank Brain, Brainiak, Other Army (Europe)",473507
5_Brainiak/13332,Brainiak,"The Conceptist, Brainiak, Fantasy, Futuristic",151704
5_Brainiak/13333,Brainiak,"The Euphorian Philosopher, Brainiak, Fantasy, Futuristic",96977
5_Brainiak/13334,Brainiak,"The Exoger, Brainiak, Fantasy, Futuristic",62620
5_Brainiak/13335,Brainiak,"The Mobile Processing Unit, Brainiak, The Ever-Expanding Bunker, Strange",82727
5_Brainiak/13336,Brainiak,"The NPC Brain, Brainiak, Strange",1520712
5_Brainiak/13337,Brainiak,"Tired Brainiak, Brainiak, Template",104080
5_Brainiak/13338,Brainiak,"Viking, Brainiak, 476-1492, Scandinavia, Viking",57213
5_Brainiak/13339,Brainiak,"Wojak trapped in his own brain which is Plato's Cave, Brainiak, Greece, Philosophy, -3000-476",678995
5_Brainiak/13340,Brainiak,"Wojak Worker Inside, Brainiak, Template",231175
5_Brainiak/13341,Brainiak,"Yes Honey Brainkiak, Brainiak, Template",271593
5_Brainiak/13342,Brainiak,"Yes Honey Brainkiak, Brainiak, Template",323006
5_Brainiak/13343,Brainiak,"Yes Honey Brainkiak, Brainiak, Template",323006
5_Brainiak/13344,Brainiak,"Young Brainiak, Brainiak, Template",97419
5_Brainlet/1616,Brainlet,"Abrahamic Religion Brainlet, Brainlet, Judaism, Islam, Christianism, Brainlet, Brainlet",568315
5_Brainlet/1617,Brainlet,"Adolf Hitler Brainlet, Brainlet, Despot, 1939-1945, The Third Reich, National-Socialism",22858
5_Brainlet/1618,Brainlet,"Adolf Hitler Brainlet, Brainlet, 1939-1945, The Third Reich, Despot, National-Socialism",127138
5_Brainlet/1619,Brainlet,"Adolf Hitler Brainlet, Brainlet, The Third Reich, 1939-1945, Despot, National-Socialism",200651
5_Brainlet/1620,Brainlet,"Adolf Hitler , Brainlet, 1939-1945, Despot, National-Socialism, The Third Reich",35509
5_Brainlet/1621,Brainlet,"Africa Brainlet, Brainlet, Map, Africa",176308
5_Brainlet/1622,Brainlet,"Algeria Brainlet, Brainlet, Africa, Algeria",195926
5_Brainlet/1623,Brainlet,"Algerian Brainlet, Brainlet, Africa, Algeria",174877
5_Brainlet/1624,Brainlet,"Altmers, Brainlet, Video Game, Skyrim, Fantasy, Elf",1397
5_Brainlet/1625,Brainlet,"Altmers, Brainlet, Video Game, Skyrim, Fantasy, Elf",1397
5_Brainlet/1626,Brainlet,"American Brainlet, Brainlet, United States, North America",103668
5_Brainlet/1627,Brainlet,"Amy Rose Brainlet, Brainlet, SEGA, Video Game, Sonic the Hedgehog",56459
5_Brainlet/1628,Brainlet,"Ancient Greek, Brainlet, -3000-476, Greece",399550
5_Brainlet/1629,Brainlet,"Andrew Johnson Brainlet, Brainlet, United States, President, 1821-1914",59584
5_Brainlet/1630,Brainlet,"Animal Rights Activist, Brainlet, Liberal Left",323080
5_Brainlet/1631,Brainlet,"Animated Brainlet GIF, Brainlet, Template, GIF",12201
5_Brainlet/1632,Brainlet,"Anime Isekai Brinlet Group's, Brainlet, Anime, Youjo Senki, Group",259324
5_Brainlet/1633,Brainlet,"Anne Hidalgo, Brainlet, France, Liberal Right, 2010-2020, Political Figure",129607
5_Brainlet/1634,Brainlet,"Aphelio, Brainlet, Video Game, League of Legends",162718
5_Brainlet/1635,Brainlet,"Aqua Brainlet, Brainlet, Anime, KonoSuba",7592
5_Brainlet/1636,Brainlet,"Aquarium Brainlet, Brainlet, Brainlet",258539
5_Brainlet/1637,Brainlet,"Arma Soldier, Brainlet, Arma, Video Game, Militia Forces",56116
5_Brainlet/1638,Brainlet,"Armenia Map, Brainlet, Armenia, Map, Europe",68003
5_Brainlet/1639,Brainlet,"Arturo Vidal, Brainlet, Chile, Sport",306196
5_Brainlet/1640,Brainlet,"Ashkan, Brainlet, Video Game, League of Legends",131961
5_Brainlet/1641,Brainlet,"Ashley Graha, Brainlet, Video Game, Resident Evil",293925
5_Brainlet/1642,Brainlet,"Asia Brainlet, Brainlet, Map, Asia",362467
5_Brainlet/1643,Brainlet,"Asta (Black Clover), Brainlet, Anime",70121
5_Brainlet/1644,Brainlet,"Asuka Langley Sohryu, Brainlet, Anime, Evangelion",45878
5_Brainlet/1645,Brainlet,"Asuka Langley Sohryu, Brainlet, Anime, Evangelion",222022
5_Brainlet/1646,Brainlet,"Austria Brainlet, Brainlet, Austria, Europe, Map",5753
5_Brainlet/1647,Brainlet,"Authoritarian Left Brainlet, Brainlet, Political Compass, Authoritarian Left (Political Compass)",109927
5_Brainlet/1648,Brainlet,"AutRight Soy Brainlet, Brainlet, Authoritarian Right (Political Compass), Political Compass",231975
5_Brainlet/1649,Brainlet,"Avril Lavigne, Brainlet, Music, 2010-2020",671763
5_Brainlet/1650,Brainlet,"Azerbaidjani Soldier, Brainlet, Azerbaijan, Other Army (Caucasus), Turkey, Israel",144580
5_Brainlet/1651,Brainlet,"Azerbaijan Map, Brainlet, Azerbaijan, Map, Europe",101085
5_Brainlet/1652,Brainlet,"Babylonian King Brainlet, Brainlet, Autochthonous, -3000-476, Monarch",12454
5_Brainlet/1653,Brainlet,"Balkan Brainlet, Brainlet, Europe, Balkan, Map",21567
5_Brainlet/1654,Brainlet,"Balls, Brainlet, Brainlet",118103
5_Brainlet/1655,Brainlet,"Batman, Brainlet, Comics, DC",10814
5_Brainlet/1656,Brainlet,"Batman, Brainlet, Comics, DC",10814
5_Brainlet/1657,Brainlet,"Bicycle Brainlet, Brainlet, Brainlet",79098
5_Brainlet/1658,Brainlet,"Big Gov, Brainlet, Strange",239647
5_Brainlet/1659,Brainlet,"Big Pharma, Brainlet, Strange, Science, Medical",255061
5_Brainlet/1660,Brainlet,"Big Tech, Brainlet, Strange, Science",215858
5_Brainlet/1661,Brainlet,"Biker Biden, Brainlet, United States, 2020-2030",394310
5_Brainlet/1662,Brainlet,"Billy the Kid, Brainlet, Far West, Criminal, 1821-1914",340754
5_Brainlet/1663,Brainlet,"Blackbeard [Rainbox Six Siege], Brainlet, Video Game, Tom Clancy's Rainbow Six: Siege, Rescue Services, United States",314547
5_Brainlet/1664,Brainlet,"Black Hole Brainlet, Brainlet, Brainlet",21400
5_Brainlet/1665,Brainlet,"Blackjak Brainlet, Brainlet, Template",131284
5_Brainlet/1666,Brainlet,"Blue Helmet Brainlet, Brainlet, United Nations",182386
5_Brainlet/1667,Brainlet,"Blue Screen Brainlet, Brainlet, Internet",24156
5_Brainlet/1668,Brainlet,"Bomlet, Brainlet, Template",35002
5_Brainlet/1669,Brainlet,"Bonk Brainlet, Brainlet, Brainlet",4346
5_Brainlet/1670,Brainlet,"Boomlet, Brainlet, Template",35002
5_Brainlet/1671,Brainlet,"Brainlet, Brainlet, Brainlet",273082
5_Brainlet/1672,Brainlet,"Brainlet, Brainlet, Brainlet",62432
5_Brainlet/1673,Brainlet,"Brainlet, Brainlet, Brainlet",77301
5_Brainlet/1674,Brainlet,"Brainlet, Brainlet, Brainlet",153261
5_Brainlet/1675,Brainlet,"Brainlet, Brainlet, Brainlet",96739
5_Brainlet/1676,Brainlet,"Brainlet, Brainlet, Brainlet",15696
5_Brainlet/1677,Brainlet,"Brainlet, Brainlet, Brainlet",7111
5_Brainlet/1678,Brainlet,"Brainlet, Brainlet, Brainlet",20907
5_Brainlet/1679,Brainlet,"Brainlet, Brainlet, Brainlet",34697
5_Brainlet/1680,Brainlet,"Brainlet, Brainlet, Brainlet",42537
5_Brainlet/1681,Brainlet,"Brainlet, Brainlet, Brainlet",43791
5_Brainlet/1682,Brainlet,"Brainlet, Brainlet, Brainlet",88721
5_Brainlet/1683,Brainlet,"Brainlet, Brainlet, Brainlet",316601
5_Brainlet/1684,Brainlet,"Brainlet, Brainlet, Brainlet",69970
5_Brainlet/1685,Brainlet,"Brainlet, Brainlet, Brainlet",62434
5_Brainlet/1686,Brainlet,"Brainlet, Brainlet, Brainlet",101984
5_Brainlet/1687,Brainlet,"Brainlet, Brainlet, Brainlet",97435
5_Brainlet/1688,Brainlet,"Brainlet, Brainlet, Brainlet",127465
5_Brainlet/1689,Brainlet,"Brainlet, Brainlet, Brainlet",87635
5_Brainlet/1690,Brainlet,"Brainlet, Brainlet, Brainlet",12344
5_Brainlet/1691,Brainlet,"Brainlet, Brainlet, Brainlet",92314
5_Brainlet/1692,Brainlet,"Brainlet, Brainlet, Brainlet",86515
5_Brainlet/1693,Brainlet,"Brainlet, Brainlet, Brainlet",13724
5_Brainlet/1694,Brainlet,"Brainlet, Brainlet, Brainlet",133598
5_Brainlet/1695,Brainlet,"Brainlet, Brainlet, Brainlet",57710
5_Brainlet/1696,Brainlet,"Brainlet, Brainlet, Brainlet",7396
5_Brainlet/1697,Brainlet,"Brainlet, Brainlet, Brainlet",57437
5_Brainlet/1698,Brainlet,"Brainlet, Brainlet, Brainlet",83565
5_Brainlet/1699,Brainlet,"Brainlet, Brainlet, Brainlet",110077
5_Brainlet/1700,Brainlet,"Brainlet, Brainlet, Brainlet",148719
5_Brainlet/1701,Brainlet,"Brainlet, Brainlet, Brainlet",45577
5_Brainlet/1702,Brainlet,"Brainlet, Brainlet, Brainlet",283278
5_Brainlet/1703,Brainlet,"Brainlet, Brainlet, Brainlet",4284
5_Brainlet/1704,Brainlet,"Brainlet, Brainlet, Brainlet",79324
5_Brainlet/1705,Brainlet,"Brainlet, Brainlet, Brainlet",86895
5_Brainlet/1706,Brainlet,"Brainlet, Brainlet, Brainlet",46449
5_Brainlet/1707,Brainlet,"Brainlet, Brainlet, Brainlet",339974
5_Brainlet/1708,Brainlet,"Brainlet, Brainlet, Brainlet",298778
5_Brainlet/1709,Brainlet,"Brainlet, Brainlet, Brainlet",7644
5_Brainlet/1710,Brainlet,"Brainlet, Brainlet, Brainlet",60726
5_Brainlet/1711,Brainlet,"Brainlet, Brainlet, Template",40130
5_Brainlet/1712,Brainlet,"Brainlet, Brainlet, Brainlet",338050
5_Brainlet/1713,Brainlet,"Brainlet, Brainlet, Template",735698
5_Brainlet/1714,Brainlet,"Brainlet, Brainlet, Brainlet",40957
5_Brainlet/1715,Brainlet,"Brainlet, Brainlet, Corporation",29414
5_Brainlet/1716,Brainlet,"Brainlet, Brainlet, Brainlet",51078
5_Brainlet/1717,Brainlet,"Brainlet, Brainlet, Brainlet",5816
5_Brainlet/1718,Brainlet,"Brainlet, Brainlet, Brainlet",48774
5_Brainlet/1719,Brainlet,"Brainlet Arthoe, Brainlet, Template",194749
5_Brainlet/1720,Brainlet,"Brainlet Bandera Supporter, Brainlet, Ukraine, 2020-2030, Authoritarian Right",39466
5_Brainlet/1721,Brainlet,"Brainlet Brazil, Brainlet, Brazil, South America, Map",61833
5_Brainlet/1722,Brainlet,"Brainlet Bros, Brainlet, Group",72252
5_Brainlet/1723,Brainlet,"Brainlet Bully Gang, Brainlet, Group",80116
5_Brainlet/1724,Brainlet,"Brainlet Cat, Brainlet, Farm",41159
5_Brainlet/1725,Brainlet,"Brainlet China, Brainlet, China, Asia, Map",273104
5_Brainlet/1726,Brainlet,"Brainlet Circle Jerk, Brainlet, Brainlet, Group",154394
5_Brainlet/1727,Brainlet,"Brainlet Communist, Brainlet, Authoritarian Left (Political Compass), Political Compass",88349
5_Brainlet/1728,Brainlet,"Brainlet Communist, Brainlet, Authoritarian Left (Political Compass), Political Compass",248255
5_Brainlet/1729,Brainlet,"Brainlet Communist, Brainlet, Authoritarian Left (Political Compass), Political Compass",248255
5_Brainlet/1730,Brainlet,"Brainlet Computer, Brainlet, 1990-2000",39384
5_Brainlet/1731,Brainlet,"Brainlet Cop pointing Gun, Brainlet, United States, Rescue Services",69182
5_Brainlet/1732,Brainlet,"Brainlet Cyclops, Brainlet, Greece, -3000-476, Mythology",202244
5_Brainlet/1733,Brainlet,"Brainlet End Portal, Brainlet, Brainlet, Minecraft",80912
5_Brainlet/1734,Brainlet,"Brainlet EU, Brainlet, Europe, European Union, Map",93557
5_Brainlet/1735,Brainlet,"Brainlet Franjo Tuđman , Brainlet, Croatia, Croatian Armed Forces, 1990-2000, Authoritarian Right",179740
5_Brainlet/1736,Brainlet,"Brainlet Frying Pan, Brainlet, Brainlet, Food and Drink",157399
5_Brainlet/1737,Brainlet,"Brainlet Girl, Brainlet, Civilian (Teenager)",32837
5_Brainlet/1738,Brainlet,"Brainlet Happy, Brainlet, Brainlet",62202
5_Brainlet/1739,Brainlet,"Brainlet Heavy, Brainlet, Video Game, Team Fortress 2",49364
5_Brainlet/1740,Brainlet,"Brainlet Hooker, Brainlet, Template",36565
5_Brainlet/1741,Brainlet,"Brainlet Indian Hindu, Brainlet, India, Asia, Hinduism",1335550
5_Brainlet/1742,Brainlet,"Brainlet India, Brainlet, India, Asia, Map, Asia",125133
5_Brainlet/1743,Brainlet,"Brainlet Lyra Heartstrings, Brainlet, Cartoon, My Little Pony",123862
5_Brainlet/1744,Brainlet,"Brainlet Lyra Heartstrings, Brainlet, Cartoon, My Little Pony",190901
5_Brainlet/1745,Brainlet,"Brainlet Monk, Brainlet, 476-1492, Religious Authority",903738
5_Brainlet/1746,Brainlet,"Brainlet Mouse Swatter, Brainlet, Farm",68579
5_Brainlet/1747,Brainlet,"Brainlet No Heck, Brainlet, Brainlet",58581
5_Brainlet/1748,Brainlet,"Brainlet Oomer, Brainlet, Template",38832
5_Brainlet/1749,Brainlet,"Brainlet Pikachu, Brainlet, Video Game, Nintendo, Pokemon",47824
5_Brainlet/1750,Brainlet,"Brainlet radiohead, Brainlet, Brainlet",32228
5_Brainlet/1751,Brainlet,"Brainlet rage, Brainlet, Template",72548
5_Brainlet/1752,Brainlet,"Brainlet Rightist, Brainlet, Political Compass, Authoritarian Right (Political Compass)",43353
5_Brainlet/1753,Brainlet,"Brainlet Russia, Brainlet, Russia, Asia, Map, Europe",32250
5_Brainlet/1754,Brainlet,"Brainlet Scout, Brainlet, Video Game, Team Fortress 2, Brainlet",21316
5_Brainlet/1755,Brainlet,"Brainlet Scout, Brainlet, Video Game, Team Fortress 2, Brainlet",40761
5_Brainlet/1756,Brainlet,"Brainlet Scout, Brainlet, Video Game, Team Fortress 2, Brainlet",40761
5_Brainlet/1757,Brainlet,"Brainlet Shrek, Brainlet, Movie and TV Show, Shrek",46090
5_Brainlet/1758,Brainlet,"Brainlet Sikh, Brainlet, India, Sikhism",190064
5_Brainlet/1759,Brainlet,"Brainlet Slobodan Milošević, Brainlet, Serbia, Yugoslavia, 1990-2000, President",133622
5_Brainlet/1760,Brainlet,"Brainlet Stormcloak, Brainlet, Fantasy, Video Game, Skyrim, Elf",94327
5_Brainlet/1761,Brainlet,"Brainlet Stormcloak, Brainlet, Video Game, Skyrim, Fantasy",532146
5_Brainlet/1762,Brainlet,"Brainlet Système Economique De Aigle, Brainlet, Internet, Liberal Right",54559
5_Brainlet/1763,Brainlet,"Brainlet Thor, Brainlet, Scandinavia, Mythology, Comics, DC",143257
5_Brainlet/1764,Brainlet,"Brainlet Tourist, Brainlet, North America, Pacific, Brainlet, Tourism",197103
5_Brainlet/1765,Brainlet,"Brainlet USA Map, Brainlet, North America, United States, Map",357089
5_Brainlet/1766,Brainlet,"Brainlet USSR, Brainlet, Soviet Union, Map, Authoritarian Left",39331
5_Brainlet/1767,Brainlet,"Brainliftoff, Brainlet, Brainlet",80303
5_Brainlet/1768,Brainlet,"Brazilian Brainlet, Brainlet, South America, Brazil, Brainlet, Map",137693
5_Brainlet/1769,Brainlet,"Brazilian Brainlet, Brainlet, South America, Brazil, Brainlet, Map",135461
5_Brainlet/1770,Brainlet,"Brazilian Brainlet, Brainlet, South America, Brazil, Brainlet, Map",135461
5_Brainlet/1771,Brainlet,"Brian Griffin, Brainlet, Cartoon, Family Guy",53276
5_Brainlet/1772,Brainlet,"Brick Brainlet, Brainlet, Brainlet",7678
5_Brainlet/1773,Brainlet,"BRICS Brainlet, Brainlet, Russia, China, South Africa, Brazil, India",106711
5_Brainlet/1774,Brainlet,"British Brainlet, Brainlet, Europe, United Kingdom",130711
5_Brainlet/1775,Brainlet,"British Colon Brainlet, Brainlet, United Kingdom, India, Colonial, 1821-1914",67907
5_Brainlet/1776,Brainlet,"British Colon Brainlet, Brainlet, United Kingdom, India, Colonial, 1821-1914",162769
5_Brainlet/1777,Brainlet,"British Colon Brainlet, Brainlet, Colonial, United Kingdom, 1821-1914",152662
5_Brainlet/1778,Brainlet,"British Colon Brainlet, Brainlet, United Kingdom, 1821-1914, Colonial",120221
5_Brainlet/1779,Brainlet,"British Colon Brainlet, Brainlet, Colonial, United Kingdom, 1821-1914",152662
5_Brainlet/1780,Brainlet,"Bulgarian Soldier Brainlet, Brainlet, Other Army (Europe), Bulgaria, 1914-1918",37869
5_Brainlet/1781,Brainlet,"Canadian Brainlet, Brainlet, Canada, North America",34085
5_Brainlet/1782,Brainlet,"Cani, Brainlet, Spain, Music",631167
5_Brainlet/1783,Brainlet,"Captain America Brainlet, Brainlet, Comics, Marvel",276382
5_Brainlet/1784,Brainlet,"Carlet, Brainlet, Employee",163157
5_Brainlet/1785,Brainlet,"Carlos IV of Spain, Brainlet, Monarch, Spain, 1789-1821",1221665
5_Brainlet/1786,Brainlet,"Central America Brainlet, Brainlet, Map, Central America",5840
5_Brainlet/1787,Brainlet,"Centrist India, Brainlet, Political Compass, Centrism, Asia, India, Map",301369
5_Brainlet/1788,Brainlet,"Chad Brainlet, Brainlet, Template",36293
5_Brainlet/1789,Brainlet,"Charles V, Brainlet, Monarch, 1492-1789, Spain",1538399
5_Brainlet/1790,Brainlet,"Checkers Brainlet, Brainlet, Brainlet",148524
5_Brainlet/1791,Brainlet,"Cheddar Man, Brainlet, Autochthonous",317078
5_Brainlet/1792,Brainlet,"Chernobyl Disaster Brainlet, Brainlet, Ukraine, Soviet Union, 1980-1990",228727
5_Brainlet/1793,Brainlet,"China Brainlet, Brainlet, Asia, China, Map",63703
5_Brainlet/1794,Brainlet,"Chum Chum, Brainlet, Cartoon, Fanboy and Chum Chum",6837
5_Brainlet/1795,Brainlet,"CIA Brainlet, Brainlet, United States, Rescue Services, 1960-1970",174105
5_Brainlet/1796,Brainlet,"Clash [Rainbox Six Siege], Brainlet, Video Game, Tom Clancy's Rainbow Six: Siege, Rescue Services, United Kingdom",249900
5_Brainlet/1797,Brainlet,"Clown Brainlet Russia, Brainlet, Brainlet, Russia, Circus",96162
5_Brainlet/1798,Brainlet,"Colonial Brainlet, Brainlet, 1821-1914, Colonial, Brainlet",84419
5_Brainlet/1799,Brainlet,"Commie Brainlet, Brainlet, Authoritarian Left (Political Compass), Political Compass",32922
5_Brainlet/1800,Brainlet,"Commie Brainlet, Brainlet, Authoritarian Left (Political Compass), Political Compass",204422
5_Brainlet/1801,Brainlet,"Cool Kaiser, Brainlet, Imperial, Prussia, 1821-1914",100354
5_Brainlet/1802,Brainlet,"Cowboy, Brainlet, Far West, 1821-1914, United States",29893
5_Brainlet/1803,Brainlet,"Cowboy, Brainlet, Far West, 1821-1914, United States",29893
5_Brainlet/1804,Brainlet,"Crusader Brainlet, Brainlet, Knight, 476-1492, Christianism",70111
5_Brainlet/1805,Brainlet,"Crush Ugly Brainlet, Brainlet, Brainlet",108754
5_Brainlet/1806,Brainlet,"Crying Plato, Brainlet, -3000-476, Greece, Philosophy",153000
5_Brainlet/1807,Brainlet,"Cthulhu Brainlet, Brainlet, Strange, Demon, Monster",423226
5_Brainlet/1808,Brainlet,"Darius Brainlet, Brainlet, Video Game, League of Legends",974660
5_Brainlet/1809,Brainlet,"Darth Sidious, Brainlet, Movie and TV Show, Star Wars, Space, Futuristic",27479
5_Brainlet/1810,Brainlet,"Dead Brainlet, Brainlet, Injured and Dead",40817
5_Brainlet/1811,Brainlet,"Demon Feels Good, Brainlet, Demon",9460
5_Brainlet/1812,Brainlet,"Demon Ox Brainlet, Brainlet, Bahrain, -3000-476, Mythology",139526
5_Brainlet/1813,Brainlet,"Derp, Brainlet, Internet, Meme",226380
5_Brainlet/1814,Brainlet,"Derpy Hooves Brainlet, Brainlet, Cartoon, My Little Pony",57506
5_Brainlet/1815,Brainlet,"Detective Pikachu, Brainlet, Nintendo, Video Game, Pokemon, Movie and TV Show",364178
5_Brainlet/1816,Brainlet,"Donald Duck Brainlet , Brainlet, Cartoon, Disney",96757
5_Brainlet/1817,Brainlet,"Donald Trump Brainlet, Brainlet, United States, President, MAGA",502019
5_Brainlet/1818,Brainlet,"Donald Trump Brainlet, Brainlet, United States, President, MAGA, 2010-2020",323761
5_Brainlet/1819,Brainlet,"Doom Bot, Brainlet, Video Game, Doom",14005
5_Brainlet/1820,Brainlet,"Doomed Brainlet, Brainlet, Brainlet",73098
5_Brainlet/1821,Brainlet,"Dora Brainlet, Brainlet, Cartoon, Mexico",155296
5_Brainlet/1822,Brainlet,"Dredge Wojak - Dead by Daylight, Brainlet, Video Game, Monster",150846
5_Brainlet/1823,Brainlet,"Drooling Brainlet, Brainlet, Brainlet",132143
5_Brainlet/1824,Brainlet,"Dumb Head Bucket, Brainlet, Brainlet",22419
5_Brainlet/1825,Brainlet,"Dumb Wojak, Brainlet, Brainlet",38449
5_Brainlet/1826,Brainlet,"East Germany Soldier, Brainlet, Germany, Red Army, 1950-1960",181541
5_Brainlet/1827,Brainlet,"Eduardo Duhalde, Brainlet, Argentina, President, 2000-2010, Liberal Right",503519
5_Brainlet/1828,Brainlet,"Egdar (Brawl Stars), Brainlet, Video Game",622850
5_Brainlet/1829,Brainlet,"Ela [Rainbox Six Siege], Brainlet, Video Game, Tom Clancy's Rainbow Six: Siege, Rescue Services, Poland",355384
5_Brainlet/1830,Brainlet,"Enginelet, Brainlet, Brainlet",22118
5_Brainlet/1831,Brainlet,"Ethiopian Brainlet, Brainlet, Africa, Ethiopia",3020
5_Brainlet/1832,Brainlet,"Europe Brainlet, Brainlet, Europe, Map",17047
5_Brainlet/1833,Brainlet,"Fake Brainiak, Brainlet, Brainlet",178425
5_Brainlet/1834,Brainlet,"Fanboy, Brainlet, Cartoon, Fanboy and Chum Chum",6825
5_Brainlet/1835,Brainlet,"Fat Irish Brainlet, Brainlet, Ireland",153073
5_Brainlet/1836,Brainlet,"Felix (Re: Zero), Brainlet, Anime, Re: Zero, LGBT+",56513
5_Brainlet/1837,Brainlet,"Felix Trap Brainlet, Brainlet, Anime, Re: Zero, LGBT+",48257
5_Brainlet/1838,Brainlet,"Finland Brainlet, Brainlet, Scandinavia, Europe, Finland, Map",140197
5_Brainlet/1839,Brainlet,"Finland Brainlet, Brainlet, Scandinavia, Europe, Finland, Map",131738
5_Brainlet/1840,Brainlet,"Finland Brainlet, Brainlet, Scandinavia, Europe, Finland, Map",131738
5_Brainlet/1841,Brainlet,"Fish Brainlet, Brainlet, Ocean",22171
5_Brainlet/1842,Brainlet,"Florida Brainlet, Brainlet, United States, North America, Map",180241
5_Brainlet/1843,Brainlet,"Forever alone guy mafia version, Brainlet, Meme",71037
5_Brainlet/1844,Brainlet,"France Brainlet, Brainlet, France, Map, Brainlet",119225
5_Brainlet/1845,Brainlet,"France Brainlet, Brainlet, France, Brainlet, Map",105447
5_Brainlet/1846,Brainlet,"France Brainlet, Brainlet, France, Brainlet, Map",105447
5_Brainlet/1847,Brainlet,"Freddy Kruger, Brainlet, Movie and TV Show, Monster",86132
5_Brainlet/1848,Brainlet,"Frozen Demon, Brainlet, Video Game, Skyrim, Monster, Fantasy",44089
5_Brainlet/1849,Brainlet,"Frying Pan Brainlet, Brainlet, Template",129992
5_Brainlet/1850,Brainlet,"Game Grumps, Brainlet, Youtube, Internet, Group, United States",47940
5_Brainlet/1851,Brainlet,"Georges R.R Martin, Brainlet, Art, Movie and TV Show, Video Game",88209
5_Brainlet/1852,Brainlet,"Georgia Map, Brainlet, Georgia, Map, Asia",124867
5_Brainlet/1853,Brainlet,"German Barbarian, Brainlet, Germany, -3000-476",84529
5_Brainlet/1854,Brainlet,"Gold Fish Brainlet, Brainlet, Ocean",32125
5_Brainlet/1855,Brainlet,"Gridlock [Rainbox Six Siege], Brainlet, Video Game, Tom Clancy's Rainbow Six: Siege, Rescue Services, Australia",301173
5_Brainlet/1856,Brainlet,"Grug Varg Vikernes, Brainlet, Scandinavia, Terrorism, Norway, Authoritarian Right, 1990-2000",73177
5_Brainlet/1857,Brainlet,"Guineapig, Brainlet, Strange, Monster",183858
5_Brainlet/1858,Brainlet,"Gwonam, Brainlet, Video Game, The Legend of Zelda, Nintendo",83523
5_Brainlet/1859,Brainlet,"Happy Brainlet, Brainlet, Brainlet",63359
5_Brainlet/1860,Brainlet,"Helmet Brainlet Full Body, Brainlet, Civilian (Teenager), Full Body",329466
5_Brainlet/1861,Brainlet,"Hitmonlee, Brainlet, Nintendo, Video Game, Pokemon",68409
5_Brainlet/1862,Brainlet,"Hook Merchant - Level 71, Brainlet, The Ever-Expanding Bunker, Ocean",76233
5_Brainlet/1863,Brainlet,"Horseshoe Centrist, Brainlet, Far West, Centrism, Farm",30010
5_Brainlet/1864,Brainlet,"Hunter Brainlet Neanderthals, Brainlet, -3000",102608
5_Brainlet/1865,Brainlet,"Iana [Rainbox Six Siege], Brainlet, Video Game, Tom Clancy's Rainbow Six: Siege, Rescue Services, Netherlands",313675
5_Brainlet/1866,Brainlet,"Incel, Brainlet, Civilian (Teenager)",53951
5_Brainlet/1867,Brainlet,"Incel The Barbarian King, Brainlet, Germany, 476-1492",51032
5_Brainlet/1868,Brainlet,"India Brainlet, Brainlet, India, Asia, Map",126673
5_Brainlet/1869,Brainlet,"Iranian Brainlet, Brainlet, Middle East, Iran",70924
5_Brainlet/1870,Brainlet,"Iron Fist, Brainlet, Comics, Marvel",159629
5_Brainlet/1871,Brainlet,"ISIS Brainlet, Brainlet, Middle East, Terrorism",82077
5_Brainlet/1872,Brainlet,"ISIS Brainlet, Brainlet, Middle East, Islam, Terrorism",178566
5_Brainlet/1873,Brainlet,"Israel Brainlet, Brainlet, Israel, Map, Middle East",309023
5_Brainlet/1874,Brainlet,"Israel Brainlet , Brainlet, Middle East, Israel",102041
5_Brainlet/1875,Brainlet,"Ivan Gontcharov, Brainlet, Russia, Philosophy, 1821-1914",79826
5_Brainlet/1876,Brainlet,"Jackal [Rainbox Six Siege], Brainlet, Video Game, Tom Clancy's Rainbow Six: Siege, Rescue Services, Spain",184405
5_Brainlet/1877,Brainlet,"Jack Backer, Brainlet, Video Game, Resident Evil, MAGA",278207
5_Brainlet/1878,Brainlet,"Jacobin Brainlet, Brainlet, France, 1789-1821, Liberal Left, French Revolution",32268
5_Brainlet/1879,Brainlet,"Jeffrey Dahmer, Brainlet, Criminal, United States, 1990-2000",239246
5_Brainlet/1880,Brainlet,"Jim Jones, Brainlet, Criminal, United States, 1970-1980",177759
5_Brainlet/1881,Brainlet,"Joe Biden Brainlet, Brainlet, United States, President",323429
5_Brainlet/1882,Brainlet,"Join Us Shivers, Brainlet, Video Game, Disco Elysium, Group, Strange, Monster",245661
5_Brainlet/1883,Brainlet,"Jreg, Brainlet, Internet, Youtube, Brainlet",14662
5_Brainlet/1884,Brainlet,"Karen Brainlet, Brainlet, United States, Civilian (Adult)",109298
5_Brainlet/1885,Brainlet,"Kazakhstan Brainlet, Brainlet, Map, Kazakhstan, Asia",102253
5_Brainlet/1886,Brainlet,"Kazakhstan Brainlet, Brainlet, Map, Kazakhstan, Asia",111160
5_Brainlet/1887,Brainlet,"Kazakhstan Brainlet, Brainlet, Map, Kazakhstan, Asia",111160
5_Brainlet/1888,Brainlet,"Kim And Harry, Brainlet, Video Game, Disco Elysium, Group",854032
5_Brainlet/1889,Brainlet,"KV-2 Crew, Brainlet, Anime, Girls Und Panzer, Soviet Union, Group",34258
5_Brainlet/1890,Brainlet,"Kylian Mbappé, Brainlet, France, 2010-2020, Sport",60476
5_Brainlet/1891,Brainlet,"Kylian Mbappé, Brainlet, France, 2010-2020, Sport",206978
5_Brainlet/1892,Brainlet,"Leatherface, Brainlet, Monster, Movie and TV Show",106557
5_Brainlet/1893,Brainlet,"Lego Brainlet, Brainlet, Toy",9424
5_Brainlet/1894,Brainlet,"LFI Brainlet, Brainlet, France, Liberal Left, 2010-2020",380272
5_Brainlet/1895,Brainlet,"LGBT+ Brainlet, Brainlet, Liberal Left, LGBT+",115585
5_Brainlet/1896,Brainlet,"Liberal Left Brainlet, Brainlet, Liberal Left (Political Compass)",250982
5_Brainlet/1897,Brainlet,"Liberal Russian Brainlet, Brainlet, Europe, Asia, Russia, 2020-2030",32915
5_Brainlet/1898,Brainlet,"Little Muscle Boy, Brainlet, Full Body",142470
5_Brainlet/1899,Brainlet,"Luffy Brainlet, Brainlet, Anime, One Piece, Pirate, Ocean",48875
5_Brainlet/1900,Brainlet,"Luigi Brainlet, Brainlet, Nintendo, Video Game, Super Mario",22506
5_Brainlet/1901,Brainlet,"Lula ""The father of the poor"" brainlet, Brainlet, Brazil, President, Liberal Left",114281
5_Brainlet/1902,Brainlet,"Lutz Schwerin von Krosigk, Brainlet, The Third Reich, 1939-1945, 1945-1950, Authoritarian Right",82155
5_Brainlet/1903,Brainlet,"Maga Brainlet, Brainlet, Authoritarian Right, MAGA, United States, 2010-2020",9326
5_Brainlet/1904,Brainlet,"Maga Brainlet, Brainlet, United States, MAGA, Authoritarian Right, 2020-2030",64283
5_Brainlet/1905,Brainlet,"Maga Brainlet, Brainlet, United States, MAGA, Authoritarian Right, 2020-2030",64283
5_Brainlet/1906,Brainlet,"Makoto Naegi, Brainlet, Anime, Danganronpa",133813
5_Brainlet/1907,Brainlet,"Manuel Saint-Pierre, Brainlet, Music, 2010-2020, Canada",723866
5_Brainlet/1908,Brainlet,"Mario Brainlet, Brainlet, Video Game, Nintendo, Super Mario",6595
5_Brainlet/1909,Brainlet,"Martin Echegoyen, Brainlet, Uruguay, 1950-1960, Liberal Right, President",66827
5_Brainlet/1910,Brainlet,"Max Goof, Brainlet, Cartoon, Disney",137551
5_Brainlet/1911,Brainlet,"Melted Brainlet, Brainlet, Brainlet",103446
5_Brainlet/1912,Brainlet,"Melting Brain, Brainlet, Brainlet",551367
5_Brainlet/1913,Brainlet,"Mickey Mouse , Brainlet, Cartoon",104962
5_Brainlet/1914,Brainlet,"Middle East Brainlet, Brainlet, Map, Middle East",14010
5_Brainlet/1915,Brainlet,"Modeus Brainlet, Brainlet, Video Game, Helltaker",37897
5_Brainlet/1916,Brainlet,"Monarch, Brainlet, 476-1492, Monarch",190763
5_Brainlet/1917,Brainlet,"Monarch, Brainlet, 476-1492, Monarch",1031375
5_Brainlet/1918,Brainlet,"Monkeyjak Coconut Brain, Brainlet, Africa",433513
5_Brainlet/1919,Brainlet,"Monster Kid Brainlet, Brainlet, Video Game, Undertale",60009
5_Brainlet/1920,Brainlet,"Morocco Brainlet, Brainlet, Morocco, Africa, Map",141017
5_Brainlet/1921,Brainlet,"Mortu, Brainlet, Madagascar",85500
5_Brainlet/1922,Brainlet,"Motor Brainlet, Brainlet, Brainlet",30531
5_Brainlet/1923,Brainlet,"Mouse Swatter Brainlet, Brainlet, Template, Brainlet",68683
5_Brainlet/1924,Brainlet,"Mozzie [Rainbox Six Siege], Brainlet, Video Game, Tom Clancy's Rainbow Six: Siege, Rescue Services, Australia",225756
5_Brainlet/1925,Brainlet,"Muslim Brainlet, Brainlet, Middle East, Islam",341450
5_Brainlet/1926,Brainlet,"Naruto Brainlet, Brainlet, Anime, Naruto",56701
5_Brainlet/1927,Brainlet,"Neolithic Brainlet, Brainlet, -3000",23364
5_Brainlet/1928,Brainlet,"North America Brainlet, Brainlet, Map, North America",12283
5_Brainlet/1929,Brainlet,"Norway Brainlet, Brainlet, Map, Norway, Scandinavia, Europe",12945
5_Brainlet/1930,Brainlet,"Oil Plant Brainlet, Brainlet, Science",19163
5_Brainlet/1931,Brainlet,"Oomer Brainlet, Brainlet, Template",71630
5_Brainlet/1932,Brainlet,"Ordinary 13y Old Girl, Brainlet, Civilian (Teenager)",160764
5_Brainlet/1933,Brainlet,"Ordinary 13y Old Girl, Brainlet, Civilian (Teenager)",163314
5_Brainlet/1934,Brainlet,"Overwatch Team Group, Brainlet, Video Game, Overwatch, Group",322747
5_Brainlet/1935,Brainlet,"Pacific Brainlet, Brainlet, Map, Pacific",9216
5_Brainlet/1936,Brainlet,"PCM Brainlet, Brainlet, Political Compass",160876
5_Brainlet/1937,Brainlet,"Peasant Brainlet, Brainlet, 476-1492, Peasant",90711
5_Brainlet/1938,Brainlet,"Persian Brainlet, Brainlet, Iran, Turkey, Middle East",94015
5_Brainlet/1939,Brainlet,"Pict Brainlet, Brainlet, Scotland, -3000-476, Autochthonous",55188
5_Brainlet/1940,Brainlet,"Pict Brainlet, Brainlet, Scotland, -3000-476, Autochthonous",497898
5_Brainlet/1941,Brainlet,"Pict Brainlet, Brainlet, -3000-476, Scotland, Autochthonous",246066
5_Brainlet/1942,Brainlet,"Pict Brainlet, Brainlet, Scotland, -3000-476, Autochthonous",497898
5_Brainlet/1943,Brainlet,"Pink Shirt Brainlet, Brainlet, Civilian (Teenager)",507926
5_Brainlet/1944,Brainlet,"Playstation Brainlet Teenager, Brainlet, Brands, Video Game, Civilian (Teenager)",127857
5_Brainlet/1945,Brainlet,"Pokemon Brainlet, Brainlet, Pokemon, Video Game, Nintendo",426998
5_Brainlet/1946,Brainlet,"Pokemon Trainer, Brainlet, Video Game, Pokemon, Nintendo",38160
5_Brainlet/1947,Brainlet,"Poland Brainlet, Brainlet, Poland, Map, Europe",72789
5_Brainlet/1948,Brainlet,"Political Compass User, Brainlet, Political Compass",41024
5_Brainlet/1949,Brainlet,"Power Brainlet, Brainlet, Science, 2000-2010",82440
5_Brainlet/1950,Brainlet,"Pulse [Rainbox Six Siege], Brainlet, Video Game, Tom Clancy's Rainbow Six: Siege, Rescue Services, United States",255225
5_Brainlet/1951,Brainlet,"Punching Pict, Brainlet, Scotland, -3000-476, Autochthonous",156837
5_Brainlet/1952,Brainlet,"Queen Chrysalis Brainlet, Brainlet, Cartoon, My Little Pony",49175
5_Brainlet/1953,Brainlet,"Queen Chrysalis Brainlet, Brainlet, Cartoon, My Little Pony",79039
5_Brainlet/1954,Brainlet,"Rafael Addiego Bruno, Brainlet, Uruguay, 1980-1990, Liberal Right, President",129319
5_Brainlet/1955,Brainlet,"Rainbow Dash Brainlet, Brainlet, Cartoon, My Little Pony",202847
5_Brainlet/1956,Brainlet,"Redcoat Brainlet, Brainlet, United Kingdom, Colonial, 1789-1821",92634
5_Brainlet/1957,Brainlet,"Robert Mugabe, Brainlet, Zimbabwe, 1990-2000, Authoritarian Right, Despot",160358
5_Brainlet/1958,Brainlet,"Roi des rats, Brainlet, Brainlet",233645
5_Brainlet/1959,Brainlet,"Rook [Rainbox Six Siege], Brainlet, Video Game, Tom Clancy's Rainbow Six: Siege, Rescue Services, France",126553
5_Brainlet/1960,Brainlet,"Russia Brainlet, Brainlet, Russia, Europe, Map, Asia",228430
5_Brainlet/1961,Brainlet,"Russia Brainlet, Brainlet, Russia, Europe, Map, Asia",204305
5_Brainlet/1962,Brainlet,"Russia Brainlet, Brainlet, Russia, Europe, Map, Asia",204305
5_Brainlet/1963,Brainlet,"Russian Brainlet, Brainlet, Asia, Europe, Russia",298877
5_Brainlet/1964,Brainlet,"Russian Z, Brainlet, Russia, Authoritarian Right, 2020-2030",158862
5_Brainlet/1965,Brainlet,"Saber Brainlet, Brainlet, Anime, Fate",17084
5_Brainlet/1966,Brainlet,"Sad Brainlet, Brainlet, Brainlet",167526
5_Brainlet/1967,Brainlet,"Samira, Brainlet, Video Game, League of Legends, Brainlet",89274
5_Brainlet/1968,Brainlet,"Sawjak, Brainlet, Template",62116
5_Brainlet/1969,Brainlet,"Sawjak, Brainlet, Civilian (Teenager)",708235
5_Brainlet/1970,Brainlet,"Sawjak, Brainlet, 476-1492",308635
5_Brainlet/1971,Brainlet,"Sawjak Handsome, Brainlet, Civilian (Teenager)",375476
5_Brainlet/1972,Brainlet,"Sawjak Handsome, Brainlet, Civilian (Teenager)",486837
5_Brainlet/1973,Brainlet,"Sawjak Handsome and Naked, Brainlet, Civilian (Teenager)",392978
5_Brainlet/1974,Brainlet,"Sawjak Monster, Brainlet, Monster",669428
5_Brainlet/1975,Brainlet,"Sawjak Soldier, Brainlet, Other Army (Europe)",639847
5_Brainlet/1976,Brainlet,"Sawjak with Suit, Brainlet, Corporation",420003
5_Brainlet/1977,Brainlet,"Scandinavia Brainlet, Brainlet, Map, Scandinavia",11472
5_Brainlet/1978,Brainlet,"Serbian Soldier, Brainlet, Serbia, Serbian Armed Forces, 1990-2000",93416
5_Brainlet/1979,Brainlet,"Sexteena, Brainlet, Cartoon, BoJack Horseman",203162
5_Brainlet/1980,Brainlet,"SJW Brainlet, Brainlet, 2010-2020, LGBT+, Liberal Left",57020
5_Brainlet/1981,Brainlet,"Skin Head Brainlet, Brainlet, Authoritarian Right, National-Socialism, Group",71196
5_Brainlet/1982,Brainlet,"Small ass head wojak, Brainlet, Brainlet",6640
5_Brainlet/1983,Brainlet,"""Smart"" Gorbachev, Brainlet, 1990-2000, Soviet Union, General Secretary, Liberal Right, Masked",148652
5_Brainlet/1984,Brainlet,"Smug Brainiak, Brainlet, Template, Masked",141221
5_Brainlet/1985,Brainlet,"Smug Brainlet, Brainlet, Masked",115161
5_Brainlet/1986,Brainlet,"Smug Brainlet, Brainlet, Masked",60919
5_Brainlet/1987,Brainlet,"Smug Brainlet, Brainlet, Brainlet, Masked",7619
5_Brainlet/1988,Brainlet,"Smug Brainlet, Brainlet, Brainlet, Masked",7619
5_Brainlet/1989,Brainlet,"Solid Snake, Brainlet, Video Game, Nintendo, Metal Gear Solid",20611
5_Brainlet/1990,Brainlet,"Sonic Brainlet, Brainlet, Sonic the Hedgehog, SEGA, Video Game",228561
5_Brainlet/1991,Brainlet,"South America Brainlet, Brainlet, Map, South America",18583
5_Brainlet/1992,Brainlet,"Spongebob Brainelt, Brainlet, Cartoon, SpongeBob SquarePants, Ocean",29668
5_Brainlet/1993,Brainlet,"Squire Trelawney, Brainlet, Cartoon, Treasure Island, Pirate, Ocean",127279
5_Brainlet/1994,Brainlet,"SS Soldier Brainlet, Brainlet, The Third Reich, 1939-1945, National-Socialism, Schutzstaffel",48766
5_Brainlet/1995,Brainlet,"SS Soldier Brainlet, Brainlet, National-Socialism, 1939-1945, The Third Reich, Schutzstaffel",126794
5_Brainlet/1996,Brainlet,"SS Soldier Brainlet, Brainlet, National-Socialism, 1939-1945, The Third Reich, Schutzstaffel",126794
5_Brainlet/1997,Brainlet,"Statist Citizen, Brainlet, Futuristic, Robot, Cyberpunk 2077",497405
5_Brainlet/1998,Brainlet,"Steven , Brainlet, Cartoon, Steven Universe",147074
5_Brainlet/1999,Brainlet,"Steven Downer Brainlet, Brainlet, 2010-2020, United States, Authoritarian Right",552518
5_Brainlet/2000,Brainlet,"Stock Exchange Brainlet, Brainlet, Liberal Right, Corporation",240131
5_Brainlet/2001,Brainlet,"Stupid Torso, Brainlet, Brainlet",5317
5_Brainlet/2002,Brainlet,"Subaru, Brainlet, Anime, Re: Zero",5028
5_Brainlet/2003,Brainlet,"Sweden Brainlet, Brainlet, Scandinavia, Europe, Sweden, Map",236264
5_Brainlet/2004,Brainlet,"Sweden Brainlet, Brainlet, Scandinavia, Europe, Sweden, Map",283779
5_Brainlet/2005,Brainlet,"Sweden Brainlet, Brainlet, Scandinavia, Europe, Sweden, Map",283779
5_Brainlet/2006,Brainlet,"T-90 Brainlet, Brainlet, Russian Armed Forces",24726
5_Brainlet/2007,Brainlet,"Tachanka [Rainbox Six Siege], Brainlet, Video Game, Tom Clancy's Rainbow Six: Siege, Rescue Services, Russia",146488
5_Brainlet/2008,Brainlet,"Teen Brainlet, Brainlet, LGBT+",105559
5_Brainlet/2009,Brainlet,"Terence T. D'Arby Brainlet, Brainlet, Anime, JoJo's Bizarre Adventure",32307
5_Brainlet/2010,Brainlet,"The Counciled Prince, Brainlet, Fantasy, Other Sovereign Title",461980
5_Brainlet/2011,Brainlet,"The Dark Puppet, Brainlet, Video Game, Five Nights at Freddy's, Monster",115795
5_Brainlet/2012,Brainlet,"The Hiverming Prole, Brainlet, Futuristic, Cyberpunk 2077",672073
5_Brainlet/2013,Brainlet,"The Left, Brainlet, Macedonia, Authoritarian Left, Political Figure",159858
5_Brainlet/2014,Brainlet,"The Puppet, Brainlet, Video Game, Five Nights at Freddy's, Monster",127877
5_Brainlet/2015,Brainlet,"Tlaxcalan Emperor  Huehue Xicohténcatl, Brainlet, 1492-1789, Mexico, Autochthonous",352672
5_Brainlet/2016,Brainlet,"Toad Monster, Brainlet, Monster, Strange",30526
5_Brainlet/2017,Brainlet,"Toaster Brainlet, Brainlet, Brainlet",25901
5_Brainlet/2018,Brainlet,"Toilet Brainlet, Brainlet, Brainlet",33472
5_Brainlet/2019,Brainlet,"Toxic Fandom Brainlet Group, Brainlet, Group, Five Nights at Freddy's, Undertale, Steven Universe, My Little Pony, My Hero Academia",427840
5_Brainlet/2020,Brainlet,"Trixie Brainlet, Brainlet, Cartoon, My Little Pony",108253
5_Brainlet/2021,Brainlet,"Turk Brainlet, Brainlet, Azerbaijan, Turkey",18693
5_Brainlet/2022,Brainlet,"Turkish Icecream Seller Brainlet, Brainlet, Europe, Turkey, Food and Drink",126260
5_Brainlet/2023,Brainlet,"Twilight Sparkle Brainlet, Brainlet, Cartoon, My Little Pony",56117
5_Brainlet/2024,Brainlet,"Two Germany Rage, Brainlet, 1945-1950, Germany, Map",8991
5_Brainlet/2025,Brainlet,"Ukraine Brainlet, Brainlet, Map, Ukraine, Europe",13025
5_Brainlet/2026,Brainlet,"Ukraine Brainlet, Brainlet, Ukraine, Map, Europe",34710
5_Brainlet/2027,Brainlet,"Ukrainian Brainlet, Brainlet, Europe, Ukraine, 2020-2030",136236
5_Brainlet/2028,Brainlet,"Ukrainian Supporter Brainlet, Brainlet, Europe, Ukraine",65746
5_Brainlet/2029,Brainlet,"Uncle Scrooge, Brainlet, Disney, Liberal Right",54220
5_Brainlet/2030,Brainlet,"United Kingdom Brainlet, Brainlet, United Kingdom, Map, Europe, Map",225662
5_Brainlet/2031,Brainlet,"United Kingdom Brainlet, Brainlet, United Kingdom, Map, Europe",114495
5_Brainlet/2032,Brainlet,"United Kingdom Brainlet, Brainlet, United Kingdom, Map, Europe",114495
5_Brainlet/2033,Brainlet,"USA Brainlet, Brainlet, United States, Map, North America",73774
5_Brainlet/2034,Brainlet,"USA Brainlet, Brainlet, United States, Map, North America",538143
5_Brainlet/2035,Brainlet,"USA Brainlet, Brainlet, United States, Map, North America",538143
5_Brainlet/2036,Brainlet,"Verified Twitter User, Brainlet, Internet, Corporation, Social Media",374856
5_Brainlet/2037,Brainlet,"Verified Twitter User, Brainlet, Internet, Corporation, Social Media",161591
5_Brainlet/2038,Brainlet,"Verified Twitter User, Brainlet, Internet, Corporation, Social Media",503497
5_Brainlet/2039,Brainlet,"Wall-E Brainlet, Brainlet, Movie and TV Show, Disney, Robot",386812
5_Brainlet/2040,Brainlet,"Waylon Smithers Brainlet, Brainlet, Cartoon, The Simpsons",3537
5_Brainlet/2041,Brainlet,"Wii Remote, Brainlet, Nintendo, Video Game",18835
5_Brainlet/2042,Brainlet,"Windmill Brainlet, Brainlet, Science",62345
5_Brainlet/2043,Brainlet,"Winston Churchill, Brainlet, United Kingdom, 1939-1945, Prime Minister",147801
5_Brainlet/2044,Brainlet,"Wrestler, Brainlet, Sport",70140
5_Brainlet/2045,Brainlet,"Wu jak, Brainlet, Asia, China",61001
5_Brainlet/2046,Brainlet,"Youtuber Executive, Brainlet, Brands, Youtube, Internet",113872
5_Brainlet/2047,Brainlet,"Yugoslav Tankie Brainlet, Brainlet, Yugoslav People's Army, Yugoslavia, 1970-1980",136352
5_Brainlet/2048,Brainlet,"Yungblud, Brainlet, Music, 2010-2020, United Kingdom",1822717
5_Brainlet/2049,Brainlet,"Zipp Storm Brainlet, Brainlet, Cartoon, My Little Pony",69833
5_Brainlet/2050,Brainlet,"Zoomlet, Brainlet, Template",6477
5_Bruce/12917,Bruce,"Alberto Heber, Bruce, Uruguay, 1960-1970, Liberal Left, President",59544
5_Bruce/12918,Bruce,"Alligator Bruce, Bruce, Australia",18867
5_Bruce/12919,Bruce,"American Bruce, Bruce, United States, North America",20350
5_Bruce/12920,Bruce,"Antonio Segni, Bruce, Italy, 1950-1960, Liberal Left, Political Figure",55204
5_Bruce/12921,Bruce,"Arab Bruce, Bruce, Middle East, Saudi Arabia",204202
5_Bruce/12922,Bruce,"Argentinian Bruce, Bruce, South America, Argentina, Sport",135031
5_Bruce/12923,Bruce,"Bobby Bruce, Bruce, United Kingdom, Rescue Services",150889
5_Bruce/12924,Bruce,"Boomer Bruce, Bruce, Pacific, Australia",20516
5_Bruce/12925,Bruce,"Boomer Bruce, Bruce, Post Apocalyptic, Fallout : New Vegas",65052
5_Bruce/12926,Bruce,"Boomer Bruce, Bruce, Post Apocalyptic, Fallout : New Vegas",65052
5_Bruce/12927,Bruce,"British Policeman Bruce, Bruce, United Kingdom, Rescue Services",222088
5_Bruce/12928,Bruce,"Brotherhood of Steel Bruce, Bruce, Post Apocalyptic, Fallout : New Vegas",148357
5_Bruce/12929,Bruce,"Bruce And His Dog, Bruce, Australia, Civilian (Adult)",188409
5_Bruce/12930,Bruce,"Bruce Feels Good, Bruce, Pacific, Australia",172090
5_Bruce/12931,Bruce,"Bruce Pepe, Bruce, Australia, Pacific",314060
5_Bruce/12932,Bruce,"Bruce, Bruce, Template, Pacific, Australia",303769
5_Bruce/12933,Bruce,"Captain Boomerang, Bruce, Comics, DC, Australia",69443
5_Bruce/12934,Bruce,"Coumfy Bruce, Bruce, Pacific, Australia",308635
5_Bruce/12935,Bruce,"Cowboy Bruce, Bruce, Far West, United States, 1821-1914",26096
5_Bruce/12936,Bruce,"Crying Bruce, Bruce, Australia, Pacific",176759
5_Bruce/12937,Bruce,"Disdain Bruce, Bruce, Pacific, Australia",7142
5_Bruce/12938,Bruce,"Éamon de Valera 1960s & 1970s, Bruce, Ireland, President, 1960-1970, Liberal Right",57114
5_Bruce/12939,Bruce,"Enclave Bruce, Bruce, Post Apocalyptic, Fallout : New Vegas",135380
5_Bruce/12940,Bruce,"Facing Bruce, Bruce, Australia, Pacific",113369
5_Bruce/12941,Bruce,"Female (Britney) Bruce, Bruce, Australia, Pacific",350534
5_Bruce/12942,Bruce,"Finnish Bruce, Bruce, Scandinavia, Finland, Europe",55559
5_Bruce/12943,Bruce,"Fist Bruce, Bruce, Australia, Pacific",67954
5_Bruce/12944,Bruce,"Flamethrower Bruce, Bruce, Australia, Pacific",224442
5_Bruce/12945,Bruce,"Florida Man, Bruce, United States, Civilian (Adult)",98736
5_Bruce/12946,Bruce,"Followers of the Apocalypse, Bruce, Post Apocalyptic, Fallout : New Vegas",140097
5_Bruce/12947,Bruce,"Forward Bruce, Bruce, Pacific, Australia",207104
5_Bruce/12948,Bruce,"Grug Bruce, Bruce, Pacific, Australia",133729
5_Bruce/12949,Bruce,"Gun Bruce, Bruce, Australia, Pacific",595446
5_Bruce/12950,Bruce,"Happy Bruce, Bruce, Australia, Pacific",126311
5_Bruce/12951,Bruce,"Irish Bruce, Bruce, Ireland, Europe, Festivity",303626
5_Bruce/12952,Bruce,"Israeli Bruce, Bruce, Middle East, Israel, Judaism",16186
5_Bruce/12953,Bruce,"Italian Bruce Hazmat, Bruce, Italy, Europe, Hazmat",159953
5_Bruce/12954,Bruce,"Jewish Bruce, Bruce, Judaism, Israel",116214
5_Bruce/12955,Bruce,"Joker Bruce, Bruce, Australia, Pacific",106831
5_Bruce/12956,Bruce,"King Mohammed Zahir Shah of Afghanistan, Bruce, Afghanistan, Monarch, 1960-1970",57359
5_Bruce/12957,Bruce,"Leaf Bruce, Bruce, North America, Canada",121992
5_Bruce/12958,Bruce,"Legion Bruce, Bruce, Post Apocalyptic, Fallout : New Vegas, The Legion",201497
5_Bruce/12959,Bruce,"Mel Gibson, Bruce, Movie and TV Show, United States, 2000-2010",93166
5_Bruce/12960,Bruce,"Norwegian Bruce, Bruce, Norway, Europe",288157
5_Bruce/12961,Bruce,"Osama Bin Laden Bruce, Bruce, Saudi Arabia, 2000-2010, Terrorism, Islam, 2000-2010",244294
5_Bruce/12962,Bruce,"Prime Minister Paul Keating, Bruce, 1990-2000, Liberal Left, Australia, Prime Minister",334900
5_Bruce/12963,Bruce,"Proud Bruce, Bruce, Australia, Pacific",242094
5_Bruce/12964,Bruce,"Punching Bottle Bruce, Bruce, Australia, Pacific",226306
5_Bruce/12965,Bruce,"Québécois Bruce, Bruce, Quebec, North America, Canada",112730
5_Bruce/12966,Bruce,"Ranger Bruce, Bruce, Post Apocalyptic, Fallout : New Vegas, New California Republic",204005
5_Bruce/12967,Bruce,"Rebellion Bruce, Bruce, Space, Star Wars, Futuristic",226616
5_Bruce/12968,Bruce,"Rich Bruce, Bruce, Australia, Pacific",13816
5_Bruce/12969,Bruce,"Romanian Bruce, Bruce, Monster, Romania, Europe",25741
5_Bruce/12970,Bruce,"Russian Bruce, Bruce, Russia, Europe, Asia",169813
5_Bruce/12971,Bruce,"Simón Bolívar, Bruce, 1821-1914, Peru, Colombia, Venezuela, Bolivia, Other Army (South And Central America)",138465
5_Bruce/12972,Bruce,"Skay Bellinson, Bruce, Argentina, Music",380489
5_Bruce/12973,Bruce,"Smug Bruce, Bruce, Pacific, Australia",20846
5_Bruce/12974,Bruce,"Soyjak Bruce, Bruce, Pacific, Australia",76732
5_Bruce/12975,Bruce,"Spinning Bruce, Bruce, Australia, GIF",4736
5_Bruce/12976,Bruce,"Strong Punching Bruce, Bruce, Australia, Pacific",293934
5_Bruce/12977,Bruce,"Swedish Bruce, Bruce, Sweden, Europe",302008
5_Bruce/12978,Bruce,"Swiss Bruce, Bruce, Europe, Switzerland",11584
5_Bruce/12979,Bruce,"Thicc Grin Bruce, Bruce, Australia",97081
5_Bruce/12980,Bruce,"Turkish Bruce, Bruce, Turkey, Europe",176884
5_Bruce/12981,Bruce,"Uncle Sam Bruce, Bruce, North America, United States",197778
5_Bruce/12982,Bruce,"Warhammer Bruce, Bruce, Futuristic, Warhammer, Futuristic Army",445795
5_Bruce/12983,Bruce,"Welsh Bruce, Bruce, United Kingdom, Europe, Europe",187373
5_Bruce/12984,Bruce,"White Supremacist Bruce, Bruce, Authoritarian Right, Terrorism",140905
5_Coomer/10904,Coomer,"Africooner Spaniard, Coomer, Spanish Civil War, Spanish Republican Army, 1918-1939, Spain, Nationalist Side (Spanish Civil War)",145525
5_Coomer/10905,Coomer,"Akoomer, Coomer, Video Game, Street Fighter",195194
5_Coomer/10906,Coomer,"American Coomer Soldier, Coomer, United States, 2000-2010, United States Army",20430
5_Coomer/10907,Coomer,"Angry Coomer, Coomer, Template",177976
5_Coomer/10908,Coomer,"Azteq Coomer, Coomer, 476-1492, Autochthonous, Central America",129108
5_Coomer/10909,Coomer,"Big Brain Coomer, Coomer, Template",281254
5_Coomer/10910,Coomer,"Blacklak Coomer, Coomer, Civilian (Adult)",53403
5_Coomer/10911,Coomer,"Black Mesa Scientific, Coomer, Video Game, Half Life, Science",247048
5_Coomer/10912,Coomer,"Bouzard , Coomer, Comics, France",697614
5_Coomer/10913,Coomer,"Bowser Coomer, Coomer, Video Game, Nintendo, Super Mario",116543
5_Coomer/10914,Coomer,"Caillou, Coomer, Cartoon",65454
5_Coomer/10915,Coomer,"Cat Coomer, Coomer, Farm",69405
5_Coomer/10916,Coomer,"Caveira [Rainbox Six Siege], Coomer, Video Game, Tom Clancy's Rainbow Six: Siege, Rescue Services, Brazil",257156
5_Coomer/10917,Coomer,"Chinese Communist Coomer, Coomer, China, Authoritarian Left, 1950-1960, People's Liberation Army",51778
5_Coomer/10918,Coomer,"Coomer Beat Pepe, Coomer, Injured and Dead",72321
5_Coomer/10919,Coomer,"Coomer Brainlet, Coomer, Brainlet",32917
5_Coomer/10920,Coomer,"Coomer Break Out, Coomer, Template",43854
5_Coomer/10921,Coomer,"Coomer Family , Coomer, Group, Group, Family",235244
5_Coomer/10922,Coomer,"Coomer GF, Coomer, Civilian (Adult)",214228
5_Coomer/10923,Coomer,"Coomer Gordon Freeman, Coomer, Video Game, Half Life",469521
5_Coomer/10924,Coomer,"Coomer Joker, Coomer, Internet, DC, Comics",63048
5_Coomer/10925,Coomer,"Coomer Mario, Coomer, Nintendo, Video Game, Super Mario",192664
5_Coomer/10926,Coomer,"Coomer Masked Smug, Coomer, Masked",1479533
5_Coomer/10927,Coomer,"Coomer Monkey, Coomer, Africa",274487
5_Coomer/10928,Coomer,"Coomer Pirate, Coomer, Ocean, Pirate",273875
5_Coomer/10929,Coomer,"Coomer, Coomer, Template",104635
5_Coomer/10930,Coomer,"Coomer Tourist Girl, Coomer, Tourism",413545
5_Coomer/10931,Coomer,"Coomer Travestie, Coomer, LGBT+",89597
5_Coomer/10932,Coomer,"Coooosmical Horror, Coomer, Fantasy, Monster",1408891
5_Coomer/10933,Coomer,"Crying Coomer Masked Smug, Coomer, Masked",179517
5_Coomer/10934,Coomer,"Cthulhu Coomer, Coomer, Monster, Demon",148738
5_Coomer/10935,Coomer,"Depraved Coomer, Coomer, Strange",730520
5_Coomer/10936,Coomer,"Dr Doom Coomer, Coomer, Comics, Marvel",120781
5_Coomer/10937,Coomer,"Driver Nephi , Coomer, Post Apocalyptic, Fallout : New Vegas",422582
5_Coomer/10938,Coomer,"Drowing Coomer, Coomer, Ocean",86825
5_Coomer/10939,Coomer,"farmer, Coomer, Farm",80177
5_Coomer/10940,Coomer,"Farmer Coomer, Coomer, Farm, Peasant",383814
5_Coomer/10941,Coomer,"FedEx Coomer, Coomer, Employee",139340
5_Coomer/10942,Coomer,"Full Body Coomer, Coomer, Full Body",330655
5_Coomer/10943,Coomer,"Full Body Coomer, Coomer, Full Body",197954
5_Coomer/10944,Coomer,"Full Body Coomer, Coomer, Full Body",151410
5_Coomer/10945,Coomer,"Full Body Coomer, Coomer, Full Body",151410
5_Coomer/10946,Coomer,"Galarian Meowth, Coomer, Video Game, Nintendo, Pokemon",144920
5_Coomer/10947,Coomer,"Gay Muslim Coomer, Coomer, Middle East, Islam, LGBT+",243566
5_Coomer/10948,Coomer,"Geralt of Rivia (The Witcher), Coomer, Video Game, Fantasy",1215230
5_Coomer/10949,Coomer,"Ginger Coomer, Coomer, Sport",158625
5_Coomer/10950,Coomer,"Goomy, Coomer, Video Game, Nintendo, Pokemon",94806
5_Coomer/10951,Coomer,"Gragas, Coomer, Video Game, League of Legends",246333
5_Coomer/10952,Coomer,"Grausamkeit , Coomer, Criminal, Germany, Music, 1990-2000",595187
5_Coomer/10953,Coomer,"Happy Coomer, Coomer, Civilian (Adult)",52390
5_Coomer/10954,Coomer,"Harrier 'Harry' Du Bois Coomer, Coomer, Disco Elysium, Video Game",110941
5_Coomer/10955,Coomer,"Harry Potter Coomer, Coomer, Movie and TV Show, Harry Potter, Fantasy",710514
5_Coomer/10956,Coomer,"Hindousit Coomer, Coomer, Hinduism, Asia",114321
5_Coomer/10957,Coomer,"Hindu Coomer, Coomer, Hinduism, Asia, India",61456
5_Coomer/10958,Coomer,"Hô Chi Minh, Coomer, Vietnam, Vietnam War, 1960-1970, Authoritarian Left, General Secretary",311719
5_Coomer/10959,Coomer,"Homer Simpson, Coomer, Cartoon, The Simpsons",69241
5_Coomer/10960,Coomer,"Homer Simpson, Coomer, Cartoon, The Simpsons",69241
5_Coomer/10961,Coomer,"Homer Simpson s.17 ep.05, Coomer, Cartoon, The Simpsons",684545
5_Coomer/10962,Coomer,"Indian Coomer, Coomer, Hinduism, Asia, India",323412
5_Coomer/10963,Coomer,"Influencharles, Coomer, Internet",81264
5_Coomer/10964,Coomer,"Janny Coomer, Coomer, Internet, Social Media",454606
5_Coomer/10965,Coomer,"John Arbuckle, Coomer, Garfield, Cartoon",294910
5_Coomer/10966,Coomer,"Justin Trudeau, Coomer, Canada, Political Figure, Liberal Right",107300
5_Coomer/10967,Coomer,"King Coomer, Coomer, Monarch, 476-1492",164812
5_Coomer/10968,Coomer,"Link Coomer, Coomer, Video Game, Nintendo, The Legend of Zelda",186217
5_Coomer/10969,Coomer,"Mad Hatter, Coomer, Comics, DC",93963
5_Coomer/10970,Coomer,"Makarios III, Coomer, Cyprus, President, 1970-1980, Religious Authority, Christianism",83857
5_Coomer/10971,Coomer,"Moor Muslim Coomer, Coomer, Africa, Morocco",734739
5_Coomer/10972,Coomer,"Morrocan Oomer, Coomer, Morocco, Africa, 1492-1789",587430
5_Coomer/10973,Coomer,"Mr. Sinister, Coomer, Comics, DC",226622
5_Coomer/10974,Coomer,"Murderous Rampage Coomer, Coomer, Post Apocalyptic",179674
5_Coomer/10975,Coomer,"Muslim Coomer, Coomer, Middle East, Islam",131597
5_Coomer/10976,Coomer,"Muslim Family, Coomer, Islam, Family, Group",215873
5_Coomer/10977,Coomer,"Natsuiro Matsuri, Coomer, Japan, Virtual Youtuber, Youtube",186412
5_Coomer/10978,Coomer,"Nozomi Tojo 'Love Live! School Idol Project', Coomer, Anime",215051
5_Coomer/10979,Coomer,"Order of Whip and Thyme, Coomer, 476-1492, Fantasy, Peasant",122370
5_Coomer/10980,Coomer,"Ottoman Coomer, Coomer, Ottoman Empire",50739
5_Coomer/10981,Coomer,"Pikachu Coomer, Coomer, Video Game, Nintendo, Pokemon",74454
5_Coomer/10982,Coomer,"Pirate Captain, Coomer, Pirate, 1492-1789, Ocean",779815
5_Coomer/10983,Coomer,"Pirate Coomer, Coomer, Pirate, Ocean, 1492-1789",237154
5_Coomer/10984,Coomer,"Programmer Coomer, Coomer, Internet, Employee",475232
5_Coomer/10985,Coomer,"Robot Coomer, Coomer, The Ever-Expanding Bunker, Robot",304646
5_Coomer/10986,Coomer,"Robot, Coomer, Comics, Invincible",86504
5_Coomer/10987,Coomer,"Schoomer, Coomer, Civilian (Eldery)",289231
5_Coomer/10988,Coomer,"Scott Cawthon, Coomer, Video Game, Five Nights at Freddy's",96689
5_Coomer/10989,Coomer,"Secular Couple, Coomer, India, Hinduism, Family, Islam",451026
5_Coomer/10990,Coomer,"Séquoio (Mini Mini Farm), Coomer, Video Game, Mini Mini Farm",704716
5_Coomer/10991,Coomer,"Shayne Bloomington, Coomer, The Ever-Expanding Bunker, Ocean",298140
5_Coomer/10992,Coomer,"Shayne WTTTS, Coomer, The Ever-Expanding Bunker, Ocean, Pirate",405183
5_Coomer/10993,Coomer,"Shocker, Coomer, Comics, Marvel",31994
5_Coomer/10994,Coomer,"Sly Cooper, Coomer, Video Game",181966
5_Coomer/10995,Coomer,"South Sudan Warlord, Coomer, Sudan, Africa, Militia Forces",161410
5_Coomer/10996,Coomer,"Spanish Conquistador, Coomer, Mexico, Spain, Colonial, 1492-1789",584145
5_Coomer/10997,Coomer,"Star Fox, Coomer, Comics, Marvel",99767
5_Coomer/10998,Coomer,"Student Coomer, Coomer, Academic",351416
5_Coomer/10999,Coomer,"Tatoomer, Coomer, Tourism, Ocean",259555
5_Coomer/11000,Coomer,"The Armored Coomer, Coomer, Futuristic",124691
5_Coomer/11001,Coomer,"The Coomer Trans Humanist, Coomer, Futuristic, Cyberpunk 2077",155970
5_Coomer/11002,Coomer,"The Fetischist, Coomer, Criminal",466874
5_Coomer/11003,Coomer,"The Fujoomer, Coomer, LGBT+",121282
5_Coomer/11004,Coomer,"The Furry Ganger, Coomer, Post Apocalyptic, Monster",979886
5_Coomer/11005,Coomer,"The Noticer, Coomer, Civilian (Adult)",81730
5_Coomer/11006,Coomer,"The Predator, Coomer, The Ever-Expanding Bunker",235435
5_Coomer/11007,Coomer,"Troomer, Coomer, LGBT+",160978
5_Coomer/11008,Coomer,"Tubal-Cain, Coomer, -3000",123095
5_Coomer/11009,Coomer,"Tuxedo Coomer, Coomer, Nobility and Bourgeoisie",197492
5_Coomer/11010,Coomer,"UN Coomer, Coomer, United Nations, 2000-2010",306727
5_Coomer/11011,Coomer,"Vietnam War US Troop, Coomer, United States Army, 1960-1970, Vietnam War, United States",91549
5_Coomer/11012,Coomer,"Walt Whitman Coomer, Coomer, Art, 1821-1914, United States",130604
5_Craig/10445,Craig,"Abraham Lincoln Craig, Craig, President, United States, 1821-1914",79315
5_Craig/10446,Craig,"Abraham Lincoln Craig Without Hat, Craig, President, United States, 1821-1914",87328
5_Craig/10447,Craig,"Aeris Gainsborough Craig, Craig, Video Game, Final Fantasy",102592
5_Craig/10448,Craig,"Angry Craig, Craig, Template",64738
5_Craig/10449,Craig,"Angry Crying Craig, Craig, Template",229632
5_Craig/10450,Craig,"Angry NPC Craig, Craig, Template",76054
5_Craig/10451,Craig,"Arab Craig, Craig, Middle East, Saudi Arabia",100123
5_Craig/10452,Craig,"Archivist Craig, Craig, Fantasy, 476-1492",85182
5_Craig/10453,Craig,"Are you winning son Craig , Craig, Civilian (Adult)",63144
5_Craig/10454,Craig,"Astolfo Craig, Craig, Anime, Fate, LGBT+",77417
5_Craig/10455,Craig,"Asuka Soryu Langley Craig, Craig, Anime, Evangelion",91913
5_Craig/10456,Craig,"Atilio Viglione, Craig, Argentina, Liberal Left, 1980-1990",82922
5_Craig/10457,Craig,"Autistic Craig, Craig, Civilian (Teenager)",145483
5_Craig/10458,Craig,"Birthday Party Craig, Craig, Template",68497
5_Craig/10459,Craig,"Boomer Craig, Craig, Civilian (Eldery)",202591
5_Craig/10460,Craig,"Brute Craig, Craig, Template",70351
5_Craig/10461,Craig,"Cevdet Sunay, Craig, Turkey, President, 1960-1970",77699
5_Craig/10462,Craig,"Chad Craig, Craig, Template",9907
5_Craig/10463,Craig,"Chinese Craig, Craig, China, Asia",107644
5_Craig/10464,Craig,"Chris Redfield Craig, Craig, Video Game, Resident Evil",122858
5_Craig/10465,Craig,"Christmas Craig, Craig, Festivity",123364
5_Craig/10466,Craig,"Cloud Strife Craig, Craig, Video Game, Final Fantasy",96581
5_Craig/10467,Craig,"Clown Craig, Craig, Circus",137955
5_Craig/10468,Craig,"Coco Basile, Craig, Argentina, Sport",182871
5_Craig/10469,Craig,"Cortana Craig, Craig, Video Game, Halo",95551
5_Craig/10470,Craig,"Cortana Craig, Craig, Video Game, Halo",94859
5_Craig/10471,Craig,"Cortana Craig, Craig, Video Game, Halo",107181
5_Craig/10472,Craig,"Craig Arthur Morgan, Craig, 1821-1914, Far West, Video Game",369946
5_Craig/10473,Craig,"Craig AuthRight, Craig, Political Compass, Authoritarian Right (Political Compass)",28831
5_Craig/10474,Craig,"Craig Itachi, Craig, Anime, Naruto",58157
5_Craig/10475,Craig,"Craig Ocean, Craig, Ocean",69954
5_Craig/10476,Craig,"Craig, Craig, Template",8811
5_Craig/10477,Craig,"Craig the Peasant, Craig, 476-1492, Peasant",26559
5_Craig/10478,Craig,"Craig Tucker Craig, Craig, Cartoon, South Park",183850
5_Craig/10479,Craig,"Crying Craig, Craig, Template",9529
5_Craig/10480,Craig,"Dante Craig, Craig, Video Game, Devil May Cry",106802
5_Craig/10481,Craig,"Domingo Faustino Sarmiento, Craig, Argentina, 1821-1914, President, Liberal Right",559539
5_Craig/10482,Craig,"Dong Biwu, Craig, 1960-1970, China, Authoritarian Left",75814
5_Craig/10483,Craig,"Donkey Kong, Craig, Nintendo, Video Game",28258
5_Craig/10484,Craig,"Doomer Craig, Craig, Template",125726
5_Craig/10485,Craig,"Dr Phill Craig, Craig, United States, 2000-2010, Medical",93090
5_Craig/10486,Craig,"Feral Troll, Craig, Fantasy, Monster",60011
5_Craig/10487,Craig,"Feral Troll Craig, Craig, Fantasy, Monster",37616
5_Craig/10488,Craig,"Frankenstein Craig, Craig, Movie and TV Show, Monster",112097
5_Craig/10489,Craig,"Frollo Craig (The Hunchback of Notre Dame), Craig, France, Movie and TV Show, Disney",109953
5_Craig/10490,Craig,"Fumo Craig, Craig, Japan",64329
5_Craig/10491,Craig,"George Washinghton Craig, Craig, 1492-1789, United States, President",117101
5_Craig/10492,Craig,"Gerald Ford, Craig, United States, President, 1970-1980, Authoritarian Right",61951
5_Craig/10493,Craig,"Giraffe Craig, Craig, Africa",129897
5_Craig/10494,Craig,"GI Vietnam War Craig, Craig, United States, United States Army, Vietnam War, 1960-1970",109765
5_Craig/10495,Craig,"Gordon Freeman Craig, Craig, Video Game, Half Life, Science",83754
5_Craig/10496,Craig,"Griffith Craig, Craig, Anime, Berserk",52188
5_Craig/10497,Craig,"Guts (Borderlands), Craig, Video Game",118641
5_Craig/10498,Craig,"Guts Craig, Craig, Anime, Berserk",62812
5_Craig/10499,Craig,"Happy Craig, Craig, Template",68790
5_Craig/10500,Craig,"Heavy Craig, Craig, Video Game, Team Fortress 2",151805
5_Craig/10501,Craig,"Homelander Craig, Craig, The Boys, Comics",108905
5_Craig/10502,Craig,"Jesse Pinkman Craig, Craig, Breaking Bad",104042
5_Craig/10503,Craig,"Jesus Craig, Craig, Christianism, Protestantism, Orthodox, -3000-476",105363
5_Craig/10504,Craig,"Johnny Test Craig, Craig, Cartoon",118202
5_Craig/10505,Craig,"Jorge Batlle, Craig, Uruguay, 2000-2010, Liberal Left, President",187854
5_Craig/10506,Craig,"Krampus Craig, Craig, Demon, Monster",94722
5_Craig/10507,Craig,"Lady Dimitrescu Craig, Craig, Video Game, Resident Evil",99211
5_Craig/10508,Craig,"Lain (Serial Experiments Lain), Craig, Anime",114145
5_Craig/10509,Craig,"La Mona Jimenez, Craig, Argentina, Music",316519
5_Craig/10510,Craig,"Lemonball Craig, Craig, Template",102792
5_Craig/10511,Craig,"Luigi Craig, Craig, Video Game, Nintendo, Super Mario",118091
5_Craig/10512,Craig,"MacDonald Worker Craig, Craig, Employee, Food and Drink, Brands",126631
5_Craig/10513,Craig,"Mark Craig, Craig, Comics, Invincible",100892
5_Craig/10514,Craig,"Marrow Fiend (Infinity Blade), Craig, Video Game",116240
5_Craig/10515,Craig,"Mecha Craig, Craig, Robot",71676
5_Craig/10516,Craig,"Mega Bastard Craig, Craig, Team Fortress 2, Video Game",87026
5_Craig/10517,Craig,"Minecraft Zombie Craig, Craig, Video Game, Minecraft",117876
5_Craig/10518,Craig,"Modern Craig, Craig, Civilian (Adult)",104131
5_Craig/10519,Craig,"Monke Craig, Craig, Africa",21446
5_Craig/10520,Craig,"Morris , Craig, Movie and TV Show, Madagascar",229177
5_Craig/10521,Craig,"NPC Craig, Craig, Template",76172
5_Craig/10522,Craig,"Ogre Graig, Craig, Fantasy, Monster",9569
5_Craig/10523,Craig,"Ogre, Craig, Fantasy, Monster",48634
5_Craig/10524,Craig,"Omni Man Craig, Craig, Comics, Invincible",104847
5_Craig/10525,Craig,"Pancreas Thief Craig, Craig, Internet",13222
5_Craig/10526,Craig,"Pepe Craig, Craig, Internet",133161
5_Craig/10527,Craig,"Pilgrim Craig, Craig, United States, 1821-1914, Colonial",86958
5_Craig/10528,Craig,"Pirate Craig, Craig, Treasure Island, Cartoon, Ocean, Pirate",283082
5_Craig/10529,Craig,"Praying Craig, Craig, Template",132480
5_Craig/10530,Craig,"Rei Ayanami Craig, Craig, Anime, Evangelion",81878
5_Craig/10531,Craig,"Roman Soldier Craig, Craig, Roman Empire, Knight, -3000-476",92479
5_Craig/10532,Craig,"Skull Craig, Craig, Injured and Dead",51208
5_Craig/10533,Craig,"Soy Craig, Craig, Template",67307
5_Craig/10534,Craig,"Soy Craig, Craig, Template",112929
5_Craig/10535,Craig,"Super Smash Bros Craig, Craig, Nintendo, Video Game",206086
5_Craig/10536,Craig,"The Knight Craig, Craig, Video Game, Hollow Knight",71866
5_Craig/10537,Craig,"The NATO Monster, Craig, Futuristic",159804
5_Craig/10538,Craig,"The Remnant Cheif, Craig, The Ever-Expanding Bunker",235354
5_Craig/10539,Craig,"The Rich Brute, Craig, 1492-1789, Nobility and Bourgeoisie",15762
5_Craig/10540,Craig,"Tifa Lockheart Craig, Craig, Video Game, Final Fantasy",99497
5_Craig/10541,Craig,"Tired Craig, Craig, Template",16087
5_Craig/10542,Craig,"Troll Craig, Craig, Template",63304
5_Craig/10543,Craig,"Tuxedo Craig, Craig, Nobility and Bourgeoisie",91860
5_Craig/10544,Craig,"Tweek Tweak Craig, Craig, Cartoon, South Park",210207
5_Craig/10545,Craig,"Vampire Craig, Craig, Romania, Monster",98416
5_Craig/10546,Craig,"Vergil Craig, Craig, Video Game, Devil May Cry",127138
5_Craig/10547,Craig,"Vietnam War US Troop, Craig, Political Compass, United States Army, Vietnam War, United States, 1960-1970, Authoritarian Right (Political Compass)",95278
5_Craig/10548,Craig,"Walter White Craig, Craig, Breaking Bad",108017
5_Craig/10549,Craig,"Waluigi Craig, Craig, Video Game, Nintendo, Super Mario",116428
5_Craig/10550,Craig,"Why ? Smiley Craig, Craig, Internet, Meme",82038
5_Craig/10551,Craig,"Wilhelm Pieck, Craig, Germany, Authoritarian Left, 1945-1950, General Secretary",127939
5_Craig/10552,Craig,"Willy Brandt, Craig, Germany, 1970-1980, Liberal Left, Prime Minister",88235
5_Craig/10553,Craig,"Wink Craig, Craig, Template",121590
5_Craig/10554,Craig,"Witch Craig, Craig, Strange, Monster",98370
5_Craig/10555,Craig,"Withered Craig, Craig, Template",68662
5_Craig/10556,Craig,"Worker Of Secret Craig, Craig, Video Game",60121
5_Craig/10557,Craig,"WT Craig, Craig, Internet",63881
5_Craig/10558,Craig,"Xbox Craig, Craig, Video Game, Brands",431073
5_Craig/10559,Craig,"Yes Chad Craig, Craig, Template",101831
5_Crying_Wojak/1,Crying_Wojak,"A Berber Makist, Crying Wojak, Algeria, Kabylia, Africa",643991
5_Crying_Wojak/10,Crying_Wojak,"Algerian Crying Soldier, Crying Wojak, Algeria, Other Army (Africa)",164916
5_Crying_Wojak/100,Crying_Wojak,"Crying China, Crying Wojak, Asia, China",115550
5_Crying_Wojak/101,Crying_Wojak,"Crying Chinese, Crying Wojak, Asia, China",41561
5_Crying_Wojak/102,Crying_Wojak,"Crying Chinese, Crying Wojak, China, Asia, Autochthonous",75680
5_Crying_Wojak/103,Crying_Wojak,"Crying Colonial Power, Crying Wojak, France, United States, United Kingdom, Colonial, 1950-1960",1807426
5_Crying_Wojak/104,Crying_Wojak,"Crying Communist, Crying Wojak, Authoritarian Left (Political Compass), Political Compass",15869
5_Crying_Wojak/105,Crying_Wojak,"Crying Computer Wojak, Crying Wojak, Room, Internet",187018
5_Crying_Wojak/106,Crying_Wojak,"Crying Confederate Soldier, Crying Wojak, Confederate States of America, 1821-1914, Confederate States Army",68352
5_Crying_Wojak/107,Crying_Wojak,"Crying Cowboy, Crying Wojak, Far West, United States, 1821-1914",287326
5_Crying_Wojak/108,Crying_Wojak,"Crying Cowboy, Crying Wojak, Far West, United States, 1821-1914",178281
5_Crying_Wojak/109,Crying_Wojak,"Crying Cowboy, Crying Wojak, 1821-1914, United States, Far West",244551
5_Crying_Wojak/11,Crying_Wojak,"Alp, Crying Wojak, Video Game",159636
5_Crying_Wojak/110,Crying_Wojak,"Crying Cowboy, Crying Wojak, Far West, United States, 1821-1914",178281
5_Crying_Wojak/111,Crying_Wojak,"Crying Crusader, Crying Wojak, Knight, 476-1492, Christianism",269590
5_Crying_Wojak/112,Crying_Wojak,"Crying Darth Maul, Crying Wojak, Movie and TV Show, Futuristic, Star Wars, Space",190616
5_Crying_Wojak/113,Crying_Wojak,"Crying De Gaulle, Crying Wojak, France, Armée Française, 1939-1945",648561
5_Crying_Wojak/114,Crying_Wojak,"Crying Diane Nguyen, Crying Wojak, Cartoon, BoJack Horseman",425700
5_Crying_Wojak/115,Crying_Wojak,"Crying Dominos, Crying Wojak, Brands, Food and Drink, Employee",58126
5_Crying_Wojak/116,Crying_Wojak,"Crying Donald Trump, Crying Wojak, MAGA, United States, President, 2010-2020",458728
5_Crying_Wojak/117,Crying_Wojak,"Crying doomer boy , Crying Wojak, CIvilian (Teenager)",155055
5_Crying_Wojak/118,Crying_Wojak,"Crying Elf, Crying Wojak, Video Game, Skyrim, Elf, Fantasy",90542
5_Crying_Wojak/119,Crying_Wojak,"Crying Fantasy Hero, Crying Wojak, Fantasy",15654
5_Crying_Wojak/12,Crying_Wojak,"Altmers, Crying Wojak, Video Game, Skyrim, Fantasy, Elf",26853
5_Crying_Wojak/120,Crying_Wojak,"Crying Feminist, Crying Wojak, Liberal Left",55180
5_Crying_Wojak/121,Crying_Wojak,"Crying Finn Mertens, Crying Wojak, Cartoon, Adventure Time",60403
5_Crying_Wojak/122,Crying_Wojak,"Crying “Free Russia” soldier, Crying Wojak, Russian Armed Forces, 2020-2030, Ukraine",410382
5_Crying_Wojak/123,Crying_Wojak,"Crying Frenchman, Crying Wojak, Europe, France",28560
5_Crying_Wojak/124,Crying_Wojak,"Crying Gawr Gura, Crying Wojak, Youtube, Virtual Youtuber, Japan",143113
5_Crying_Wojak/125,Crying_Wojak,"Crying General Oliver Lee, Crying Wojak, Post Apocalyptic, Fallout : New Vegas, New California Republic",134592
5_Crying_Wojak/126,Crying_Wojak,"Crying George W. Bush, Crying Wojak, 2000-2010, United States, President",304192
5_Crying_Wojak/127,Crying_Wojak,"Crying German Nationalist, Crying Wojak, Germany, Flag",125399
5_Crying_Wojak/128,Crying_Wojak,"Crying Girl, Crying Wojak, Civilian (Teenager)",351021
5_Crying_Wojak/129,Crying_Wojak,"Crying Girl, Crying Wojak, Civilian (Teenager)",84729
5_Crying_Wojak/13,Crying_Wojak,"Anarky, Crying Wojak, Comics, DC, Masked",52196
5_Crying_Wojak/130,Crying_Wojak,"Crying Gordon Freeman, Crying Wojak, Video Game, Half Life",56327
5_Crying_Wojak/131,Crying_Wojak,"Crying Grabber, Crying Wojak, Authoritarian Left",232018
5_Crying_Wojak/132,Crying_Wojak,"Crying Greaser Guy, Crying Wojak, Criminal, Criminal",183987
5_Crying_Wojak/133,Crying_Wojak,"Crying Greta Thunberg, Crying Wojak, Sweden, 2010-2020, Liberal Left",83116
5_Crying_Wojak/134,Crying_Wojak,"Crying Gun, Crying Wojak, Criminal",107698
5_Crying_Wojak/135,Crying_Wojak,"Crying Hanzo, Crying Wojak, Video Game, Overwatch",71869
5_Crying_Wojak/136,Crying_Wojak,"Crying Harrier ""Harry"" Du Bois, Crying Wojak, Video Game, Disco Elysium",200292
5_Crying_Wojak/137,Crying_Wojak,"Crying Henging Zelensky, Crying Wojak, President, Authoritarian Right, Ukraine, 2020-2030, Injured and Dead",55710
5_Crying_Wojak/138,Crying_Wojak,"Crying Hermione Granger, Crying Wojak, Movie and TV Show, Harry Potter, Fantasy",631664
5_Crying_Wojak/139,Crying_Wojak,"Crying Hillary Clinton Supporter, Crying Wojak, United States, Masked, 2010-2020",72151
5_Crying_Wojak/14,Crying_Wojak,"Angry Freiza  Wojak, Crying Wojak, Anime, Dragon Ball",171045
5_Crying_Wojak/140,Crying_Wojak,"Crying Hipster Soyjak, Crying Wojak, Civilian (Adult)",55096
5_Crying_Wojak/141,Crying_Wojak,"Crying Hokage Group, Crying Wojak, Group, Anime, Naruto",246110
5_Crying_Wojak/142,Crying_Wojak,"Crying Hungarian Soldier, Crying Wojak, 1939-1945, Other Army (Europe), Hungary",58937
5_Crying_Wojak/143,Crying_Wojak,"Crying Ignus, Crying Wojak, Fantasy, Fall From Grace",46466
5_Crying_Wojak/144,Crying_Wojak,"Crying Indian, Crying Wojak, Asia, India",62474
5_Crying_Wojak/145,Crying_Wojak,"Crying Indonesian, Crying Wojak, Asia, Indonesia",81596
5_Crying_Wojak/146,Crying_Wojak,"Crying Israeli Soldier, Crying Wojak, Israel, Israel Defense Forces",301083
5_Crying_Wojak/147,Crying_Wojak,"Crying It, Crying Wojak, Movie and TV Show, Monster, Circus",157496
5_Crying_Wojak/148,Crying_Wojak,"Crying Japanese Soldier, Crying Wojak, Imperial Japanese Army, Japan, 1939-1945",165574
5_Crying_Wojak/149,Crying_Wojak,"Crying Japanese Soldier, Crying Wojak, 1939-1945, Japan, Imperial Japanese Army",467487
5_Crying_Wojak/15,Crying_Wojak,"Angry Suicide Wojak, Crying Wojak, Injured and Dead",24530
5_Crying_Wojak/150,Crying_Wojak,"Crying Jean Kirschtein, Crying Wojak, Anime, Attack On Titan",71235
5_Crying_Wojak/151,Crying_Wojak,"Crying jew, Crying Wojak, Judaism",263297
5_Crying_Wojak/152,Crying_Wojak,"Crying Joker In Jail, Crying Wojak, Comics, DC, Criminal",75241
5_Crying_Wojak/153,Crying_Wojak,"Crying Justin Trudeau, Crying Wojak, Canada, Prime Minister, Liberal Right",127976
5_Crying_Wojak/154,Crying_Wojak,"Crying Kabyle, Crying Wojak, Africa, Kabylia",204316
5_Crying_Wojak/155,Crying_Wojak,"Crying Karl Marx, Crying Wojak, 1821-1914, Authoritarian Left, Germany, Philosophy",92029
5_Crying_Wojak/156,Crying_Wojak,"Crying Katara, Crying Wojak, Cartoon, The Last Airbender",90296
5_Crying_Wojak/157,Crying_Wojak,"Crying Kawai Girl, Crying Wojak, Strange",68125
5_Crying_Wojak/158,Crying_Wojak,"Crying Kawai Girl, Crying Wojak, Internet, Masked, Japan",267426
5_Crying_Wojak/159,Crying_Wojak,"Crying Kayn, Crying Wojak, Video Game, League of Legends",8205
5_Crying_Wojak/16,Crying_Wojak,"Ante Pavelić Crying, Crying Wojak, Croatia, 1939-1945, National-Socialism, Despot",362649
5_Crying_Wojak/160,Crying_Wojak,"Crying Khalistani Sikh, Crying Wojak, Asia, India, Sikhism",189817
5_Crying_Wojak/161,Crying_Wojak,"Crying King K. Rool, Crying Wojak, Nintendo, Video Game",14380
5_Crying_Wojak/162,Crying_Wojak,"Crying Klaasje, Crying Wojak, Video Game, Disco Elysium",48584
5_Crying_Wojak/163,Crying_Wojak,"Crying Knight, Crying Wojak, 476-1492, Knight",200367
5_Crying_Wojak/164,Crying_Wojak,"Crying Lavrenti Beria, Crying Wojak, 1939-1945, Soviet Union",34973
5_Crying_Wojak/165,Crying_Wojak,"Crying Leftist, Crying Wojak, Liberal Left, LGBT+",190150
5_Crying_Wojak/166,Crying_Wojak,"Crying Leftist Protestor, Crying Wojak, Liberal Left",594936
5_Crying_Wojak/167,Crying_Wojak,"Crying Leon Trotsky, Crying Wojak, Authoritarian Left, 1918-1939, Philosophy, Mexico",45638
5_Crying_Wojak/168,Crying_Wojak,"Crying Lower Egyptian, Crying Wojak, Ancient Egypt, -3000-476, Monarch",86944
5_Crying_Wojak/169,Crying_Wojak,"Crying MAGA, Crying Wojak, MAGA, Authoritarian Right, 2010-2020, United States",536532
5_Crying_Wojak/17,Crying_Wojak,"Artyom Alexandrovich Anoufriev, Crying Wojak, Russia, Criminal, 2010-2020, Masked",116832
5_Crying_Wojak/170,Crying_Wojak,"Crying Maga, Crying Wojak, Authoritarian Right, MAGA, United States, 2020-2030",139314
5_Crying_Wojak/171,Crying_Wojak,"Crying Maga, Crying Wojak, MAGA, Authoritarian Right, 2010-2020, United States",91994
5_Crying_Wojak/172,Crying_Wojak,"Crying Maghrebin Arabist, Crying Wojak, Morocco, Algeria, Tunisia",169419
5_Crying_Wojak/173,Crying_Wojak,"Crying Maratha, Crying Wojak, Hinduism, India, Asia, Autochthonous",559405
5_Crying_Wojak/174,Crying_Wojak,"Crying Masked Alien, Crying Wojak, Masked, Space",88662
5_Crying_Wojak/175,Crying_Wojak,"Crying Masked ArtHoe, Crying Wojak, Masked",187400
5_Crying_Wojak/176,Crying_Wojak,"Crying Masked Brainiaks, Crying Wojak, Masked",113930
5_Crying_Wojak/177,Crying_Wojak,"Crying Masked Catalan, Crying Wojak, Spain, Europe, Catalonia, Masked",376796
5_Crying_Wojak/178,Crying_Wojak,"Crying Masked Gamer, Crying Wojak, Masked, Video Game, Internet",194861
5_Crying_Wojak/179,Crying_Wojak,"Crying Masked Grey Chad, Crying Wojak, Masked",114232
5_Crying_Wojak/18,Crying_Wojak,"ATF Agent, Crying Wojak, United States, Rescue Services, 1990-2000",49909
5_Crying_Wojak/180,Crying_Wojak,"Crying Masked Grey Chad, Crying Wojak, Masked",1515617
5_Crying_Wojak/181,Crying_Wojak,"Crying Masked Grey Chad, Crying Wojak, Masked",1515617
5_Crying_Wojak/182,Crying_Wojak,"Crying Masked Hentai, Crying Wojak, Masked, Japan, Anime, NSFW",185526
5_Crying_Wojak/183,Crying_Wojak,"Crying Masked :^), Crying Wojak, Masked",30924
5_Crying_Wojak/184,Crying_Wojak,"Crying Masked, Crying Wojak, Masked",277958
5_Crying_Wojak/185,Crying_Wojak,"Crying Masked Shroomjak, Crying Wojak, Masked",67175
5_Crying_Wojak/186,Crying_Wojak,"Crying Masked Smug, Crying Wojak, Masked",133389
5_Crying_Wojak/187,Crying_Wojak,"Crying Masked Template, Crying Wojak, Masked, Template",100841
5_Crying_Wojak/188,Crying_Wojak,"Crying Masked White Template, Crying Wojak, Masked, Template",125899
5_Crying_Wojak/189,Crying_Wojak,"Crying McWorker, Crying Wojak, Brands, Food and Drink, Employee",261314
5_Crying_Wojak/19,Crying_Wojak,"Augusto B.Leguía, Crying Wojak, Political Figure, Peru",28010
5_Crying_Wojak/190,Crying_Wojak,"Crying McWorker, Crying Wojak, Brands, Food and Drink, Employee",201036
5_Crying_Wojak/191,Crying_Wojak,"Crying McWorker, Crying Wojak, Brands, Food and Drink, Employee",201036
5_Crying_Wojak/192,Crying_Wojak,"Crying Medieval Wojak, Crying Wojak, 476-1492, Peasant",198132
5_Crying_Wojak/193,Crying_Wojak,"Crying Messi, Crying Wojak, Sport, Argentina",221876
5_Crying_Wojak/194,Crying_Wojak,"Crying Mickey Mouse, Crying Wojak, Disney, Cartoon",185225
5_Crying_Wojak/195,Crying_Wojak,"Crying Mickey Mouse, Crying Wojak, Disney, Cartoon",117454
5_Crying_Wojak/196,Crying_Wojak,"Crying Mickey Mouse, Crying Wojak, Disney, Cartoon",104682
5_Crying_Wojak/197,Crying_Wojak,"Crying Microsoft Enjoyer, Crying Wojak, Internet, Brands",8573
5_Crying_Wojak/198,Crying_Wojak,"Crying Mister Worldwide, Crying Wojak, Masked, United Nations",196038
5_Crying_Wojak/199,Crying_Wojak,"Crying Monarchist, Crying Wojak, Authoritarian Right (Political Compass), Political Compass",669380
5_Crying_Wojak/2,Crying_Wojak,"A Berber Man, Crying Wojak, Algeria, Kabylia, Africa",718728
5_Crying_Wojak/20,Crying_Wojak,"Augustulus, Crying Wojak, Roman Empire, -3000-476, Imperial",20577
5_Crying_Wojak/200,Crying_Wojak,"Crying Mr House, Crying Wojak, Post Apocalyptic, Fallout : New Vegas",106474
5_Crying_Wojak/201,Crying_Wojak,"Crying MTF Special Force, Crying Wojak, SCP Foundation, Militia Forces",246548
5_Crying_Wojak/202,Crying_Wojak,"Crying Mughal , Crying Wojak, India, Asia",601191
5_Crying_Wojak/203,Crying_Wojak,"Crying Mujeet, Crying Wojak, India, Asia, 1492-1789, Autochthonous",334445
5_Crying_Wojak/204,Crying_Wojak,"Crying Muslim Terrorist, Crying Wojak, Middle East, Terrorism, Islam",47398
5_Crying_Wojak/205,Crying_Wojak,"Crying My Melody, Crying Wojak, Anime, Hello Kitty",269782
5_Crying_Wojak/206,Crying_Wojak,"Crying NCR Ranger, Crying Wojak, Post Apocalyptic, Fallout : New Vegas, New California Republic",114273
5_Crying_Wojak/207,Crying_Wojak,"Crying Nick Valentine, Crying Wojak, Post Apocalyptic, Rescue Services, Robot, Rescue Services",1625273
5_Crying_Wojak/208,Crying_Wojak,"Crying NVidia Enjoyer, Crying Wojak, Brands, Internet",120933
5_Crying_Wojak/209,Crying_Wojak,"Crying N@zi Soldier, Crying Wojak, 1939-1945, Deutsches Heer, The Third Reich",134163
5_Crying_Wojak/21,Crying_Wojak,"Autoritarian, Crying Wojak, Political Compass, Authoritarian Left (Political Compass), Authoritarian Right (Political Compass)",124383
5_Crying_Wojak/210,Crying_Wojak,"Crying Ocean, Crying Wojak, Ocean",32239
5_Crying_Wojak/211,Crying_Wojak,"Crying On Ground, Crying Wojak, Template",19750
5_Crying_Wojak/212,Crying_Wojak,"Crying Ontario, Crying Wojak, Canada, Map, Authoritarian Left (Political Compass), North America, Political Compass",58089
5_Crying_Wojak/213,Crying_Wojak,"Crying on the floor , Crying Wojak, Civilian (Teenager)",182301
5_Crying_Wojak/214,Crying_Wojak,"Crying Orange MacWorker, Crying Wojak, Brands, Employee, The Ever-Expanding Bunker, Food and Drink",153525
5_Crying_Wojak/215,Crying_Wojak,"Crying Pagan Priest, Crying Wojak, Fantasy, Religious Authority",557259
5_Crying_Wojak/216,Crying_Wojak,"Crying Pagdijeet, Crying Wojak, India, Asia, Autochthonous, Sikhism",735666
5_Crying_Wojak/217,Crying_Wojak,"Crying Pakistani, Crying Wojak, Asia, Pakistan",333177
5_Crying_Wojak/218,Crying_Wojak,"Crying Pam Beasley (The Office), Crying Wojak, Employee, Corporation",173186
5_Crying_Wojak/219,Crying_Wojak,"Crying Panarabist, Crying Wojak, Middle East, Lebanon, Palestine, Syria, Egypt, Saudi Arabia",132987
5_Crying_Wojak/22,Crying_Wojak,"Autoritarian Group, Crying Wojak, Political Compass, Authoritarian Left (Political Compass), Authoritarian Right (Political Compass), Group",531567
5_Crying_Wojak/220,Crying_Wojak,"Crying Pastor, Crying Wojak, Christianism, Protestantism, Religious Authority",157607
5_Crying_Wojak/221,Crying_Wojak,"Crying Pharaoh, Crying Wojak, Ancient Egypt, -3000-476, Monarch",116282
5_Crying_Wojak/222,Crying_Wojak,"Crying Philistine, Crying Wojak, -3000-476, Palestine",264338
5_Crying_Wojak/223,Crying_Wojak,"Crying Playstation Enjoyer, Crying Wojak, Video Game, Brands",81002
5_Crying_Wojak/224,Crying_Wojak,"Crying Portuguese, Crying Wojak, Europe, Portugal",40054
5_Crying_Wojak/225,Crying_Wojak,"Crying Punk, Crying Wojak, Music, Criminal",49288
5_Crying_Wojak/226,Crying_Wojak,"Crying Qing China, Crying Wojak, 1821-1914, China",348086
5_Crying_Wojak/227,Crying_Wojak,"Crying Rajput , Crying Wojak, India, Asia, Hinduism",134435
5_Crying_Wojak/228,Crying_Wojak,"Crying Red Crewmate, Crying Wojak, Among Us, Video Game",19422
5_Crying_Wojak/229,Crying_Wojak,"Crying Redhead Woman, Crying Wojak, Civilian (Teenager)",15138
5_Crying_Wojak/23,Crying_Wojak,"Average Antifa, Crying Wojak, Liberal Left",173347
5_Crying_Wojak/230,Crying_Wojak,"Crying Redneck, Crying Wojak, Authoritarian Right, United States, Confederate States of America",54498
5_Crying_Wojak/231,Crying_Wojak,"Crying Romanian Soldier, Crying Wojak, 1939-1945, Romanian Armed Forces, Romania",46713
5_Crying_Wojak/232,Crying_Wojak,"Crying Russian Tsar, Crying Wojak, Imperial, Russia, 1914-1918",74326
5_Crying_Wojak/233,Crying_Wojak,"Crying Russian Wojak , Crying Wojak, Russian Armed Forces, Russia, 2020-2030",198460
5_Crying_Wojak/234,Crying_Wojak,"Crying Rutherford B. Hayes, Crying Wojak, President, United States, 1821-1914",223556
5_Crying_Wojak/235,Crying_Wojak,"crying sanghi wojak, Crying Wojak, India, Hinduism",79077
5_Crying_Wojak/236,Crying_Wojak,"Crying Satanichia Kurumizawa Mcdowell (Gabriel DropOut), Crying Wojak, Anime",326706
5_Crying_Wojak/237,Crying_Wojak,"Crying Saudi, Crying Wojak, Middle East, Saudi Arabia",104893
5_Crying_Wojak/238,Crying_Wojak,"Crying Sauron, Crying Wojak, Fantasy, Video Game, The Lord of the Rings, Monster",143314
5_Crying_Wojak/239,Crying_Wojak,"Crying Scene-kid, Crying Wojak, United States, 2000-2010",1288442
5_Crying_Wojak/24,Crying_Wojak,"Ayn Rand, Crying Wojak, Russia, 1918-1939, Philosophy, Judaism",788980
5_Crying_Wojak/240,Crying_Wojak,"Crying Scout, Crying Wojak, Video Game, Team Fortress 2",304465
5_Crying_Wojak/241,Crying_Wojak,"Crying Scum, Crying Wojak, Criminal, Russia",639951
5_Crying_Wojak/242,Crying_Wojak,"Crying Serbian Officer, Crying Wojak, Serbian Armed Forces, Serbia, 1990-2000",305134
5_Crying_Wojak/243,Crying_Wojak,"Crying Sikh, Crying Wojak, Asia, India, Sikhism",2096138
5_Crying_Wojak/244,Crying_Wojak,"Crying SJW, Crying Wojak, Liberal Left",177614
5_Crying_Wojak/245,Crying_Wojak,"Crying Skull Kid, Crying Wojak, Video Game, The Legend of Zelda, Masked, Nintendo",76380
5_Crying_Wojak/246,Crying_Wojak,"Crying Smug Masked, Crying Wojak, Masked",62636
5_Crying_Wojak/247,Crying_Wojak,"Crying Sonic, Crying Wojak, SEGA, Video Game, Sonic the Hedgehog",132426
5_Crying_Wojak/248,Crying_Wojak,"Crying Soviet Medic, Crying Wojak, Soviet Union, Medical, 1939-1945, Red Army",268172
5_Crying_Wojak/249,Crying_Wojak,"Crying Soviet Soldier, Crying Wojak, Soviet Union, 1939-1945, Red Army",130573
5_Crying_Wojak/25,Crying_Wojak,"Azov Battalion's simp, Crying Wojak, Ukraine, Armed Forces of Ukraine, Authoritarian Right, National-Socialism",538325
5_Crying_Wojak/250,Crying_Wojak,"Crying Spain By The Fault Of Benis Catalonia, Crying Wojak, Europe, Catalonia, Spain",285692
5_Crying_Wojak/251,Crying_Wojak,"Crying SS Soldier, Crying Wojak, National-Socialism, The Third Reich, 1939-1945, Schutzstaffel",478448
5_Crying_Wojak/252,Crying_Wojak,"Crying Stannis Baratheon, Crying Wojak, Movie and TV Show, Game of Thrones",192459
5_Crying_Wojak/253,Crying_Wojak,"Crying Starlight Glimmer, Crying Wojak, Cartoon, My Little Pony",285739
5_Crying_Wojak/254,Crying_Wojak,"Crying Steam Guy, Crying Wojak, Brands, Video Game",235967
5_Crying_Wojak/255,Crying_Wojak,"Crying Student, Crying Wojak, Academic",261921
5_Crying_Wojak/256,Crying_Wojak,"Crying Suicidal Wojak, Crying Wojak, Injured and Dead",89080
5_Crying_Wojak/257,Crying_Wojak,"Crying Sunglasses, Crying Wojak, Tourism",38353
5_Crying_Wojak/258,Crying_Wojak,"Crying Swede, Crying Wojak, Europe, Scandinavia, Sweden",18308
5_Crying_Wojak/259,Crying_Wojak,"Crying Technoblade, Crying Wojak, Video Game, Internet, Youtube, Minecraft",136861
5_Crying_Wojak/26,Crying_Wojak,"Babylonian Crying, Crying Wojak, -3000-476, Greece, Middle East, Iraq",236824
5_Crying_Wojak/260,Crying_Wojak,"Crying Technoblade, Crying Wojak, Video Game, Internet, Youtube, Minecraft",154707
5_Crying_Wojak/261,Crying_Wojak,"Crying Terence T. D'Arby, Crying Wojak, Anime, JoJo's Bizarre Adventure",943400
5_Crying_Wojak/262,Crying_Wojak,"Crying Terence T. D'Arby, Crying Wojak, Anime, JoJo's Bizarre Adventure",131091
5_Crying_Wojak/263,Crying_Wojak,"Crying Tom, Crying Wojak, Cartoon",141838
5_Crying_Wojak/264,Crying_Wojak,"Crying  Toph, Crying Wojak, Cartoon, The Last Airbender",110522
5_Crying_Wojak/265,Crying_Wojak,"Crying Tourist, Crying Wojak, Tourism",7506
5_Crying_Wojak/266,Crying_Wojak,"Crying Trainer, Crying Wojak, Video Game, Pokemon, Nintendo",180168
5_Crying_Wojak/267,Crying_Wojak,"Crying Turk, Crying Wojak, Europe, Turkey",156977
5_Crying_Wojak/268,Crying_Wojak,"Crying Turkish, Crying Wojak, Europe, Turkey",40883
5_Crying_Wojak/269,Crying_Wojak,"Crying Ukrainian Soldier, Crying Wojak, Ukraine, Armed Forces of Ukraine",174700
5_Crying_Wojak/27,Crying_Wojak,"bangladeshi crying, Crying Wojak, Bangladesh, India",336611
5_Crying_Wojak/270,Crying_Wojak,"Crying United States, Crying Wojak, North America, United States",123768
5_Crying_Wojak/271,Crying_Wojak,"Crying UPA Soldier, Crying Wojak, Ukraine, Armed Forces of Ukraine",133899
5_Crying_Wojak/272,Crying_Wojak,"Crying USA Map, Crying Wojak, North America, United States, Map",435003
5_Crying_Wojak/273,Crying_Wojak,"Crying Usul, Crying Wojak, Liberal Left, France, Youtube, 2010-2020",61998
5_Crying_Wojak/274,Crying_Wojak,"Crying Viego, Crying Wojak, Video Game, League of Legends",222448
5_Crying_Wojak/275,Crying_Wojak,"Crying Vietnamese Farmer, Crying Wojak, Vietnam War, 1970-1980, Vietnam",87273
5_Crying_Wojak/276,Crying_Wojak,"Crying Vladimir Putin, Crying Wojak, Russia, President, 2020-2030",102582
5_Crying_Wojak/277,Crying_Wojak,"Crying Voodoo Fan, Crying Wojak, Video Game, Corporation",108167
5_Crying_Wojak/278,Crying_Wojak,"Crying Walter White, Crying Wojak, Breaking Bad, Criminal",61616
5_Crying_Wojak/279,Crying_Wojak,"Crying Wehrmacht Soldier, Crying Wojak, Deutsches Heer, The Third Reich, 1939-1945",21287
5_Crying_Wojak/28,Crying_Wojak,"Bard, Crying Wojak, Video Game, Final Fantasy, Fantasy, Music",163526
5_Crying_Wojak/280,Crying_Wojak,"Crying Wehrmacht Wojak, Crying Wojak, 1939-1945, Deutsches Heer, The Third Reich",35595
5_Crying_Wojak/281,Crying_Wojak,"Crying William Butcher, Crying Wojak, Movie and TV Show, The Boys",308538
5_Crying_Wojak/282,Crying_Wojak,"Crying Winter Wehrmacht Wojak, Crying Wojak, Deutsches Heer, 1939-1945, The Third Reich",45641
5_Crying_Wojak/283,Crying_Wojak,"Crying Wojak, Crying Wojak, Template",53172
5_Crying_Wojak/284,Crying_Wojak,"Crying Wojak, Crying Wojak, Template",174006
5_Crying_Wojak/285,Crying_Wojak,"Crying Wojak, Crying Wojak, Template",5962
5_Crying_Wojak/286,Crying_Wojak,"Crying Wojak, Crying Wojak, Template",50998
5_Crying_Wojak/287,Crying_Wojak,"Crying Wojak, Crying Wojak, Template",9534
5_Crying_Wojak/288,Crying_Wojak,"Crying Wojak, Crying Wojak, Template",258710
5_Crying_Wojak/289,Crying_Wojak,"Crying Wojak, Crying Wojak, Template",17638
5_Crying_Wojak/29,Crying_Wojak,"Barney Cahloum, Crying Wojak, Video Game, Half Life, Masked",841327
5_Crying_Wojak/290,Crying_Wojak,"Crying Wojak, Crying Wojak, Template",75773
5_Crying_Wojak/291,Crying_Wojak,"Crying Wojak Girl, Crying Wojak, Civilian (Teenager)",281822
5_Crying_Wojak/292,Crying_Wojak,"Crying Wojak Girl, Crying Wojak, Civilian (Teenager)",84729
5_Crying_Wojak/293,Crying_Wojak,"Crying Wojak Girl, Crying Wojak, Civilian (Adult)",361915
5_Crying_Wojak/294,Crying_Wojak,"Crying Wojak Horseman, Crying Wojak, Cartoon, BoJack Horseman",213169
5_Crying_Wojak/295,Crying_Wojak,"Crying Wojak Listenning Music, Crying Wojak, Music",50793
5_Crying_Wojak/296,Crying_Wojak,"Crying Wojak With Glasses, Crying Wojak, Civilian (Adult)",48127
5_Crying_Wojak/297,Crying_Wojak,"Crying Yes Chad, Crying Wojak, Template",164257
5_Crying_Wojak/298,Crying_Wojak,"Crying Zelensky, Crying Wojak, President, Ukraine, 2020-2030",21117
5_Crying_Wojak/299,Crying_Wojak,"Cryying Foucault, Crying Wojak, France, Philosophy",129294
5_Crying_Wojak/3,Crying_Wojak,"Abu Bakr al-Baghdadi, Crying Wojak, Syria, 2010-2020, Terrorism",288293
5_Crying_Wojak/30,Crying_Wojak,"Barry Goldwater, Crying Wojak, United States, 1970-1980, Authoritarian Right, Political Figure",281651
5_Crying_Wojak/300,Crying_Wojak,"David Bowie, Crying Wojak, Music, United Kingdom, 1980-1990",26029
5_Crying_Wojak/301,Crying_Wojak,"Dead Female Soviet Soldier, Crying Wojak, Injured and Dead, Red Army, Soviet Union, 1939-1945",391966
5_Crying_Wojak/302,Crying_Wojak,"Depressed Alex, Crying Wojak, Militia Forces",60099
5_Crying_Wojak/303,Crying_Wojak,"Detective David Millis (Seven), Crying Wojak, Movie and TV Show, Rescue Services",627157
5_Crying_Wojak/304,Crying_Wojak,"Donatello Versus, Crying Wojak, Anime, JoJo's Bizarre Adventure",313102
5_Crying_Wojak/305,Crying_Wojak,"Dumb Serbian communist , Crying Wojak, Yugoslavia, Authoritarian Left (Political Compass), Masked, 1950-1960",105952
5_Crying_Wojak/306,Crying_Wojak,"D.Va Masked, Crying Wojak, Video Game, Overwatch, Masked",118741
5_Crying_Wojak/307,Crying_Wojak,"Ear Cut Wojak, Crying Wojak, Template, Injured and Dead",66953
5_Crying_Wojak/308,Crying_Wojak,"East Timor Wojak Crying , Crying Wojak, Pacific, East Timor",136172
5_Crying_Wojak/309,Crying_Wojak,"Eduardo Artés, Crying Wojak, Authoritarian Right, Authoritarian Left, Despot, 2010-2020",514909
5_Crying_Wojak/31,Crying_Wojak,"Batman Wojak, Crying Wojak, Comics, DC",129826
5_Crying_Wojak/310,Crying_Wojak,"emo kids be like, Crying Wojak, Masked",225222
5_Crying_Wojak/311,Crying_Wojak,"Erika Itsumi, Crying Wojak, Anime, Girls Und Panzer",57288
5_Crying_Wojak/312,Crying_Wojak,"Ermes, Crying Wojak, Anime, JoJo's Bizarre Adventure",316671
5_Crying_Wojak/313,Crying_Wojak,"Fantasy Dwarf, Crying Wojak, Fantasy",147271
5_Crying_Wojak/314,Crying_Wojak,"Fascist Crying Modi, Crying Wojak, India, Authoritarian Right",157197
5_Crying_Wojak/315,Crying_Wojak,"F attack crying wojak, Crying Wojak, Injured and Dead, Meme",157393
5_Crying_Wojak/316,Crying_Wojak,"Fire Wojak, Crying Wojak, Injured and Dead, Strange",192742
5_Crying_Wojak/317,Crying_Wojak,"French Sailor, Crying Wojak, France, 1789-1821, Grande Armée, Ocean",119293
5_Crying_Wojak/318,Crying_Wojak,"French Soldier During The Battle Of Trafalgar, Crying Wojak, France, 1789-1821, Grande Armée",67280
5_Crying_Wojak/319,Crying_Wojak,"Gabriel Nadeau-Dubois, Crying Wojak, Authoritarian Left, Quebec, Canada, Liberal Right",128353
5_Crying_Wojak/32,Crying_Wojak,"Belaunde Terry, Crying Wojak, Peru, Political Figure",21300
5_Crying_Wojak/320,Crying_Wojak,"Gallipoli ANZAC Soldier (1915), Crying Wojak, 1914-1918, Australia, Australian Defence Force",185375
5_Crying_Wojak/321,Crying_Wojak,"Gargamel, Crying Wojak, The Smurfs, The Smurfs, Fantasy",47402
5_Crying_Wojak/322,Crying_Wojak,"Geir (Shuumatsu no Valkyrie Record of Ragnarok), Crying Wojak, Anime",88843
5_Crying_Wojak/323,Crying_Wojak,"General Nathan B. Forrest, Crying Wojak, American Civil War, Confederate States Army, Confederate States of America, 1821-1914",190224
5_Crying_Wojak/324,Crying_Wojak,"Gentleman, Crying Wojak, 1945-1950, Masked, Civilian (Adult)",428608
5_Crying_Wojak/325,Crying_Wojak,"Glados, Crying Wojak, Portal, Video Game, Masked",162799
5_Crying_Wojak/326,Crying_Wojak,"Goblin, Crying Wojak, Fantasy",57114
5_Crying_Wojak/327,Crying_Wojak,"God Alex Crying, Crying Wojak, Militia Forces",44774
5_Crying_Wojak/328,Crying_Wojak,"Grisha Yeager, Crying Wojak, Anime, Attack On Titan",255918
5_Crying_Wojak/329,Crying_Wojak,"Guido Mista, Crying Wojak, Anime, JoJo's Bizarre Adventure",22070
5_Crying_Wojak/33,Crying_Wojak,"Beloved Toxic Boy (EmeraldGriderimore), Crying Wojak, Cartoon, Steven Universe",15654
5_Crying_Wojak/330,Crying_Wojak,"GUZ, Crying Wojak, Islam, Chile, Authoritarian Right, The Third Reich",393290
5_Crying_Wojak/331,Crying_Wojak,"Half Life Scientific, Crying Wojak, Science, Half Life, Video Game, Half Life",54909
5_Crying_Wojak/332,Crying_Wojak,"Hand On Head In Bed Wojak, Crying Wojak, Civilian (Adult)",20767
5_Crying_Wojak/333,Crying_Wojak,"Hanging Atari Enjoyer, Crying Wojak, Video Game, Brands, Injured and Dead",47596
5_Crying_Wojak/334,Crying_Wojak,"Hannya (Ghostwire Tokyo), Crying Wojak, Video Game, Japan, Masked",80030
5_Crying_Wojak/335,Crying_Wojak,"Harley Quinn, Crying Wojak, Comics, DC",1221449
5_Crying_Wojak/336,Crying_Wojak,"Havik's Pain, Crying Wojak, Video Game, Mortal Kombat",16821
5_Crying_Wojak/337,Crying_Wojak,"Hazmat Crying Smug, Crying Wojak, Hazmat, Masked",212859
5_Crying_Wojak/338,Crying_Wojak,"Hippozoned, Crying Wojak, Internet, Youtube, United States",249051
5_Crying_Wojak/339,Crying_Wojak,"Homer Simpson, Crying Wojak, Cartoon, The Simpsons",217170
5_Crying_Wojak/34,Crying_Wojak,"Benito Juarez, Crying Wojak, Mexico, 1821-1914, President",173526
5_Crying_Wojak/340,Crying_Wojak,"Inca Warrior Cry, Crying Wojak, Autochthonous, Peru",116859
5_Crying_Wojak/341,Crying_Wojak,"Incineroar, Crying Wojak, Video Game, Pokemon, Nintendo",58508
5_Crying_Wojak/342,Crying_Wojak,"Indian Google Worker, Crying Wojak, India, Brands, Internet, Hinduism",239623
5_Crying_Wojak/343,Crying_Wojak,"Indian Sikh Crying, Crying Wojak, India, Asia, Sikhism",364957
5_Crying_Wojak/344,Crying_Wojak,"Indonesian Warrior, Crying Wojak, Indonesia, Peasant, Other Army (Asia)",1316704
5_Crying_Wojak/345,Crying_Wojak,"Intel Crying, Crying Wojak, Brands, Internet",211823
5_Crying_Wojak/346,Crying_Wojak,"ISIS soldier, Crying Wojak, Terrorism, Middle East",172985
5_Crying_Wojak/347,Crying_Wojak,"Israelite, Crying Wojak, Judaism, Israel, -3000-476, Autochthonous",210522
5_Crying_Wojak/348,Crying_Wojak,"Jack Cooper, Crying Wojak, Video Game, TitanFall, Futuristic, Space",49438
5_Crying_Wojak/349,Crying_Wojak,"Janissary Yeniçeri, Crying Wojak, Ottoman Empire, Ottoman Army, 1492-1789",428772
5_Crying_Wojak/35,Crying_Wojak,"Black Dog, Crying Wojak, Treasure Island, Cartoon, Pirate, Ocean",298482
5_Crying_Wojak/350,Crying_Wojak,"Japanese Emperor, Crying Wojak, 1939-1945, Japan, Imperial",46917
5_Crying_Wojak/351,Crying_Wojak,"Japanese Navy Pilot, Crying Wojak, Japan, 1939-1945, Imperial Japanese Army",64399
5_Crying_Wojak/352,Crying_Wojak,"Japanese Shogun, Crying Wojak, 476-1492, Japan, Knight",260813
5_Crying_Wojak/353,Crying_Wojak,"Jaw Titan, Crying Wojak, Anime, Attack On Titan, Masked",104757
5_Crying_Wojak/354,Crying_Wojak,"Jesus on The Cross, Crying Wojak, Christianism, -3000-476",190403
5_Crying_Wojak/355,Crying_Wojak,"J (Girl's Frontline), Crying Wojak, Post Apocalyptic, Germany",123452
5_Crying_Wojak/356,Crying_Wojak,"Jhin, Crying Wojak, Video Game, League of Legends, Masked",137356
5_Crying_Wojak/357,Crying_Wojak,"Joe Biden Crying, Crying Wojak, United States, President, 2020-2030",206365
5_Crying_Wojak/358,Crying_Wojak,"José María Gil-Robles y Quiñones, Crying Wojak, 1918-1939, Spanish Civil War, Spain, Republican Side (Spanish Civil War)",94712
5_Crying_Wojak/359,Crying_Wojak,"Joseon Warrior Crying, Crying Wojak, Korea, Knight, 1492-1789",184784
5_Crying_Wojak/36,Crying_Wojak,"Black Slave, Crying Wojak, Africa, 1492-1789",48366
5_Crying_Wojak/360,Crying_Wojak,"JosephMiIton, Crying Wojak, Video Game",163072
5_Crying_Wojak/361,Crying_Wojak,"Kaur Crying, Crying Wojak, Sikhism, India",1238022
5_Crying_Wojak/362,Crying_Wojak,"Khalistani Sikh Flag, Crying Wojak, India, Sikhism, Flag",735920
5_Crying_Wojak/363,Crying_Wojak,"Khupura, Crying Wojak, Fantasy, Autochthonous, Pirate, Masked",243025
5_Crying_Wojak/364,Crying_Wojak,"King Constantine I, Crying Wojak, Greece, Monarch, 1914-1918",188419
5_Crying_Wojak/365,Crying_Wojak,"Knight, Crying Wojak, Fantasy, Knight",12411
5_Crying_Wojak/366,Crying_Wojak,"Kosovo Sad Soldier, Crying Wojak, Other Army (Europe), Europe, Kosovo",603176
5_Crying_Wojak/367,Crying_Wojak,"Kurdish Doomer, Crying Wojak, Kurdistan",87360
5_Crying_Wojak/368,Crying_Wojak,"Leftist Flag Bearer, Crying Wojak, Anarchism, Liberal Left, Flag, Injured and Dead",452909
5_Crying_Wojak/369,Crying_Wojak,"Left Masked, Crying Wojak, Liberal Left (Political Compass), Masked, Authoritarian Left (Political Compass)",28928
5_Crying_Wojak/37,Crying_Wojak,"Blue Crying Blood, Crying Wojak, Strange",18474
5_Crying_Wojak/370,Crying_Wojak,"LGBT Persian, Crying Wojak, LGBT+, Iran, Liberal Left",177748
5_Crying_Wojak/371,Crying_Wojak,"Llewyn Davis (Inside Llewyn Davis), Crying Wojak, Movie and TV Show, United States, Music",278054
5_Crying_Wojak/372,Crying_Wojak,"Lluis Companys, Crying Wojak, Spain, Spanish Civil War, 1918-1939, Republican Side (Spanish Civil War), Catalonia",320424
5_Crying_Wojak/373,Crying_Wojak,"l'observateur, Crying Wojak, Authoritarian Right, France, Youtube, 2020-2030",185821
5_Crying_Wojak/374,Crying_Wojak,"Lucifer, Crying Wojak, Video Game, Helltaker, Demon",150047
5_Crying_Wojak/375,Crying_Wojak,"Manuel Antonio Noriega, Crying Wojak, Panama , 1980-1990, Other Army (South and Central America)",202322
5_Crying_Wojak/376,Crying_Wojak,"Mapuche Crying, Crying Wojak, Autochthonous, 1492-1789, Chile",328765
5_Crying_Wojak/377,Crying_Wojak,"Marsh Family, Crying Wojak, Cartoon, South Park",92221
5_Crying_Wojak/378,Crying_Wojak,"Marvel Fan Crying, Crying Wojak, Marvel, Comics, Brands",17088
5_Crying_Wojak/379,Crying_Wojak,"Masked Beannies, Crying Wojak, Masked, Civilian (Teenager)",366646
5_Crying_Wojak/38,Crying_Wojak,"Blue Diamond, Crying Wojak, Cartoon, Steven Universe",131167
5_Crying_Wojak/380,Crying_Wojak,"Masked Chad, Crying Wojak, Internet, Meme, Masked",120006
5_Crying_Wojak/381,Crying_Wojak,"Masked Crying Flash Sentry, Crying Wojak, Cartoon, My Little Pony, Masked",161343
5_Crying_Wojak/382,Crying_Wojak,"Masked Crying Latino, Crying Wojak, Masked, South America",274522
5_Crying_Wojak/383,Crying_Wojak,"Masked Crying Spy, Crying Wojak, Video Game, Team Fortress 2, Worker, Masked",87139
5_Crying_Wojak/384,Crying_Wojak,"Masked Dragqueen, Crying Wojak, Masked, LGBT+",339754
5_Crying_Wojak/385,Crying_Wojak,"Masked Smug Alpha Legion, Crying Wojak, Video Game, Warhammer, Futuristic Army, Masked",167264
5_Crying_Wojak/386,Crying_Wojak,"Masked Ukrainian , Crying Wojak, Russia, Ukraine, Masked",108928
5_Crying_Wojak/387,Crying_Wojak,"Mask FFP2 Crying, Crying Wojak, Medical, Medical",352628
5_Crying_Wojak/388,Crying_Wojak,"meme_enghlabi, Crying Wojak, Iran, Other Army (Middle East)",198869
5_Crying_Wojak/389,Crying_Wojak,"Mexica Jaguar Warrior Smug Masked Cry, Crying Wojak, Autochthonous, 476-1492, Mexico",226474
5_Crying_Wojak/39,Crying_Wojak,"Boris Johnson Crying, Crying Wojak, United Kingdom, 2010-2020, Prime Minister",169127
5_Crying_Wojak/390,Crying_Wojak,"Mimikyu, Crying Wojak, Video Game, Nintendo, Pokemon",9059
5_Crying_Wojak/391,Crying_Wojak,"Minecraft Villager, Crying Wojak, Video Game, Minecraft",14347
5_Crying_Wojak/392,Crying_Wojak,"Mistral, Crying Wojak, Video Game, Metal Gear Solid, Futuristic",85871
5_Crying_Wojak/393,Crying_Wojak,"Mixa, Crying Wojak, Serbia, Serbian Armed Forces, 1990-2000",428090
5_Crying_Wojak/394,Crying_Wojak,"ML Gonzalista, Crying Wojak, Portugal, Authoritarian Left",298533
5_Crying_Wojak/395,Crying_Wojak,"Modern Pirate, Crying Wojak, Masked, Other Army (Europe)",294526
5_Crying_Wojak/396,Crying_Wojak,"Modern Rajput, Crying Wojak, India, Asia, Hinduism",102893
5_Crying_Wojak/397,Crying_Wojak,"Morokhra, Crying Wojak, Morocco, Africa",498594
5_Crying_Wojak/398,Crying_Wojak,"Mr Freeze, Crying Wojak, Comics, DC, Criminal",16868
5_Crying_Wojak/399,Crying_Wojak,"MTf E-11, Crying Wojak, SCP Foundation, Strange",88707
5_Crying_Wojak/4,Crying_Wojak,"Accurate Alp, Crying Wojak, Video Game",159340
5_Crying_Wojak/40,Crying_Wojak,"British Fascist, Crying Wojak, 1939-1945, United Kingdom, Authoritarian Right",34746
5_Crying_Wojak/400,Crying_Wojak,"Mycenean Crying, Crying Wojak, -3000-476, Greece, Autochthonous",288825
5_Crying_Wojak/401,Crying_Wojak,"My Melody Crying, Crying Wojak, Anime, Hello Kitty",78511
5_Crying_Wojak/402,Crying_Wojak,"Naomi_MTF, Crying Wojak, LGBT+",143166
5_Crying_Wojak/403,Crying_Wojak,"Nepali Wojak, Crying Wojak, Asia, Nepal",48710
5_Crying_Wojak/404,Crying_Wojak,"Nikita Vakhtangovich Lytkin, Crying Wojak, Russia, Criminal, 2010-2020, Masked",89933
5_Crying_Wojak/405,Crying_Wojak,"Noordin M Top, Crying Wojak, Terrorism, Indonesia, Malaysia, Islam, 2000-2010",50690
5_Crying_Wojak/406,Crying_Wojak,"One More Chance, Crying Wojak, Strange",301643
5_Crying_Wojak/407,Crying_Wojak,"Order 66, Crying Wojak, Star Wars, Space, Group",241943
5_Crying_Wojak/408,Crying_Wojak,"Ottoman Crying, Crying Wojak, Ottoman Empire, 1821-1914",123566
5_Crying_Wojak/409,Crying_Wojak,"Pajeet, Crying Wojak, India, Hinduism, Asia",211120
5_Crying_Wojak/41,Crying_Wojak,"Brumm, Crying Wojak, Video Game, Hollow Knight",104906
5_Crying_Wojak/410,Crying_Wojak,"Pakistani Crying Wojak, Crying Wojak, Asia, Pakistan",123934
5_Crying_Wojak/411,Crying_Wojak,"Papacito, Crying Wojak, Internet, France",202409
5_Crying_Wojak/412,Crying_Wojak,"Persian LGBT, Crying Wojak, Iran, LGBT+",663571
5_Crying_Wojak/413,Crying_Wojak,"Pisshead, Crying Wojak, Civilian (Adult), 2000-2010",103663
5_Crying_Wojak/414,Crying_Wojak,"Pokemon Fan, Crying Wojak, Pokemon, Nintendo",361198
5_Crying_Wojak/415,Crying_Wojak,"Portuguese Crying Flag Bearer, Crying Wojak, Europe, Portugal, Flag",23266
5_Crying_Wojak/416,Crying_Wojak,"Q (Street Fighter), Crying Wojak, Video Game, Street Fighter, Masked",662008
5_Crying_Wojak/417,Crying_Wojak,"Rage Atari Fan, Crying Wojak, Video Game, Brands, 1980-1990",6264
5_Crying_Wojak/418,Crying_Wojak,"Rage Ramón Freire, Crying Wojak, Chile, Authoritarian Right, 1821-1914, President",100633
5_Crying_Wojak/419,Crying_Wojak,"Raging Cry AMD Enjoyer, Crying Wojak, Internet, Brands",212421
5_Crying_Wojak/42,Crying_Wojak,"Bulgarian and Crying Macedonian , Crying Wojak, Bulgaria, Group, Macedonia, Europe, Balkan",277069
5_Crying_Wojak/420,Crying_Wojak,"Raging Hitler, Crying Wojak, 1939-1945, Despot, The Third Reich",166529
5_Crying_Wojak/421,Crying_Wojak,"Rebel, Crying Wojak, Video Game, Half Life, Masked",61413
5_Crying_Wojak/422,Crying_Wojak,"Red CNN, Crying Wojak, Brands, Internet, United States, Masked",121716
5_Crying_Wojak/423,Crying_Wojak,"Reverend Godshyne, Crying Wojak, Movie and TV Show, Religious Authority, Christianism",127921
5_Crying_Wojak/424,Crying_Wojak,"Revolutionnary Army French Soldier, Crying Wojak, 1789-1821, France, Grande Armée, French Revolution",73383
5_Crying_Wojak/425,Crying_Wojak,"Rikiel, Crying Wojak, Anime, JoJo's Bizarre Adventure",417013
5_Crying_Wojak/426,Crying_Wojak,"Ringo Starr, Crying Wojak, Music, 1960-1970, Masked, United Kingdom",163753
5_Crying_Wojak/427,Crying_Wojak,"Robert E. Lee, Crying Wojak, American Civil War, Confederate States Army, Confederate States of America, 1821-1914",378753
5_Crying_Wojak/428,Crying_Wojak,"Roman Citizen, Crying Wojak, Roman Empire, -3000-476",26300
5_Crying_Wojak/429,Crying_Wojak,"Roman Legion, Crying Wojak, -3000-476, Roman Empire, Knight",1263366
5_Crying_Wojak/43,Crying_Wojak,"Burmese Wojak, Crying Wojak, Asia, Myanmar",321449
5_Crying_Wojak/430,Crying_Wojak,"Romolo Griffini Crying Wojak, Crying Wojak, Italy, Science, 1821-1914",174909
5_Crying_Wojak/431,Crying_Wojak,"Ronald MacDonald, Crying Wojak, Food and Drink, Brands",89930
5_Crying_Wojak/432,Crying_Wojak,"Runic Demon, Crying Wojak, Video Game, Demon, Skyrim, Fantasy",986381
5_Crying_Wojak/433,Crying_Wojak,"Russian Wojak, Crying Wojak, Russia, Asia, Europe",36740
5_Crying_Wojak/434,Crying_Wojak,"Sad British Soldier, Crying Wojak, United Kingdom, 1789-1821",253880
5_Crying_Wojak/435,Crying_Wojak,"Sad Clown, Crying Wojak, Circus",24095
5_Crying_Wojak/436,Crying_Wojak,"Sad Clown, Crying Wojak, Circus",142014
5_Crying_Wojak/437,Crying_Wojak,"Sad Guy, Crying Wojak, Civilian (Adult)",61255
5_Crying_Wojak/438,Crying_Wojak,"Sad Ottoman Person, Crying Wojak, Ottoman Empire",64079
5_Crying_Wojak/439,Crying_Wojak,"sad solider, Crying Wojak, 1939-1945, North America",48820
5_Crying_Wojak/44,Crying_Wojak,"Buzz Lightyear, Crying Wojak, Movie and TV Show, Space, Disney",103251
5_Crying_Wojak/440,Crying_Wojak,"Sad Wehrmacht Soldier, Crying Wojak, Deutsches Heer, The Third Reich, 1939-1945",202255
5_Crying_Wojak/441,Crying_Wojak,"samuelx2z, Crying Wojak, Kabylia",59065
5_Crying_Wojak/442,Crying_Wojak,"Sans, Crying Wojak, Video Game, Undertale, Internet",150197
5_Crying_Wojak/443,Crying_Wojak,"Saudi Harem, Crying Wojak, Middle East, Saudi Arabia, Group, Family",380771
5_Crying_Wojak/444,Crying_Wojak,"Savak, Crying Wojak, Iran, Other Army (Middle East), Middle East",169869
5_Crying_Wojak/445,Crying_Wojak,"Scribe, Crying Wojak, -3000-476, Ancient Egypt",244381
5_Crying_Wojak/446,Crying_Wojak,"Serbian LGBT, Crying Wojak, Serbia, LGBT+",91821
5_Crying_Wojak/447,Crying_Wojak,"Serbian Soldier Crying, Crying Wojak, Serbian Armed Forces, Serbia, 1990-2000",403687
5_Crying_Wojak/448,Crying_Wojak,"Seteth, Crying Wojak, Anime, Fire Emblem",282636
5_Crying_Wojak/449,Crying_Wojak,"Shah Ismael I Drunk, Crying Wojak, Iran, Imperial, 1492-1789",190123
5_Crying_Wojak/45,Crying_Wojak,"Cadian Shock Troops, Crying Wojak, Video Game, Futuristic, Warhammer",755213
5_Crying_Wojak/450,Crying_Wojak,"Shirou Kotomine, Crying Wojak, Anime, Fate",268854
5_Crying_Wojak/451,Crying_Wojak,"Sick Wojak, Crying Wojak, Injured and Dead",65204
5_Crying_Wojak/452,Crying_Wojak,"Single Tear Wojak, Crying Wojak, Template",48379
5_Crying_Wojak/453,Crying_Wojak,"Sleeping, Crying Wojak, Template",65427
5_Crying_Wojak/454,Crying_Wojak,"Socialist Militia, Crying Wojak, Authoritarian Left, Revolution",99080
5_Crying_Wojak/455,Crying_Wojak,"Sora (Kingdom Hearts), Crying Wojak, Video Game, Disney",232409
5_Crying_Wojak/456,Crying_Wojak,"Soviet Soldier, Crying Wojak, 1939-1945, Red Army, Soviet Union",813217
5_Crying_Wojak/457,Crying_Wojak,"soycop, Crying Wojak, Rescue Services, United States",106736
5_Crying_Wojak/458,Crying_Wojak,"Steven, Crying Wojak, Cartoon, Steven Universe",70045
5_Crying_Wojak/459,Crying_Wojak,"Stinky Wojak, Crying Wojak, Strange",211674
5_Crying_Wojak/46,Crying_Wojak,"Carl Benjamin (Sargon Of Akkad), Crying Wojak, Internet, Youtube, United States",264974
5_Crying_Wojak/460,Crying_Wojak,"Super Mutant, Crying Wojak, Post Apocalyptic, Fallout",48888
5_Crying_Wojak/461,Crying_Wojak,"Super-Skrull, Crying Wojak, Comics, Marvel, Masked",386563
5_Crying_Wojak/462,Crying_Wojak,"Sweaboo, Crying Wojak, Viking, Masked",366233
5_Crying_Wojak/463,Crying_Wojak,"Teen Wojak, Crying Wojak, Civilian (Teenager)",21921
5_Crying_Wojak/464,Crying_Wojak,"Terrorism Gas (SWAT 4), Crying Wojak, Video Game, Rescue Services",267307
5_Crying_Wojak/465,Crying_Wojak,"Tf2 spy crying wojak, Crying Wojak, Team Fortress 2",122207
5_Crying_Wojak/466,Crying_Wojak,"The Angry College Professor, Crying Wojak, Liberal Left, Political Compass, LGBT+",69027
5_Crying_Wojak/467,Crying_Wojak,"The Caught, Crying Wojak, The Ever-Expanding Bunker, Criminal",53965
5_Crying_Wojak/468,Crying_Wojak,"The Crying King Of Mesopotamia, Crying Wojak, Iraq, Monarch, -3000-476",154375
5_Crying_Wojak/469,Crying_Wojak,"The Cyber-Punk, Crying Wojak, Futuristic, Cyberpunk 2077, Space",1140724
5_Crying_Wojak/47,Crying_Wojak,"Cell, Crying Wojak, Anime, Dragon Ball",325405
5_Crying_Wojak/470,Crying_Wojak,"The False Knight, Crying Wojak, Video Game, Hollow Knight",110990
5_Crying_Wojak/471,Crying_Wojak,"The Fool Crying, Crying Wojak, 476-1492",73473
5_Crying_Wojak/472,Crying_Wojak,"The Godseeker, Crying Wojak, Video Game, Hollow Knight",191890
5_Crying_Wojak/473,Crying_Wojak,"The Grub, Crying Wojak, Video Game, Hollow Knight",129549
5_Crying_Wojak/474,Crying_Wojak,"The Hive Knight, Crying Wojak, Video Game, Hollow Knight",124317
5_Crying_Wojak/475,Crying_Wojak,"The Hollow Knight, Crying Wojak, Video Game, Hollow Knight",89633
5_Crying_Wojak/476,Crying_Wojak,"The Human Righter, Crying Wojak, The Ever-Expanding Bunker",92480
5_Crying_Wojak/477,Crying_Wojak,"The Hussars of Junín, Crying Wojak, Peru, Peruvian Armed Forces, 1821-1914, Masked",506312
5_Crying_Wojak/478,Crying_Wojak,"The Necrophile, Crying Wojak, Criminal",311237
5_Crying_Wojak/479,Crying_Wojak,"The Patrimon, Crying Wojak, Fantasy, Futuristic",71731
5_Crying_Wojak/48,Crying_Wojak,"Charles de Gaulle Masked Euro, Crying Wojak, Masked, France, European Union, 1960-1970, President",244361
5_Crying_Wojak/480,Crying_Wojak,"The Robotic Mask, Crying Wojak, Futuristic, Robot, Masked",143577
5_Crying_Wojak/481,Crying_Wojak,"The Soul Master, Crying Wojak, Video Game, Hollow Knight",142329
5_Crying_Wojak/482,Crying_Wojak,"The Traitor's Child, Crying Wojak, Video Game, Hollow Knight",110045
5_Crying_Wojak/483,Crying_Wojak,"The Walking Dead Old Man, Crying Wojak, The Walking Dead, Post Apocalyptic",226056
5_Crying_Wojak/484,Crying_Wojak,"Thieft, Crying Wojak, Fantasy",108681
5_Crying_Wojak/485,Crying_Wojak,"Tlaxcalan Crying Warrior, Crying Wojak, 1492-1789, Mexico, Autochthonous",743644
5_Crying_Wojak/486,Crying_Wojak,"Tough Guy, Crying Wojak, The Ever-Expanding Bunker, Food and Drink, Masked",64405
5_Crying_Wojak/487,Crying_Wojak,"Traitor Guard, Crying Wojak, Video Game, Warhammer, Futuristic, Masked",121909
5_Crying_Wojak/488,Crying_Wojak,"Ukraine Virtual Reality in War, Crying Wojak, Ukraine, Europe, Internet, Video Game",738754
5_Crying_Wojak/489,Crying_Wojak,"Ungalo, Crying Wojak, Anime, JoJo's Bizarre Adventure",237265
5_Crying_Wojak/49,Crying_Wojak,"Chinese, Crying Wojak, China, Asia",41274
5_Crying_Wojak/490,Crying_Wojak,"Union Soldier Supporting his Dying Friend, Crying Wojak, 1821-1914, United States, American Civil War, United States Army, Group, Injured and Dead",578043
5_Crying_Wojak/491,Crying_Wojak,"Upper Egyptian king, Crying Wojak, Ancient Egypt, -3000-476, Monarch",105675
5_Crying_Wojak/492,Crying_Wojak,"Warden [Rainbox Six Siege], Crying Wojak, Video Game, Tom Clancy's Rainbow Six: Siege, Rescue Services, United States",54447
5_Crying_Wojak/493,Crying_Wojak,"Wine Mommy Rage, Crying Wojak, Civilian (Adult), Food and Drink",47483
5_Crying_Wojak/494,Crying_Wojak,"wojak crying blood, Crying Wojak, Strange",26903
5_Crying_Wojak/495,Crying_Wojak,"Wojak Franco Parisi, Crying Wojak, Chile, Political Figure, Liberal Right, 2020-2030",1782801
5_Crying_Wojak/496,Crying_Wojak,"Wojak Guard Who Looked SCP-096 in Face, Crying Wojak, SCP Foundation",391695
5_Crying_Wojak/497,Crying_Wojak,"Wojak Masked NPC, Crying Wojak, Masked",97912
5_Crying_Wojak/498,Crying_Wojak,"Wojak pretends he doesn't care, but he cares, Crying Wojak, Masked",181847
5_Crying_Wojak/499,Crying_Wojak,"Wojak Uncle Sam, Crying Wojak, United States, Festivity",139719
5_Crying_Wojak/5,Crying_Wojak,"AFO (My Hero AcadeAmia), Crying Wojak, Anime, My Hero Academia, Masked",262361
5_Crying_Wojak/50,Crying_Wojak,"Cina Bukit, Crying Wojak, Malaysia, Asia",204961
5_Crying_Wojak/500,Crying_Wojak,"Wojak Wearing Bobo Mask, Crying Wojak, Internet, Masked, Meme",184958
5_Crying_Wojak/501,Crying_Wojak,"Zamasu, Crying Wojak, Anime, Dragon Ball",272906
5_Crying_Wojak/502,Crying_Wojak,"Zerock, Crying Wojak, Chile, Authoritarian Right, The Third Reich",290403
5_Crying_Wojak/503,Crying_Wojak,"Zote The Mighty, Crying Wojak, Video Game, Hollow Knight, Masked",161821
5_Crying_Wojak/51,Crying_Wojak,"Colonial Crying Canadian, Crying Wojak, Canada, United Kingdom, Colonial, 1821-1914",290977
5_Crying_Wojak/52,Crying_Wojak,"Computer Crying Wojak, Crying Wojak, Template, Room",103458
5_Crying_Wojak/53,Crying_Wojak,"Court of Owls, Crying Wojak, Comics, DC, Masked",59667
5_Crying_Wojak/54,Crying_Wojak,"Cow Costume Weeb Crying, Crying Wojak, Internet, Internet",50990
5_Crying_Wojak/55,Crying_Wojak,"Crying 9S, Crying Wojak, Video Game, Nier Automata",147991
5_Crying_Wojak/56,Crying_Wojak,"Crying Akagi (Azur Lane), Crying Wojak, Anime",131195
5_Crying_Wojak/57,Crying_Wojak,"Crying Algeria, Crying Wojak, Africa, Algeria",351115
5_Crying_Wojak/58,Crying_Wojak,"Crying AMD Enjoyer, Crying Wojak, Internet, Brands",305974
5_Crying_Wojak/59,Crying_Wojak,"Crying American Soldier, Crying Wojak, United States Army, United States, 2000-2010",537099
5_Crying_Wojak/6,Crying_Wojak,"Ahsoka Tano Crying, Crying Wojak, Movie and TV Show, Futuristic, Star Wars, Space",289986
5_Crying_Wojak/60,Crying_Wojak,"Crying American WWI Soldier, Crying Wojak, United States Army, 1914-1918, United States",501024
5_Crying_Wojak/61,Crying_Wojak,"Crying Amon, Crying Wojak, Cartoon, The Last Airbender",271735
5_Crying_Wojak/62,Crying_Wojak,"Crying Antifa, Crying Wojak, Political Compass, Authoritarian Left (Political Compass)",375593
5_Crying_Wojak/63,Crying_Wojak,"Crying Arab, Crying Wojak, Middle East, Saudi Arabia",127756
5_Crying_Wojak/64,Crying_Wojak,"Crying Arab, Crying Wojak, Middle East, Saudi Arabia, Kuwait, United Arab Emirates, Bahrain, Qatar",128224
5_Crying_Wojak/65,Crying_Wojak,"Crying Arab League, Crying Wojak, Middle East, Lebanon, Palestine, Syria, Egypt, Saudi Arabia",221186
5_Crying_Wojak/66,Crying_Wojak,"Crying Arab Umayyad Caliphate, Crying Wojak, Middle East, 476-1492, Knight",472364
5_Crying_Wojak/67,Crying_Wojak,"Crying Arcade Gannon, Crying Wojak, Post Apocalyptic, Fallout : New Vegas",157644
5_Crying_Wojak/68,Crying_Wojak,"Crying Arcade Gannon, Crying Wojak, Video Game, Fallout : New Vegas, Post Apocalyptic",93118
5_Crying_Wojak/69,Crying_Wojak,"Crying Armed Forces Of Belarus Soldier, Crying Wojak, Belarus, Other Army (Europe)",137549
5_Crying_Wojak/7,Crying_Wojak,"Albanian Qelesh Crying, Crying Wojak, Albania",161107
5_Crying_Wojak/70,Crying_Wojak,"Crying Asterix, Crying Wojak, Comics, France, -3000-476",195816
5_Crying_Wojak/71,Crying_Wojak,"Crying Atari Enjoyer, Crying Wojak, Video Game, Brands, 1980-1990",117628
5_Crying_Wojak/72,Crying_Wojak,"Crying Athiest, Crying Wojak, Civilian (Adult)",183051
5_Crying_Wojak/73,Crying_Wojak,"Crying Aussie, Crying Wojak, Pacific, Australia",129472
5_Crying_Wojak/74,Crying_Wojak,"Crying Australian Wojak, Crying Wojak, Australia, Pacific",93966
5_Crying_Wojak/75,Crying_Wojak,"Crying AuthLeft, Crying Wojak, Authoritarian Left (Political Compass), Political Compass",83843
5_Crying_Wojak/76,Crying_Wojak,"Crying AuthRight, Crying Wojak, Political Compass, Authoritarian Right (Political Compass)",134475
5_Crying_Wojak/77,Crying_Wojak,"Crying Avenged Sevenfold Fan, Crying Wojak, Music",275855
5_Crying_Wojak/78,Crying_Wojak,"Crying Basque, Crying Wojak, France, Spain, Europe",46051
5_Crying_Wojak/79,Crying_Wojak,"Crying Bearded Wojak, Crying Wojak, Civilian (Adult)",60820
5_Crying_Wojak/8,Crying_Wojak,"Alex Crying, Crying Wojak, Militia Forces",18730
5_Crying_Wojak/80,Crying_Wojak,"Crying Ben Solo, Crying Wojak, Movie and TV Show, Futuristic, Star Wars, Space",103213
5_Crying_Wojak/81,Crying_Wojak,"Crying Black Muslim, Crying Wojak, Middle East, Islam",167280
5_Crying_Wojak/82,Crying_Wojak,"Crying Blue Space Marine, Crying Wojak, Video Game, Futuristic, Warhammer",72425
5_Crying_Wojak/83,Crying_Wojak,"Crying Botswana, Crying Wojak, Africa, Botswana",20841
5_Crying_Wojak/84,Crying_Wojak,"Crying boy Paris Saclay, Crying Wojak, France, 2010-2020, Academic",248347
5_Crying_Wojak/85,Crying_Wojak,"Crying Brahman, Crying Wojak, Hinduism, India, Asia, Autochthonous",524145
5_Crying_Wojak/86,Crying_Wojak,"Crying Brahman, Crying Wojak, India, Hinduism, Asia",330584
5_Crying_Wojak/87,Crying_Wojak,"Crying Brazilian, Crying Wojak, South America, Brazil",84985
5_Crying_Wojak/88,Crying_Wojak,"Crying British, Crying Wojak, Europe, United Kingdom",101601
5_Crying_Wojak/89,Crying_Wojak,"Crying British Soldier, Crying Wojak, British Armed Forces, United Kingdom, 1939-1945",40367
5_Crying_Wojak/9,Crying_Wojak,"Alfonso XIII, Crying Wojak, Spanish Civil War, 1918-1939, Nationalist Side (Spanish Civil War), Spain, Monarch",523876
5_Crying_Wojak/90,Crying_Wojak,"Crying British United Nations Soldier, Crying Wojak, United Nations, United Kingdom, British Armed Forces",146661
5_Crying_Wojak/91,Crying_Wojak,"Crying Bruce Lee, Crying Wojak, United States, 1960-1970, Movie and TV Show",59223
5_Crying_Wojak/92,Crying_Wojak,"Crying Bulgarian, Crying Wojak, Bulgaria, 1914-1918, Other Army (Europe)",388657
5_Crying_Wojak/93,Crying_Wojak,"Crying Canadian, Crying Wojak, Canada, North America",310269
5_Crying_Wojak/94,Crying_Wojak,"Crying Canadian Soldier, Crying Wojak, Canada, Canadian Armed Forces",714218
5_Crying_Wojak/95,Crying_Wojak,"Crying Captain Rex, Crying Wojak, Movie and TV Show, Futuristic, Star Wars, Space",111516
5_Crying_Wojak/96,Crying_Wojak,"Crying Centurion, Crying Wojak, Roman Empire, -3000-476, Knight",347197
5_Crying_Wojak/97,Crying_Wojak,"Crying Chad Wojak, Crying Wojak, Template",266916
5_Crying_Wojak/98,Crying_Wojak,"Crying Chaoui, Crying Wojak, Algeria, Kabylia",106479
5_Crying_Wojak/99,Crying_Wojak,"Crying Charlie Magne, Crying Wojak, Cartoon, Hazbin Hotel, Demon",222899
5_Daddys_Girl/11013,Daddys_Girl,"Alashian Girl, Daddy's Girl, Autochthonous, -3000-476",259739
5_Daddys_Girl/11014,Daddys_Girl,"Alessia, Daddy's Girl, Civilian (Teenager)",177568
5_Daddys_Girl/11015,Daddys_Girl,"Alix Vance, Daddy's Girl, Video Game, Half Life",59673
5_Daddys_Girl/11016,Daddys_Girl,"Amused Daddy's Girl, Daddy's Girl, Template",69798
5_Daddys_Girl/11017,Daddys_Girl,"Anarquista Sentinel, Daddy's Girl, Spanish Civil War, 1918-1939, Spain, Anarchism",102990
5_Daddys_Girl/11018,Daddys_Girl,"Angry Daddy's Girl, Daddy's Girl, Template",724354
5_Daddys_Girl/11019,Daddys_Girl,"Angry WoodStock Daddy's Girl, Daddy's Girl, Liberal Left, 1970-1980",157872
5_Daddys_Girl/11020,Daddys_Girl,"AutLeft Daddy's Girl, Daddy's Girl, Political Compass, Authoritarian Left (Political Compass)",313817
5_Daddys_Girl/11021,Daddys_Girl,"Big Bobbies Daddy's Girl, Daddy's Girl, Civilian (Adult)",84664
5_Daddys_Girl/11022,Daddys_Girl,"Big Tiddy Goth GF, Daddy's Girl, Internet, Meme",7139
5_Daddys_Girl/11023,Daddys_Girl,"Blond Daddy's Girl, Daddy's Girl, Civilian (Teenager)",326383
5_Daddys_Girl/11024,Daddys_Girl,"Blooming Daddy's Girl, Daddy's Girl, Template",633472
5_Daddys_Girl/11025,Daddys_Girl,"Blushing Daddy's Girl, Daddy's Girl, Template",172683
5_Daddys_Girl/11026,Daddys_Girl,"Cassie (Promising Young Woman), Daddy's Girl, Movie and TV Show",917713
5_Daddys_Girl/11027,Daddys_Girl,"Casual Daddy's Girl, Daddy's Girl, Civilian (Teenager)",122162
5_Daddys_Girl/11028,Daddys_Girl,"Crying Greek Dapitissa Girl, Daddy's Girl, Greece, Brands",340755
5_Daddys_Girl/11029,Daddys_Girl,"Daddy's Girl, Daddy's Girl, Template",223077
5_Daddys_Girl/11030,Daddys_Girl,"Daddy's Girl HD, Daddy's Girl, Template",178027
5_Daddys_Girl/11031,Daddys_Girl,"Daddy's Girl Mask Doomer Girl, Daddy's Girl, Masked",287602
5_Daddys_Girl/11032,Daddys_Girl,"Daddy's Girl on Bed, Daddy's Girl, NSFW",378909
5_Daddys_Girl/11033,Daddys_Girl,"Daddy's Girl on Bed, Daddy's Girl, NSFW",411637
5_Daddys_Girl/11034,Daddys_Girl,"Daddy's Girl on Bed, Daddy's Girl, NSFW",411637
5_Daddys_Girl/11035,Daddys_Girl,"Daddy's Girl On Her Phone, Daddy's Girl, Civilian (Teenager)",147345
5_Daddys_Girl/11036,Daddys_Girl,"Daddy's Girl Pink Hair, Daddy's Girl, Civilian (Teenager)",63698
5_Daddys_Girl/11037,Daddys_Girl,"Daddy's Girl Swinsuit, Daddy's Girl, Ocean, Sport",89551
5_Daddys_Girl/11038,Daddys_Girl,"Daddy's Girl Swinsuit, Daddy's Girl, Ocean, Sport",103431
5_Daddys_Girl/11039,Daddys_Girl,"Daddy's Girl Swinsuit, Daddy's Girl, Ocean, Sport",103431
5_Daddys_Girl/11040,Daddys_Girl,"Daddy's Nun, Daddy's Girl, Christianism, Religious Authority",97603
5_Daddys_Girl/11041,Daddys_Girl,"Dead Trans Daddy's Girl, Daddy's Girl, Injured and Dead, LGBT+",33591
5_Daddys_Girl/11042,Daddys_Girl,"Diane Nguyen, Daddy's Girl, Cartoon, BoJack Horseman",437223
5_Daddys_Girl/11043,Daddys_Girl,"Dina, Daddy's Girl, Anarchism, Liberal Left, LGBT+",258027
5_Daddys_Girl/11044,Daddys_Girl,"Emo Daddy's Girl, Daddy's Girl, Civilian (Teenager)",1090801
5_Daddys_Girl/11045,Daddys_Girl,"Eve, Daddy's Girl, Comics, Invincible",84046
5_Daddys_Girl/11046,Daddys_Girl,"Female Allocated Breeder Daddy's Girl, Daddy's Girl, Civilian (Adult)",290583
5_Daddys_Girl/11047,Daddys_Girl,"Frog Daddy's Girl, Daddy's Girl, Template",270562
5_Daddys_Girl/11048,Daddys_Girl,"Furry Daddy's Girl, Daddy's Girl, Internet",455948
5_Daddys_Girl/11049,Daddys_Girl,"Girl 5 - Casual, Daddy's Girl, Civilian (Adult), Full Body",426396
5_Daddys_Girl/11050,Daddys_Girl,"Girl 5 - Fitness gym, Daddy's Girl, Civilian (Adult), Full Body, Sport",404538
5_Daddys_Girl/11051,Daddys_Girl,"Girl Slob, Daddy's Girl, Civilian (Adult)",177479
5_Daddys_Girl/11052,Daddys_Girl,"Goblin, Daddy's Girl, Fantasy",61223
5_Daddys_Girl/11053,Daddys_Girl,"Goblin, Daddy's Girl, Fantasy",61223
5_Daddys_Girl/11054,Daddys_Girl,"Goth Daddy's Girl, Daddy's Girl, Civilian (Teenager)",103546
5_Daddys_Girl/11055,Daddys_Girl,"Gothic Daddy's Girl, Daddy's Girl, Civilian (Teenager)",59194
5_Daddys_Girl/11056,Daddys_Girl,"Gothic Daddy's Girl, Daddy's Girl, Civilian (Teenager)",178185
5_Daddys_Girl/11057,Daddys_Girl,"Gothic Daddy's Girl, Daddy's Girl, Civilian (Teenager)",395120
5_Daddys_Girl/11058,Daddys_Girl,"Gothic Daddy's Girl, Daddy's Girl, Civilian (Teenager)",395120
5_Daddys_Girl/11059,Daddys_Girl,"Hangged Daddy' Girl, Daddy's Girl, Injured and Dead",29427
5_Daddys_Girl/11060,Daddys_Girl,"Happy Greek Dapitissa Girl, Daddy's Girl, Greece, Brands",243574
5_Daddys_Girl/11061,Daddys_Girl,"Humanist Daddy's Girl, Daddy's Girl, LGBT+",412822
5_Daddys_Girl/11062,Daddys_Girl,"Jubilee, Daddy's Girl, Comics, Marvel",136509
5_Daddys_Girl/11063,Daddys_Girl,"Juche Support Girl, Daddy's Girl, Authoritarian Left, Korea, 2010-2020",143538
5_Daddys_Girl/11064,Daddys_Girl,"Kamala Harris, Daddy's Girl, 2020-2030, United States, Prime Minister",195057
5_Daddys_Girl/11065,Daddys_Girl,"Karolina Dean, Daddy's Girl, Comics, Marvel",69007
5_Daddys_Girl/11066,Daddys_Girl,"Kathryn Bigelow, Daddy's Girl, Movie and TV Show, United States, 1990-2000, Art",39238
5_Daddys_Girl/11067,Daddys_Girl,"KYM-Tan, Daddy's Girl, Internet, Social Media",142079
5_Daddys_Girl/11068,Daddys_Girl,"Kyrsten Sinema, Daddy's Girl, Political Figure, United States, 2010-2020, Liberal Right",66411
5_Daddys_Girl/11069,Daddys_Girl,"Loki, Daddy's Girl, Comics, Marvel, Scandinavia, Mythology",79109
5_Daddys_Girl/11070,Daddys_Girl,"Love Daddy's Girl, Daddy's Girl, Template",271891
5_Daddys_Girl/11071,Daddys_Girl,"Mantis, Daddy's Girl, Comics, Marvel",36313
5_Daddys_Girl/11072,Daddys_Girl,"Moondragon, Daddy's Girl, Comics, Marvel",105872
5_Daddys_Girl/11073,Daddys_Girl,"Nakano Azusa, Daddy's Girl, Anime, Music, Full Body",202387
5_Daddys_Girl/11074,Daddys_Girl,"Naru (Prey), Daddy's Girl, Movie and TV Show, 1492-1789, Autochthonous",32144
5_Daddys_Girl/11075,Daddys_Girl,"Noble Daddy's Girl, Daddy's Girl, 476-1492, Nobility and Bourgeoisie",508417
5_Daddys_Girl/11076,Daddys_Girl,"Patriot Girl, Daddy's Girl, United States, Authoritarian Right, 2010-2020, MAGA",73076
5_Daddys_Girl/11077,Daddys_Girl,"Plant Daddy's Girl, Daddy's Girl, The Ever-Expanding Bunker",218182
5_Daddys_Girl/11078,Daddys_Girl,"Poison Ivy, Daddy's Girl, Comics, DC",68575
5_Daddys_Girl/11079,Daddys_Girl,"Political Compass Swinwuit Daddy's Girl, Daddy's Girl, Ocean, Political Compass",768335
5_Daddys_Girl/11080,Daddys_Girl,"Rachel American Pshyco 2, Daddy's Girl, Movie and TV Show, American Psycho, Full Body",762181
5_Daddys_Girl/11081,Daddys_Girl,"RedHead Daddy's Girl, Daddy's Girl, Civilian (Teenager)",7086
5_Daddys_Girl/11082,Daddys_Girl,"Research And Development Women, Daddy's Girl, The Ever-Expanding Bunker, Science",934083
5_Daddys_Girl/11083,Daddys_Girl,"Rose (It Takes Two), Daddy's Girl, Civilian (Teenager), Video Game",184517
5_Daddys_Girl/11084,Daddys_Girl,"Sad Daddy's Girl, Daddy's Girl, Template",312945
5_Daddys_Girl/11085,Daddys_Girl,"Satanic Nun, Daddy's Girl, Demon, Monster",57942
5_Daddys_Girl/11086,Daddys_Girl,"Scarlet Witch, Daddy's Girl, Comics, Marvel",648158
5_Daddys_Girl/11087,Daddys_Girl,"Secretary Daddy's Girl, Daddy's Girl, Civilian (Adult)",25724
5_Daddys_Girl/11088,Daddys_Girl,"Seraphine, Daddy's Girl, Video Game, League of Legends",68542
5_Daddys_Girl/11089,Daddys_Girl,"Shana (black hair), Daddy's Girl, Anime",45985
5_Daddys_Girl/11090,Daddys_Girl,"Shana (Black hair and cloak), Daddy's Girl, Anime",44173
5_Daddys_Girl/11091,Daddys_Girl,"Shana (red hair), Daddy's Girl, Anime",56271
5_Daddys_Girl/11092,Daddys_Girl,"Shana (red hair and cloak), Daddy's Girl, Anime",52082
5_Daddys_Girl/11093,Daddys_Girl,"Shut Up E-Girl, Daddy's Girl, Internet",279931
5_Daddys_Girl/11094,Daddys_Girl,"SimplyAnnieArt, Daddy's Girl, Internet, 2020-2030, Art",105509
5_Daddys_Girl/11095,Daddys_Girl,"Suzi, Daddy's Girl, Video Game, Music, Civilian (Teenager)",233652
5_Daddys_Girl/11096,Daddys_Girl,"Suzi, Daddy's Girl, Video Game, Music, Civilian (Teenager)",250129
5_Daddys_Girl/11097,Daddys_Girl,"Teenage Trad Wife, Daddy's Girl, Civilian (Teenager)",363953
5_Daddys_Girl/11098,Daddys_Girl,"The Beatles Enjoyer Daddy's Girls, Daddy's Girl, Music",318300
5_Daddys_Girl/11099,Daddys_Girl,"The Fallen Matriach, Daddy's Girl, Fantasy, Futuristic",107174
5_Daddys_Girl/11100,Daddys_Girl,"The Profiteer, Daddy's Girl, Comics, Marvel",99113
5_Daddys_Girl/11101,Daddys_Girl,"Titoist Daddy's Girl, Daddy's Girl, Yugoslav People's Army, Yugoslavia, 1970-1980",848192
5_Daddys_Girl/11102,Daddys_Girl,"Tori Daddy's Girl, Daddy's Girl, Brands, Civilian (Teenager)",135422
5_Daddys_Girl/11103,Daddys_Girl,"Tracer, Daddy's Girl, Video Game, Overwatch",64574
5_Daddys_Girl/11104,Daddys_Girl,"Tracer, Daddy's Girl, Video Game, Overwatch",64574
5_Daddys_Girl/11105,Daddys_Girl,"Trans Daddy's Girl, Daddy's Girl, LGBT+",28563
5_Daddys_Girl/11106,Daddys_Girl,"WoodStock Daddy's Girl, Daddy's Girl, Liberal Left, 1970-1980",140600
5_Daddys_Girl/11107,Daddys_Girl,"X-23, Daddy's Girl, Comics, Marvel",25699
5_Doomer/13591,Doomer,"1971 Bihari Muhajir Doomer, Doomer, Pakistan, 1970-1980",1057044
5_Doomer/13592,Doomer,"1980s American Soldier, Doomer, United States, United States Army, 1980-1990",745530
5_Doomer/13593,Doomer,"2020 Doomer, Doomer, 2020-2030",814584
5_Doomer/13594,Doomer,"20s Egyptian , Doomer, Egypt, 1918-1939, Civilian (Adult)",190334
5_Doomer/13595,Doomer,"2nd Chechen War Russian Conscript, Doomer, 2000-2010, Russia, Russian Armed Forces",694212
5_Doomer/13596,Doomer,"39th New York Infantry Regiment , Doomer, American Civil War, 1821-1914, United States, United States Army",216617
5_Doomer/13597,Doomer,"60s Brazilian Doomer, Doomer, Brazil, 1960-1970",120238
5_Doomer/13598,Doomer,"AcEagle, Doomer, Brands",21161
5_Doomer/13599,Doomer,"Acid Wojak, Doomer, Civilian (Teenager)",532675
5_Doomer/13600,Doomer,"Adam Smith Doomer, Doomer, United Kingdom, Liberal Right, 1492-1789, Philosophy",116753
5_Doomer/13601,Doomer,"Admiral Doomer, Doomer, United States, 1939-1945, United States Army, Ocean",355009
5_Doomer/13602,Doomer,"Adolescente, Doomer, Civilian (Teenager)",52672
5_Doomer/13603,Doomer,"Adolescent Wojak, Doomer, Civilian (Teenager)",99752
5_Doomer/13604,Doomer,"Adolf Hitler, Doomer, 1939-1945, National-Socialism, Despot, The Third Reich",169059
5_Doomer/13605,Doomer,"Adolf Hitler, Doomer, 1939-1945, National-Socialism, Despot, The Third Reich",169059
5_Doomer/13606,Doomer,"Adult Doomer, Doomer, Civilian (Adult)",104716
5_Doomer/13607,Doomer,"AfrikaKorps Soldier, Doomer, 1939-1945, Deutsches Heer, Africa, The Third Reich",236264
5_Doomer/13608,Doomer,"Agroprom Doomer, Doomer, S.T.A.L.K.E.R, Russia, Video Game",294283
5_Doomer/13609,Doomer,"Ahmet Cem Ersever, Doomer, Turkey",103236
5_Doomer/13610,Doomer,"Aki, Doomer, Anime, Chainsaw Man",283266
5_Doomer/13611,Doomer,"American GI, Doomer, United States, 1939-1945, United States Army",212531
5_Doomer/13612,Doomer,"American Soldier, Doomer, United States Army, United States",156664
5_Doomer/13613,Doomer,"American Soldier in Iraq, Doomer, United States Army, United States, 2000-2010",1887243
5_Doomer/13614,Doomer,"American Soldier In Iraq, Doomer, United States, United States Army, 2000-2010, Iraq",294397
5_Doomer/13615,Doomer,"American Survivalist, Doomer, Survivalism, United States",262515
5_Doomer/13616,Doomer,"American Tanker, Doomer, United States Army, United States, 1939-1945",249662
5_Doomer/13617,Doomer,"A Mexican and J.W., Doomer, Group, Mexico, Texas",75804
5_Doomer/13618,Doomer,"Anarchist Militia, Doomer, Spain, Spanish Civil War, 1918-1939, Anarchism, Republican Side (Spanish Civil War)",94075
5_Doomer/13619,Doomer,"Anarcho Communist Doomer, Doomer, Political Compass, Authoritarian Left (Political Compass), Anarchism",191587
5_Doomer/13620,Doomer,"Anarcho Communist Doomer, Doomer, Political Compass, Authoritarian Left (Political Compass), Anarchism",498967
5_Doomer/13621,Doomer,"Anarcho Communist Doomer, Doomer, Political Compass, Authoritarian Left (Political Compass), Anarchism",54314
5_Doomer/13622,Doomer,"Anarcho Communist Doomer, Doomer, Political Compass, Authoritarian Left (Political Compass), Anarchism",54314
5_Doomer/13623,Doomer,"Anarcho Libertarian Doomer, Doomer, Political Compass, Liberal Left (Political Compass), Anarchism",96667
5_Doomer/13624,Doomer,"Angry Teen Doomer, Doomer, Civilian (Teenager)",398706
5_Doomer/13625,Doomer,"Antitheist, Doomer, The Ever-Expanding Bunker",170198
5_Doomer/13626,Doomer,"Apex Doomer, Doomer, Video Game, First-Person Shooter, Militia Forces",93118
5_Doomer/13627,Doomer,"Apolitic Turk, Doomer, Civilian (Adult), Turkey, Europe",55070
5_Doomer/13628,Doomer,"Armenian Doomer, Doomer, Armenia, Other Army (Caucasus), 1990-2000",507682
5_Doomer/13629,Doomer,"Armenian Doomer Soldier, Doomer, Armenia, Other Army (Caucasus), 2020-2030",468184
5_Doomer/13630,Doomer,"Armenian Soldier, Doomer, Armenia, Other Army (Caucasus)",425469
5_Doomer/13631,Doomer,"Armenian Soldier, Doomer, Armenia",327296
5_Doomer/13632,Doomer,"Arthur Schopenhauer, Doomer, 1821-1914, Philosophy, Germany",116033
5_Doomer/13633,Doomer,"Asian Doomer, Doomer, Asia",166762
5_Doomer/13634,Doomer,"Asian Guy, Doomer, Civilian (Adult), Asia",57574
5_Doomer/13635,Doomer,"Astronaut Doomer, Doomer, Space, United States",78936
5_Doomer/13636,Doomer,"Australian 2nd Commando SF, Doomer, Australia, Australian Defence Force, 2010-2020",342616
5_Doomer/13637,Doomer,"Average Doomer Arab, Doomer, Middle East, Saudi Arabia",120079
5_Doomer/13638,Doomer,"Average Serbian Soldier, Doomer, Serbian Armed Forces, Serbia",721350
5_Doomer/13639,Doomer,"Aviator Wojak, Doomer, Deutsches Heer, 1914-1918, Germany",280883
5_Doomer/13640,Doomer,"Azul Division Soldier, Doomer, 1939-1945, Deutsches Heer, Spain, The Third Reich",352783
5_Doomer/13641,Doomer,"Balaclava doomer, Doomer, Criminal",157798
5_Doomer/13642,Doomer,"Battle Of The Bugle Soldier, Doomer, The Third Reich, 1939-1945, Deutsches Heer",457594
5_Doomer/13643,Doomer,"Bear Spec Div, Doomer, Russia, 2000-2010, Russian Armed Forces",898615
5_Doomer/13644,Doomer,"Belarussian Officer, Doomer, Belarus, Other Army (Europe)",218209
5_Doomer/13645,Doomer,"Belgian Soldier, Doomer, 1939-1945, Belgium, Belgian Armed Forces",1315718
5_Doomer/13646,Doomer,"Billy Batson, Doomer, Comics, DC",90655
5_Doomer/13647,Doomer,"Bjornen's Cowboy Wojak, Doomer, Far West, United States, 1821-1914",105632
5_Doomer/13648,Doomer,"Black Doomer, Doomer, United States",320522
5_Doomer/13649,Doomer,"Black Doomer, Doomer, Civilian (Adult)",296650
5_Doomer/13650,Doomer,"Black Tom, Doomer, Comics, Marvel",304356
5_Doomer/13651,Doomer,"Blade Runner 2049, Doomer, Movie and TV Show, Futuristic",264122
5_Doomer/13652,Doomer,"Blobjak Doomer, Doomer, Civilian (Adult)",269159
5_Doomer/13653,Doomer,"Blonde Doomer, Doomer, Civilian (Teenager)",423112
5_Doomer/13654,Doomer,"Brain Chair Socialist Doomer, Doomer, Authoritarian Left (Political Compass), Political Compass",144062
5_Doomer/13655,Doomer,"British soldier Northern Ireland, Doomer, British Armed Forces, United Kingdom, 2010-2020",105394
5_Doomer/13656,Doomer,"British Soldier WW1, Doomer, United Kingdom, 1914-1918, British Armed Forces",274346
5_Doomer/13657,Doomer,"Brownic Office Doomer Wojak, Doomer, 2000-2010, Corporation",127367
5_Doomer/13658,Doomer,"Bulgarian Nationalist Partizan, Doomer, Bulgaria, Authoritarian Right",278477
5_Doomer/13659,Doomer,"Bulgarian Survivor, Doomer, Bulgaria, Militia Forces",152029
5_Doomer/13660,Doomer,"Bursaspor Wojak, Doomer, Turkey, Sport",253059
5_Doomer/13661,Doomer,"Byzantine Refugee, Doomer, Greece, 476-1492",39487
5_Doomer/13662,Doomer,"Calm Thoonker, Doomer, Civilian (Teenager)",186217
5_Doomer/13663,Doomer,"Camo Doomer, Doomer, Militia Forces",220816
5_Doomer/13664,Doomer,"Camo Jungle Soldier, Doomer, United States, Vietnam War, United States Army, 1960-1970",18098
5_Doomer/13665,Doomer,"Camo Volodymyr Zelensky, Doomer, Ukraine, President, 2020-2030",213399
5_Doomer/13666,Doomer,"Cap Wojak, Doomer, Civilian (Adult)",35902
5_Doomer/13667,Doomer,"Cap Wojak, Doomer, Civilian (Adult)",50615
5_Doomer/13668,Doomer,"CEO Doomer, Doomer, Corporation",188418
5_Doomer/13669,Doomer,"Charmx (Beanie Boi), Doomer, Youtube, Internet",64438
5_Doomer/13670,Doomer,"Chechen Doomer, Doomer, Chechnya, 1990-2000, Other Army (Europe)",309991
5_Doomer/13671,Doomer,"Chechen Soldier, Doomer, Chechnya, 1990-2000, Russia",233948
5_Doomer/13672,Doomer,"Chilean Soldier De La Guerra Del Pacifico, Doomer, Chile, 1821-1914, Other Army (South And Central America)",555657
5_Doomer/13673,Doomer,"Chiloe Wojak, Doomer, South America, Chile",32865
5_Doomer/13674,Doomer,"Chinese Soldier, Doomer, China",128648
5_Doomer/13675,Doomer,"Circassian Timaf, Doomer, Russia",86031
5_Doomer/13676,Doomer,"Civilian Doomer, Doomer, Civilian (Adult)",93667
5_Doomer/13677,Doomer,"Civil War Wojak, Doomer, United States, United States Army, American Civil War, 1821-1914",39674
5_Doomer/13678,Doomer,"Claude Monet, Doomer, France, Art, 1821-1914",53979
5_Doomer/13679,Doomer,"Clint Eastwood, Doomer, 1821-1914, Far West, United States",276291
5_Doomer/13680,Doomer,"Clown Doomer, Doomer, Circus",57179
5_Doomer/13681,Doomer,"Coalition's Vision 'Head' Scientist, Doomer, The Ever-Expanding Bunker, Robot",208606
5_Doomer/13682,Doomer,"Coast Elf, Doomer, Fantasy, Elf",91486
5_Doomer/13683,Doomer,"Coffe Doomer, Doomer, Food and Drink",68238
5_Doomer/13684,Doomer,"Commander Felix, Doomer, Post Apocalyptic",104841
5_Doomer/13685,Doomer,"Commie Albanian Soldier, Doomer, Other Army (Europe), Albania, 1970-1980, Authoritarian Left",114674
5_Doomer/13686,Doomer,"Commissoner Gordon, Doomer, Comics, DC, Rescue Services",834586
5_Doomer/13687,Doomer,"Communist Guerilla, Doomer, Authoritarian Left, 1980-1990, Militia Forces",241961
5_Doomer/13688,Doomer,"Communist Pakistani Doomer General, Doomer, Pakistan, Authoritarian Left",112670
5_Doomer/13689,Doomer,"Corsican FLNC Soldier, Doomer, France, 1990-2000, Terrorism",51253
5_Doomer/13690,Doomer,"Country Doomer, Doomer, Music, United States",108686
5_Doomer/13691,Doomer,"Cowboy, Doomer, Far West, United States, 1821-1914",239383
5_Doomer/13692,Doomer,"Cowboy, Doomer, Far West, United States, 1821-1914",7759
5_Doomer/13693,Doomer,"Cowboy, Doomer, 1821-1914, United States, Far West",11955
5_Doomer/13694,Doomer,"Croatian Soldier, Doomer, Croatia, Croatian Armed Forces",645697
5_Doomer/13695,Doomer,"Croatian Soldier, Doomer, Croatia, Croatian Armed Forces",84521
5_Doomer/13696,Doomer,"Crying Clow Vladimir Putin, Doomer, Russia, 2020-2030, President",40926
5_Doomer/13697,Doomer,"Crying Doomer, Doomer, Template",79935
5_Doomer/13698,Doomer,"Crying Doomer Gun, Doomer, Criminal",349916
5_Doomer/13699,Doomer,"Crying Soviet Soldier, Doomer, 1939-1945, Soviet Union, Red Army",596192
5_Doomer/13700,Doomer,"Cyan Paradox, Doomer, Youtube, Internet, Video Game",112187
5_Doomer/13701,Doomer,"Czech Doomer, Doomer, Czechia",1374301
5_Doomer/13702,Doomer,"D.Afonso Henriques, Doomer, Portugal, Knight, 476-1492",194559
5_Doomer/13703,Doomer,"Dan, Doomer, United States",183510
5_Doomer/13704,Doomer,"Death Brigade Doomer, Doomer, 1939-1945, Deutsches Heer, The Third Reich",60376
5_Doomer/13705,Doomer,"Denji, Doomer, Anime, Chainsaw Man",204586
5_Doomer/13706,Doomer,"Depressed Doomer, Doomer, Civilian (Teenager)",97545
5_Doomer/13707,Doomer,"Depressed Doomer full fixed, Doomer, Template",174089
5_Doomer/13708,Doomer,"Depressed Office Worker, Doomer, Worker",193944
5_Doomer/13709,Doomer,"Depressed Wojak, Doomer, Civilian (Adult)",37487
5_Doomer/13710,Doomer,"Depressed Wojak, Doomer, Template, Civilian (Adult)",74309
5_Doomer/13711,Doomer,"Disfigured Wojak , Doomer, Injured and Dead",120572
5_Doomer/13712,Doomer,"Donbass Soldier, Doomer, Militia Forces, 1990-2000, Ukraine",155030
5_Doomer/13713,Doomer,"Donbass Soldier, Doomer, Militia Forces, 1990-2000, Ukraine",126045
5_Doomer/13714,Doomer,"Don Michael Corleone (The Godfather), Doomer, Movie and TV Show, Criminal, Italy, 1970-1980",134312
5_Doomer/13715,Doomer,"Doomer, Doomer, Civilian (Teenager)",225094
5_Doomer/13716,Doomer,"Doomer, Doomer, Template",38709
5_Doomer/13717,Doomer,"Doomer, Doomer, Civilian (Teenager)",44446
5_Doomer/13718,Doomer,"Doomer, Doomer, Civilian (Adult)",136252
5_Doomer/13719,Doomer,"Doomer, Doomer, Civilian (Adult), Full Body",108249
5_Doomer/13720,Doomer,"Doomer, Doomer, Civilian (Adult)",38639
5_Doomer/13721,Doomer,"Doomer, Doomer, Civilian (Adult)",114682
5_Doomer/13722,Doomer,"Doomer, Doomer, Civilian (Teenager)",46250
5_Doomer/13723,Doomer,"Doomer, Doomer, Civilian (Teenager)",52672
5_Doomer/13724,Doomer,"Doomer Alien, Doomer, Futuristic, Masked",51935
5_Doomer/13725,Doomer,"Doomer American WWI Soldier, Doomer, United States Army, 1914-1918, United States",313755
5_Doomer/13726,Doomer,"Doomer Anarchist, Doomer, Anarchism, Liberal Left",268748
5_Doomer/13727,Doomer,"Doomer Ancap, Doomer, Survivalism, Liberal Right (Political Compass), Anarchism",1190099
5_Doomer/13728,Doomer,"Doomer Astolfo, Doomer, Anime, Fate",250339
5_Doomer/13729,Doomer,"Doomer Bishop, Doomer, Christianism, Religious Authority",134281
5_Doomer/13730,Doomer,"Doomer Boy, Doomer, Civilian (Teenager)",69730
5_Doomer/13731,Doomer,"Doomer boy, Doomer, CIvilian (Teenager)",168647
5_Doomer/13732,Doomer,"Doomer Boy With His Computer, Doomer, Civilian (Teenager)",146144
5_Doomer/13733,Doomer,"Doomer Business Man, Doomer, Liberal Left, Corporation",19083
5_Doomer/13734,Doomer,"Doomer Carabinero, Doomer, Spain, Rescue Services",262221
5_Doomer/13735,Doomer,"Doomer Civilian, Doomer, Civilian (Adult)",137133
5_Doomer/13736,Doomer,"Doomer Comedian, Doomer, 1970-1980, Civilian (Adult)",129962
5_Doomer/13737,Doomer,"Doomer Couple, Doomer, Family, Group",161397
5_Doomer/13738,Doomer,"Doomer Donetsk, Doomer, Russian Armed Forces, Russia, Ukraine, 2010-2020",167339
5_Doomer/13739,Doomer,"Doomer Gaming, Doomer, Template",475685
5_Doomer/13740,Doomer,"Doomer Gaming, Doomer, Civilian (Teenager)",201226
5_Doomer/13741,Doomer,"Doomer Girl, Doomer, Civilian (Teenager)",195186
5_Doomer/13742,Doomer,"Doomer Girl, Doomer, Civilian (Teenager)",129689
5_Doomer/13743,Doomer,"Doomer Girl, Doomer, Civilian (Teenager)",32721
5_Doomer/13744,Doomer,"Doomer Girl, Doomer, Civilian (Teenager)",330356
5_Doomer/13745,Doomer,"Doomer Happy, Doomer, Template",88350
5_Doomer/13746,Doomer,"Doomer Hazmat, Doomer, Hazmat",117811
5_Doomer/13747,Doomer,"Doomer in Love, Doomer, Group",91787
5_Doomer/13748,Doomer,"Doomer Israeli Soldier, Doomer, Israel, Israel Defense Forces",303680
5_Doomer/13749,Doomer,"Doomer Jordanian, Doomer, Middle East, Jordan",1362549
5_Doomer/13750,Doomer,"Doomer Josip Broz Tito , Doomer, Authoritarian Left, Yugoslavia, 1939-1945, Yugoslav People's Army",132209
5_Doomer/13751,Doomer,"Doomer Karl Marx, Doomer, 1821-1914, Germany, Authoritarian Left, Philosophy",381314
5_Doomer/13752,Doomer,"Doomer Knight, Doomer, Knight, 476-1492",158333
5_Doomer/13753,Doomer,"Doomer Knight, Doomer, Knight, 476-1492",381043
5_Doomer/13754,Doomer,"Doomer Link, Doomer, Video Game, Nintendo, The Legend of Zelda",38417
5_Doomer/13755,Doomer,"Doomer Lollipop, Doomer, Civilian (Teenager), Food and Drink",102468
5_Doomer/13756,Doomer,"Doomer Marriage, Doomer, Family, Group, Festivity",779769
5_Doomer/13757,Doomer,"Doomer masked npc, Doomer, Masked",515416
5_Doomer/13758,Doomer,"Doomer MetalHead, Doomer, Music",112877
5_Doomer/13759,Doomer,"Doomer on the phone, Doomer, Civilian (Teenager)",242315
5_Doomer/13760,Doomer,"Doomer Operative, Doomer, Militia Forces, United States",230493
5_Doomer/13761,Doomer,"Doomer Otto Von Bismarck, Doomer, 1821-1914, Germany, Prime Minister, Authoritarian Right",821370
5_Doomer/13762,Doomer,"Doomer Paris Saclay Student, Doomer, France, 2010-2020, Academic",389553
5_Doomer/13763,Doomer,"Doomer Pc Worker, Doomer, Civilian (Teenager)",701014
5_Doomer/13764,Doomer,"Doomer, Doomer, Template",84061
5_Doomer/13765,Doomer,"Doomer Rage on the phone, Doomer, Civilian (Teenager)",345979
5_Doomer/13766,Doomer,"Doomer Resting, Doomer, Civilian (Teenager)",143198
5_Doomer/13767,Doomer,"Doomer Rick Grimes Season 1, Doomer, Movie and TV Show, The Walking Dead",76883
5_Doomer/13768,Doomer,"Doomer Room, Doomer, Room",180832
5_Doomer/13769,Doomer,"Doomer Room, Doomer, Room",180832
5_Doomer/13770,Doomer,"Doomer Russian Soldier Chechnya, Doomer, Russian Armed Forces, Russia, Injured and Dead, Chechnya, 1990-2000",328432
5_Doomer/13771,Doomer,"Doomer Shadow, Doomer, Strange",44390
5_Doomer/13772,Doomer,"Doomer Shower, Doomer, Civilian (Teenager)",257192
5_Doomer/13773,Doomer,"Doomer Skinhead, Doomer, Civilian (Teenager)",98806
5_Doomer/13774,Doomer,"Doomer Soldier, Doomer, Militia Forces",519582
5_Doomer/13775,Doomer,"Doomer Soldier, Doomer, Militia Forces",220433
5_Doomer/13776,Doomer,"Doomer Solid Snake, Doomer, Video Game, Metal Gear Solid, Nintendo",478301
5_Doomer/13777,Doomer,"Doomer Soviet Soldier, Doomer, 1980-1990, Red Army, Soviet Union, Afghanistan",32409
5_Doomer/13778,Doomer,"Doomer Template Face, Doomer, Template",191243
5_Doomer/13779,Doomer,"Doomer Trans, Doomer, LGBT+",70765
5_Doomer/13780,Doomer,"Doomer Warhammer 40k, Doomer, Video Game, Warhammer",181125
5_Doomer/13781,Doomer,"Doomer Wehrmacht Wojak, Doomer, Deutsches Heer, 1939-1945, The Third Reich",34707
5_Doomer/13782,Doomer,"Doomer Winter Soviet, Doomer, Soviet Union, Red Army, 1939-1945",207238
5_Doomer/13783,Doomer,"Doomer Zoomer, Doomer, Civilian (Teenager)",21166
5_Doomer/13784,Doomer,"Dragonborn, Doomer, Video Game, Skyrim, Fantasy",77206
5_Doomer/13785,Doomer,"Drinking Doomer, Doomer, Food and Drink",381486
5_Doomer/13786,Doomer,"Drinking Doomer, Doomer, Food and Drink, Food and Drink",54521
5_Doomer/13787,Doomer,"Drinking Doomer, Doomer, Food and Drink, Food and Drink",54521
5_Doomer/13788,Doomer,"Drunk American WWI Conscript, Doomer, United States Army, 1914-1918, United States, Food and Drink",201033
5_Doomer/13789,Doomer,"Dystopian Batman, Doomer, Comics, DC",797897
5_Doomer/13790,Doomer,"Eco Anarchist Doomer, Doomer, Liberal Left (Political Compass), Anarchism, Militia Forces",172984
5_Doomer/13791,Doomer,"Ecuadorian Doomer, Doomer, Ecuador, South America",122928
5_Doomer/13792,Doomer,"Egyptian (Coptic) from the Coptic era, Doomer, Ancient Egypt, -3000-476",190122
5_Doomer/13793,Doomer,"Egyptian Doomer, Doomer, Ancient Egypt, -3000-476",114192
5_Doomer/13794,Doomer,"Eldery Wojak, Doomer, Civilian (Eldery)",50798
5_Doomer/13795,Doomer,"Elf Doomer, Doomer, Fantasy, Elf",225702
5_Doomer/13796,Doomer,"Emo Boy, Doomer, Music",612213
5_Doomer/13797,Doomer,"Estonian Doomer, Doomer, Estonia, Europe",73007
5_Doomer/13798,Doomer,"Facing Doomer, Doomer, Template",92434
5_Doomer/13799,Doomer,"Failed_normie, Doomer, Internet",1745
5_Doomer/13800,Doomer,"Fat Muslim Girls, Doomer, Islam, Group",48534
5_Doomer/13801,Doomer,"Fatty Doomer, Doomer, Civilian (Adult)",148716
5_Doomer/13802,Doomer,"FBI Doomer, Doomer, United States, Rescue Services",101730
5_Doomer/13803,Doomer,"Female Doomer, Doomer, Civilian (Adult)",47010
5_Doomer/13804,Doomer,"Female Doomer, Doomer, Civilian (Teenager)",257756
5_Doomer/13805,Doomer,"Female Doomer, Doomer, Civilian (Teenager)",62385
5_Doomer/13806,Doomer,"Female Doomer, Doomer, Civilian (Adult)",241903
5_Doomer/13807,Doomer,"Female Doomer, Doomer, Civilian (Teenager)",62385
5_Doomer/13808,Doomer,"First Chechen War MVD Sniper, Doomer, Russia, 1990-2000, Russian Armed Forces",424354
5_Doomer/13809,Doomer,"Floyd, Doomer, Comics, DC",112769
5_Doomer/13810,Doomer,"Forest Anon Back View, Doomer, Survivalism",201801
5_Doomer/13811,Doomer,"French Doomer Chad, Doomer, France, Civilian (Adult)",18379
5_Doomer/13812,Doomer,"French Soldier, Doomer, France, Armée Française, 1939-1945",29793
5_Doomer/13813,Doomer,"French Soldier Desert, Doomer, 1939-1945, France, Armée Française",732663
5_Doomer/13814,Doomer,"Gamora, Doomer, Comics, Marvel",93735
5_Doomer/13815,Doomer,"Ganster, Doomer, United States, Criminal",327700
5_Doomer/13816,Doomer,"Gendō Ikari, Doomer, Anime, Evangelion",242288
5_Doomer/13817,Doomer,"Generic Soldier, Doomer, 1960-1970, Other Army (Europe)",394063
5_Doomer/13818,Doomer,"Georgian Soldier, Doomer, Georgia, Other Army (Caucasus)",1024211
5_Doomer/13819,Doomer,"German N@zi Party Officer, Doomer, The Third Reich, 1939-1945",82293
5_Doomer/13820,Doomer,"German Soldier Dying, Doomer, The Third Reich, 1939-1945, Deutsches Heer, Injured and Dead",233369
5_Doomer/13821,Doomer,"German Stalingrad, Doomer, 1939-1945, Germany",227283
5_Doomer/13822,Doomer,"Gorillaz Fan Doomer, Doomer, Music",223061
5_Doomer/13823,Doomer,"Greek Angry Nationalist, Doomer, Authoritarian Right, Greece",322382
5_Doomer/13824,Doomer,"Greek Schutzstaffel, Doomer, Greece, Schutzstaffel, Injured and Dead",38548
5_Doomer/13825,Doomer,"Grizzly Randy, Doomer, Post Apocalyptic, The Ever-Expanding Bunker",515736
5_Doomer/13826,Doomer,"Grunge Full Body, Doomer, Music, 1980-1990, Full Body, Full Body",613531
5_Doomer/13827,Doomer,"Guido Mista, Doomer, Anime, JoJo's Bizarre Adventure",342173
5_Doomer/13828,Doomer,"Hanging Wojak, Doomer, Injured and Dead",19190
5_Doomer/13829,Doomer,"Happy Doomer, Doomer, Civilian (Adult)",191831
5_Doomer/13830,Doomer,"Happy Doomer, Doomer, Template",109070
5_Doomer/13831,Doomer,"Happy Doomer, Doomer, Civilian (Adult)",292445
5_Doomer/13832,Doomer,"Happy Romantic Doomer, Doomer, Civilian (Adult)",245408
5_Doomer/13833,Doomer,"Harrier (Harry) Du Bois Chad, Doomer, Video Game, Disco Elysium",125572
5_Doomer/13834,Doomer,"Hipster , Doomer, 2000-2010, Civilian (Adult)",586571
5_Doomer/13835,Doomer,"Hitachi, Doomer, Anime, Naruto",93432
5_Doomer/13836,Doomer,"Hoi4 Generic General, Doomer, Other Army (Europe), Video Game, 1939-1945, British Armed Forces",258736
5_Doomer/13837,Doomer,"Hong Kong Protestor with gun, Doomer, China, Other Army (Asia), Asia",75416
5_Doomer/13838,Doomer,"Hooded Doomer, Doomer, Civilian (Teenager)",7526
5_Doomer/13839,Doomer,"Hopeful Doomer, Doomer, Civilian (Teenager)",278657
5_Doomer/13840,Doomer,"HOS-Croatia-1991, Doomer, Croatia, Croatian Armed Forces, 1990-2000",357360
5_Doomer/13841,Doomer,"Hourman, Doomer, Comics, DC",195018
5_Doomer/13842,Doomer,"Hungarian doomer, Doomer, Europe, Hungary",1247905
5_Doomer/13843,Doomer,"IB Student, Doomer, Academic",86327
5_Doomer/13844,Doomer,"Icelandic Syndicalist Dad, Doomer, Authoritarian Left, Iceland",212479
5_Doomer/13845,Doomer,"ICY, Doomer, Civilian (Adult)",98191
5_Doomer/13846,Doomer,"IGNIS Doctor, Doomer, The Ever-Expanding Bunker, IGNIS (The Ever-Expanding Bunker), Medical",681607
5_Doomer/13847,Doomer,"IGNIS Doomer, Doomer, The Ever-Expanding Bunker, IGNIS (The Ever-Expanding Bunker)",268878
5_Doomer/13848,Doomer,"IGNIS Doomer, Doomer, The Ever-Expanding Bunker, IGNIS (The Ever-Expanding Bunker)",264345
5_Doomer/13849,Doomer,"IGNIS Doomer Coffee, Doomer, The Ever-Expanding Bunker, IGNIS (The Ever-Expanding Bunker)",272295
5_Doomer/13850,Doomer,"IGNIS Doomer Soldier, Doomer, The Ever-Expanding Bunker, IGNIS (The Ever-Expanding Bunker)",594145
5_Doomer/13851,Doomer,"IGNIS Old Soldier, Doomer, The Ever-Expanding Bunker, IGNIS (The Ever-Expanding Bunker)",438607
5_Doomer/13852,Doomer,"IGNIS Rebel, Doomer, The Ever-Expanding Bunker, IGNIS (The Ever-Expanding Bunker)",309401
5_Doomer/13853,Doomer,"IGNIS Robot Head, Doomer, The Ever-Expanding Bunker, IGNIS (The Ever-Expanding Bunker), Science",132995
5_Doomer/13854,Doomer,"IGNIS Sailor, Doomer, The Ever-Expanding Bunker, IGNIS (The Ever-Expanding Bunker), Ocean",190842
5_Doomer/13855,Doomer,"IGNIS Worker, Doomer, The Ever-Expanding Bunker, IGNIS (The Ever-Expanding Bunker)",211685
5_Doomer/13856,Doomer,"IGNIS Worker, Doomer, The Ever-Expanding Bunker, IGNIS (The Ever-Expanding Bunker)",308408
5_Doomer/13857,Doomer,"Imperator Iulius Caesar Divus, Doomer, Roman Empire, -3000-476, Imperial",184941
5_Doomer/13858,Doomer,"Imperial Guardsman Wojak, Doomer, Warhammer, Video Game, Space, Futuristic, Futuristic Army",287301
5_Doomer/13859,Doomer,"Infante D.Henrique, Doomer, Portugal, Colonial, 476-1492",72613
5_Doomer/13860,Doomer,"Injured Japanese Soldier, Doomer, Japan, Injured and Dead, 1939-1945, Imperial Japanese Army",114111
5_Doomer/13861,Doomer,"Injured Leon Trotsky, Doomer, 1918-1939, Philosophy, Authoritarian Left, Soviet Union, Mexico, Injured and Dead",95313
5_Doomer/13862,Doomer,"Injured Wojak, Doomer, Injured and Dead",117818
5_Doomer/13863,Doomer,"Internet Doomer, Doomer, Internet, Civilian (Teenager)",179276
5_Doomer/13864,Doomer,"Iranian Revolutionary Guard, Doomer, Iran, Revolution, Middle East",178224
5_Doomer/13865,Doomer,"Iraqi Doomer, Doomer, Middle East, Iraq",55058
5_Doomer/13866,Doomer,"Iraqui Soldier, Doomer, Iraq, Middle East, Royal Iraqi Army",495359
5_Doomer/13867,Doomer,"Iraqui Teen Doomer, Doomer, Civilian (Teenager), Iraq",72665
5_Doomer/13868,Doomer,"Ireland..., Doomer, Militia Forces, Ireland",71720
5_Doomer/13869,Doomer,"Ironlake Wojak, Doomer, Internet",183005
5_Doomer/13870,Doomer,"İslamist Turk , Doomer, Islam, Turkey, Turkish Armed Forces",92134
5_Doomer/13871,Doomer,"Israeli Egoz Commando 2022, Doomer, Israel, Israel Defense Forces, Judaism",583536
5_Doomer/13872,Doomer,"İttihat & Terakki Doomer, Doomer, Ottoman Army, Ottoman Empire, Ottoman Army",90436
5_Doomer/13873,Doomer,"Jamesey's heroin(es), Doomer, Criminal, Civilian (Adult)",1230173
5_Doomer/13874,Doomer,"Jesse Pinkman, Doomer, Breaking Bad",140715
5_Doomer/13875,Doomer,"J (Girl's Frontline), Doomer, Post Apocalyptic, Germany, Germany",93241
5_Doomer/13876,Doomer,"John Belushi, Doomer, Movie and TV Show, United States, Albania, 1970-1980",20113
5_Doomer/13877,Doomer,"John Constantine, Doomer, Comics, DC",1177882
5_Doomer/13878,Doomer,"Joker, Doomer, Comics, DC, Criminal, Circus",36459
5_Doomer/13879,Doomer,"Joker, Doomer, Comics, DC, Criminal",663683
5_Doomer/13880,Doomer,"Joker, Doomer, Comics, DC, Criminal",118709
5_Doomer/13881,Doomer,"Joker Doomer, Doomer, Circus, Internet",262279
5_Doomer/13882,Doomer,"Jopa (The Sniper of Bagdad), Doomer, Iraq, 2000-2010, Royal Iraqi Army",303214
5_Doomer/13883,Doomer,"José de San Martín, Doomer, Argentina, Other Army (South and Central America), South America, 1789-1821",297190
5_Doomer/13884,Doomer,"Josef Koždoň, Doomer, 1918-1939, Czechia, Political Figure",601893
5_Doomer/13885,Doomer,"Juan Bautista Alberdi, Doomer, Argentina, Liberal Right, Political Figure, 1821-1914",237523
5_Doomer/13886,Doomer,"Jurgen Conings, Doomer, Belgian Armed Forces, Authoritarian Right, Belgium, 2020-2030",223099
5_Doomer/13887,Doomer,"Kabyle Doomer, Doomer, Algeria, Kabylia, Africa, Autochthonous",198491
5_Doomer/13888,Doomer,"Kazakh Doomer 90s, Doomer, Asia, Kazakhstan, 1990-2000",275748
5_Doomer/13889,Doomer,"Kazakhstan Civil Defense Doomer, Doomer, Kazakhstan, Other Army (Asia)",793492
5_Doomer/13890,Doomer,"Kemalist Doomer, Doomer, Turkey, Authoritarian Right, 1918-1939",78765
5_Doomer/13891,Doomer,"Kenan Evren, Doomer, Turkey, Turkish Armed Forces, 1980-1990",4260
5_Doomer/13892,Doomer,"Kid Cable, Doomer, Comics, Marvel",101514
5_Doomer/13893,Doomer,"Kim Jong Un, Doomer, Authoritarian Left, 2010-2020, Korea, Despot",58197
5_Doomer/13894,Doomer,"King Abdelaziz ibn Saoud, Doomer, Saudi Arabia, Monarch, 1918-1939",297918
5_Doomer/13895,Doomer,"K - Joe - Joi, Doomer, Futuristic",715028
5_Doomer/13896,Doomer,"Klarion, Doomer, Comics, DC",55138
5_Doomer/13897,Doomer,"Knight and Peasant, Doomer, 476-1492, Group, Knight, Peasant",1230855
5_Doomer/13898,Doomer,"Korean Teenager, Doomer, Korea, Civilian (Teenager)",130529
5_Doomer/13899,Doomer,"Kurdish Psycho, Doomer, Kurdistan",94463
5_Doomer/13900,Doomer,"Kyle, Doomer, Civilian (Adult)",88243
5_Doomer/13901,Doomer,"Larper, Doomer, Survivalism, United States",434143
5_Doomer/13902,Doomer,"Lecturing Teen Communist Doomer, Doomer, Political Compass, Authoritarian Left (Political Compass)",106331
5_Doomer/13903,Doomer,"Left Doomer, Doomer, Liberal Left",144198
5_Doomer/13904,Doomer,"Legionnary Romanian, Doomer, Romania, 1939-1945, Romanian Armed Forces",97717
5_Doomer/13905,Doomer,"Liberal Left Collectivist, Doomer, Liberal Left, LGBT+",138109
5_Doomer/13906,Doomer,"LibRight Doomer, Doomer, Political Compass, Liberal Right (Political Compass), Anarchism",234152
5_Doomer/13907,Doomer,"LibRight Doomer, Doomer, Political Compass, Liberal Right (Political Compass), Anarchism",99491
5_Doomer/13908,Doomer,"LibRight Doomer, Doomer, Political Compass, Liberal Right (Political Compass), Anarchism",99491
5_Doomer/13909,Doomer,"Line Cooker, Doomer, Employee, Food and Drink",83497
5_Doomer/13910,Doomer,"Lithuanian Policeman in Summer Golf Uniform with a Beret, Doomer, Lithuania, Rescue Services",141862
5_Doomer/13911,Doomer,"Lithuanian Tired Army Guy, Doomer, Lithuania, Militia Forces, Other Army (Europe)",141021
5_Doomer/13912,Doomer,"Lt. Alfredo Mueller, Doomer, Other Army (Europe), Argentina",29179
5_Doomer/13913,Doomer,"Macedonian VMRO 1924 Revolutionary, Doomer, Other Army (Europe), Macedonia, 1918-1939",371687
5_Doomer/13914,Doomer,"MACV SOG, Doomer, United States, United States Army, Vietnam War, 1960-1970",285902
5_Doomer/13915,Doomer,"Mafia Doomer, Doomer, Criminal",171596
5_Doomer/13916,Doomer,"Maga Supporter, Doomer, MAGA, Authoritarian Right, 2010-2020, United States",160504
5_Doomer/13917,Doomer,"Male Trainer, Doomer, Video Game, Nintendo, Pokemon",54560
5_Doomer/13918,Doomer,"Mariano Moreno Doomer, Doomer, Argentina, 1789-1821, Political Figure",42778
5_Doomer/13919,Doomer,"Masked Doomer, Doomer, Civilian (Adult)",88541
5_Doomer/13920,Doomer,"Maurice Gibb, Doomer, Music, Full Body, United Kingdom, 1970-1980",1022967
5_Doomer/13921,Doomer,"Max Payne , Doomer, Movie and TV Show",194250
5_Doomer/13922,Doomer,"Mayan Priest-King, Doomer, 476-1492, Autochthonous, Mexico, Religious Authority",402488
5_Doomer/13923,Doomer,"McWorker, Doomer, Brands, Food and Drink, Employee",32643
5_Doomer/13924,Doomer,"McWorker, Doomer, Brands, Food and Drink, Employee",247451
5_Doomer/13925,Doomer,"McWorker, Doomer, Brands, Food and Drink, Employee",819167
5_Doomer/13926,Doomer,"Mehmed IV., Doomer, Ottoman Empire, Ottoman Army",96535
5_Doomer/13927,Doomer,"Mehmed V, Doomer, Turkey, Ottoman Empire, 1914-1918, Middle East",153331
5_Doomer/13928,Doomer,"Me IRL LOL, Doomer, Civilian (Teenager)",44824
5_Doomer/13929,Doomer,"Me-kinda, Doomer, Civilian (Teenager)",100189
5_Doomer/13930,Doomer,"Messy Bearded Doomer, Doomer, Template",194660
5_Doomer/13931,Doomer,"Messy Doomer, Doomer, Template",84508
5_Doomer/13932,Doomer,"Messy Smoking Doomer, Doomer, Strange",642061
5_Doomer/13933,Doomer,"Messy Tourist, Doomer, Tourism",248536
5_Doomer/13934,Doomer,"Messy Whirler, Doomer, The Ever-Expanding Bunker, Monster, Whirler (The Ever-Expanding Bunker)",460784
5_Doomer/13935,Doomer,"Metal Head, Doomer, Music",24653
5_Doomer/13936,Doomer,"Mexican Marine V2, Doomer, Other Army (South And Central America), Mexico",154443
5_Doomer/13937,Doomer,"MG42 Gunner Wehrmacht, Doomer, Deutsches Heer, 1939-1945, The Third Reich",2680635
5_Doomer/13938,Doomer,"Minecraft Doomer, Doomer, Video Game, Minecraft",93580
5_Doomer/13939,Doomer,"Modern Captain America, Doomer, Comics, Marvel, United States",203532
5_Doomer/13940,Doomer,"Modern German Empire Soldier, Doomer, Germany, Bundeswehr",534129
5_Doomer/13941,Doomer,"Moldovan Soldier Transnistria War, Doomer, 1990-2000, Moldova, Other Army (Europe), Romania",181619
5_Doomer/13942,Doomer,"Montezuma II, Doomer, 1492-1789, Mexico, Autochthonous, Monarch",718543
5_Doomer/13943,Doomer,"Moroccan Doomer Soldier, Doomer, Morocco, Other Army (Africa)",191810
5_Doomer/13944,Doomer,"Morty Lelémur, Doomer, France, Internet, 2020-2030",356798
5_Doomer/13945,Doomer,"Moto Driver Doomer, Doomer, Civilian (Teenager)",331129
5_Doomer/13946,Doomer,"Nationalist Turk, Doomer, Turkey, Turkish Armed Forces",87351
5_Doomer/13947,Doomer,"National Socialist Guy, Doomer, National-Socialism",39165
5_Doomer/13948,Doomer,"NATO Soldier Arma 3, Doomer, Video Game, Arma, United States Army",680403
5_Doomer/13949,Doomer,"NCR Soldier, Doomer, Post Apocalyptic, Fallout : New Vegas, New California Republic",195430
5_Doomer/13950,Doomer,"NCR Soldier, Doomer, Post Apocalyptic, Fallout : New Vegas, New California Republic",957878
5_Doomer/13951,Doomer,"Neo-Byzantine Doomer Soldier, Doomer, Militia Forces, Greece",590104
5_Doomer/13952,Doomer,"Neosep Bog, Doomer, The Ever-Expanding Bunker",89009
5_Doomer/13953,Doomer,"Nicholas I, Doomer, Russia, Imperial, 1821-1914",208472
5_Doomer/13954,Doomer,"Nick Valentine, Doomer, Post Apocalyptic, Robot, Rescue Services, Fallout",49310
5_Doomer/13955,Doomer,"Nicolaus Copernicus Doomer, Doomer, Science, Poland, 1492-1789",159322
5_Doomer/13956,Doomer,"Nikolai Belinski, Doomer, Video Game, First-Person Shooter, Call Of Duty, Soviet Union, Red Army",239903
5_Doomer/13957,Doomer,"Norwegian Paramilitary, Doomer, Scandinavia, Other Army (Europe), Norway",257606
5_Doomer/13958,Doomer,"Nostalgic Smoker Wojak, Doomer, Civilian (Adult)",86972
5_Doomer/13959,Doomer,"Nostalgic Smoker Wojak With Heavy Shadows, Doomer, Strange",82655
5_Doomer/13960,Doomer,"Officer Doomer, Doomer, Other Army (Europe)",145353
5_Doomer/13961,Doomer,"Old Courrier, Doomer, Post Apocalyptic, Fallout : New Vegas",179724
5_Doomer/13962,Doomer,"Orange Doomer, Doomer, Civilian (Adult)",49671
5_Doomer/13963,Doomer,"Order Of Ichthys, Doomer, Fantasy, Ocean",434743
5_Doomer/13964,Doomer,"Original Caracter N1°, Doomer, Civilian (Adult)",18022
5_Doomer/13965,Doomer,"Original Caracter N2°, Doomer, Civilian (Adult)",18795
5_Doomer/13966,Doomer,"Original Caracter N3°, Doomer, Criminal",31280
5_Doomer/13967,Doomer,"Orslok, Doomer, Spain, Youtube, Music",333317
5_Doomer/13968,Doomer,"Orthodox Byzantine Doomer, Doomer, Christianism, Orthodox",139616
5_Doomer/13969,Doomer,"Orthodox Doomer, Doomer, Christianism, Orthodox",24494
5_Doomer/13970,Doomer,"Ottoman Doomer, Doomer, Ottoman Army, Ottoman Empire",60238
5_Doomer/13971,Doomer,"Ottoman Doomer, Doomer, Ottoman Empire",45105
5_Doomer/13972,Doomer,"Outrunned, Doomer, Strange",1100625
5_Doomer/13973,Doomer,"Outside The Bunker Resident, Doomer, The Ever-Expanding Bunker",244376
5_Doomer/13974,Doomer,"Paki Khilafatist, Doomer, Pakistan, Islam",226490
5_Doomer/13975,Doomer,"Pakistan Air Force Fighter Pilot, Doomer, Pakistan, Other Army (Asia)",160191
5_Doomer/13976,Doomer,"Pakistan Army Armourjak , Doomer, Pakistan, Other Army (Asia)",775556
5_Doomer/13977,Doomer,"Pakistani Muslim Doomer, Doomer, Asia, Pakistan, Islam",785970
5_Doomer/13978,Doomer,"Patriot, Doomer, Georgia, Other Army (Caucasus)",1024211
5_Doomer/13979,Doomer,"Pavlo Skoropadskyi, Doomer, Ukraine, Prime Minister, 1914-1918, Armed Forces of Ukraine",292931
5_Doomer/13980,Doomer,"Pavlo Skoropadskyi Doomer, Doomer, Poland, Ukraine, 1918-1939",29492
5_Doomer/13981,Doomer,"Peasant hitten by plague, Doomer, 476-1492, Injured and Dead, Peasant",49467
5_Doomer/13982,Doomer,"Pennsylvanian Doomer, Doomer, United States",111391
5_Doomer/13983,Doomer,"Pensive Michel Houellebecq, Doomer, Philosophy, France, 1990-2000",218443
5_Doomer/13984,Doomer,"Phrygian Chad, Doomer, -3000-476, Greece, Turkey, Autochthonous",141892
5_Doomer/13985,Doomer,"Phrygian Doomer, Doomer, -3000-476, Turkey, Greece, Autochthonous",300996
5_Doomer/13986,Doomer,"Pico, Doomer, Cartoon, Internet, Video Game, LGBT+, LGBT+",107290
5_Doomer/13987,Doomer,"Plumber, Doomer, Employee",223833
5_Doomer/13988,Doomer,"Poilu with Lebel Model 1886, Doomer, France, Armée Française, 1914-1918",577851
5_Doomer/13989,Doomer,"Police call sign - Fear, Doomer, Rescue Services, United States",91908
5_Doomer/13990,Doomer,"Policewoman, Doomer, Rescue Services, United States",225595
5_Doomer/13991,Doomer,"Polish Lancer, Doomer, 1789-1821, France, Poland, Grande Armée",1908554
5_Doomer/13992,Doomer,"Polish Partisan, Doomer, Polish Armed Forces, Poland, 1939-1945",213198
5_Doomer/13993,Doomer,"Polish Soldier Doomer, Doomer, Poland, Polish Armed Forces",625536
5_Doomer/13994,Doomer,"Polish Soldier Doomer, Doomer, Poland, 1914-1918, Polish Armed Forces",416602
5_Doomer/13995,Doomer,"Pope Pius, Doomer, Religious Authority, Christianism, Vatican",27821
5_Doomer/13996,Doomer,"Post CCCP Doomer Russian, Doomer, Russia, Civilian (Teenager)",170691
5_Doomer/13997,Doomer,"Prussian Hussar, Doomer, Prussia, 1821-1914",1129825
5_Doomer/13998,Doomer,"Purple Mista, Doomer, Anime, JoJo's Bizarre Adventure",204974
5_Doomer/13999,Doomer,"Red Hair Doomer, Doomer, Civilian (Adult)",186589
5_Doomer/14000,Doomer,"Red Hoodie Doomer, Doomer, Civilian (Adult)",316068
5_Doomer/14001,Doomer,"Rhodesian Soldier Doomer, Doomer, Rhodesian Security Forces, Zimbabwe, 1970-1980",356965
5_Doomer/14002,Doomer,"Ricard, Doomer, Civilian (Teenager)",189415
5_Doomer/14003,Doomer,"Rick Grimes Season 5, Doomer, Movie and TV Show, The Walking Dead, Post Apocalyptic",98924
5_Doomer/14004,Doomer,"RNZA Gunner Vietnam, Doomer, Australia, Vietnam War, Australian Defence Force, 1970-1980",193359
5_Doomer/14005,Doomer,"Robert McNamara, Doomer, Video Game, First-Person Shooter, Call Of Duty, United States",205595
5_Doomer/14006,Doomer,"ROKA on duty, Doomer, Other Army (Asia), Korea, 1945-1950",879529
5_Doomer/14007,Doomer,"ROK Army Wojak, Doomer, Other Army (Asia), 1980-1990, Korea",208481
5_Doomer/14008,Doomer,"ROK Doomer, Doomer, Korea, Other Army (Asia)",493853
5_Doomer/14009,Doomer,"Roman Legion, Doomer, Roman Empire, Knight, -3000-476",126143
5_Doomer/14010,Doomer,"ROW Rybnik Wojak, Doomer, Poland, Sport",197534
5_Doomer/14011,Doomer,"Russel, Doomer, Video Game, Half Life",53474
5_Doomer/14012,Doomer,"Russian Black Guard Doomer, Doomer, Russia, Russian Armed Forces, Anarchism",58007
5_Doomer/14013,Doomer,"Russian Chechen War Veteran, Doomer, 2010-2020, Russia, Other Army (Europe)",544908
5_Doomer/14014,Doomer,"Russian Doomer, Doomer, Europe, 1990-2000, Russia",79475
5_Doomer/14015,Doomer,"Russian Doomer, Doomer, Russia, Europe, Asia",92176
5_Doomer/14016,Doomer,"Russian Doomer Soldier, Doomer, Russian Armed Forces, Russia, 1990-2000",63467
5_Doomer/14017,Doomer,"Russian Doomer Soldier, Doomer, 1990-2000, Russian Armed Forces, Russia",625042
5_Doomer/14018,Doomer,"Russian Doomer Soldier, Doomer, Russia, Russian Armed Forces, 1990-2000",249250
5_Doomer/14019,Doomer,"Russian FSB Doomer, Doomer, Russia, Russian Armed Forces",834463
5_Doomer/14020,Doomer,"Russian Nationalist, Doomer, Russia, Militia Forces",182320
5_Doomer/14021,Doomer,"Russian Soldier, Doomer, Russian Armed Forces, 1990-2000, Russia",202033
5_Doomer/14022,Doomer,"Russian Soldier, Doomer, Russian Armed Forces, 1990-2000, Russia",202549
5_Doomer/14023,Doomer,"Russian Soldier, Doomer, Russia",97234
5_Doomer/14024,Doomer,"Russian Soldier, Doomer, Russian Armed Forces, Russia",285401
5_Doomer/14025,Doomer,"Russian Soldier Doomer, Doomer, Russia, Russian Armed Forces, 2010-2020",723119
5_Doomer/14026,Doomer,"Russian Soldier Doomer, Doomer, Soviet Union, Red Army, 1980-1990",358718
5_Doomer/14027,Doomer,"Russian Soldier Doomer, Doomer, Soviet Union, Red Army, 1939-1945",268294
5_Doomer/14028,Doomer,"Russian Soldier Doomer, Doomer, Soviet Union, Red Army, 1939-1945",268294
5_Doomer/14029,Doomer,"Russian Soldier, Doomer, Russian Armed Forces, 1990-2000, Russia",202549
5_Doomer/14030,Doomer,"Sad French Policeman, Doomer, Rescue Services, France, 2010-2020",129630
5_Doomer/14031,Doomer,"SADF Troep, Doomer, South Africa, South African Defence Force",134509
5_Doomer/14032,Doomer,"Sad Guard of the Heer, Doomer, Deutsches Heer, The Third Reich, 1939-1945",56086
5_Doomer/14033,Doomer,"Sad Ottoman, Doomer, Ottoman Empire, Ottoman Army",111275
5_Doomer/14034,Doomer,"Sad VDV Wojak, Doomer, Russian Armed Forces, Russia",742509
5_Doomer/14035,Doomer,"Sad Wojak, Doomer, Civilian (Teenager)",189205
5_Doomer/14036,Doomer,"Saudi Doomer, Doomer, Middle East, Saudi Arabia",162483
5_Doomer/14037,Doomer,"Schutzstaffel Doomer With A Cup Of Coffe, Doomer, 1939-1945, National-Socialism, The Third Reich, Schutzstaffel",63419
5_Doomer/14038,Doomer,"Season 1 Rick Grimes, Doomer, Post Apocalyptic, Rescue Services, United States, The Walking Dead",741584
5_Doomer/14039,Doomer,"Serbian Dinara Division Soldier, Doomer, Serbian Armed Forces, Serbia, 1939-1945",126231
5_Doomer/14040,Doomer,"Serbian Panteri, Doomer, 1990-2000, Serbian Armed Forces, Serbia",972811
5_Doomer/14041,Doomer,"Serbian Soldier, Doomer, Serbian Armed Forces, Serbia, Yugoslavia",352825
5_Doomer/14042,Doomer,"Serbian Soldier, Doomer, Serbian Armed Forces, Serbia, 1990-2000",598052
5_Doomer/14043,Doomer,"Serbian WW1 , Doomer, Serbia, Serbian Armed Forces, 1914-1918",69011
5_Doomer/14044,Doomer,"simon, Doomer, Bundeswehr, Germany",252358
5_Doomer/14045,Doomer,"Sindhi, Doomer, Asia, Pakistan",169677
5_Doomer/14046,Doomer,"Skeleton wojak, Doomer, Injured and Dead",162916
5_Doomer/14047,Doomer,"Śląsk , Doomer, Ukraine, Armed Forces of Ukraine",627973
5_Doomer/14048,Doomer,"Smoking Doomer, Doomer, Civilian (Adult)",354047
5_Doomer/14049,Doomer,"Smoking Doomer, Doomer, Civilian (Adult)",61638
5_Doomer/14050,Doomer,"Smoking Doomer, Doomer, Civilian (Adult)",117310
5_Doomer/14051,Doomer,"Smoking Doomer, Doomer, Civilian (Adult)",260386
5_Doomer/14052,Doomer,"Smoking Doomer, Doomer, Civilian (Adult)",397947
5_Doomer/14053,Doomer,"Smoking Doomer, Doomer, Civilian (Adult)",136460
5_Doomer/14054,Doomer,"Smoking Doomer, Doomer, Civilian (Adult)",136460
5_Doomer/14055,Doomer,"Sniper, Doomer, Video Game, Team Fortress 2",329177
5_Doomer/14056,Doomer,"Snowjak, Doomer, The Third Reich, 1939-1945, Deutsches Heer",152115
5_Doomer/14057,Doomer,"Snufkin, Doomer, Cartoon, Fantasy, Finland",135706
5_Doomer/14058,Doomer,"Soldier, Doomer, Militia Forces",276894
5_Doomer/14059,Doomer,"Soldier, Doomer, Militia Forces",96388
5_Doomer/14060,Doomer,"Soldier, Doomer, Other Army (Europe), Europe",129078
5_Doomer/14061,Doomer,"Solid Snake, Doomer, Video Game, Nintendo, Metal Gear Solid",115012
5_Doomer/14062,Doomer,"Some Guy, Doomer, Civilian (Adult)",14829
5_Doomer/14063,Doomer,"South African Soldier, Doomer, South Africa, South African Defence Force, 1970-1980",31924
5_Doomer/14064,Doomer,"Soviet Guard Anarchist, Doomer, 1914-1918, Anarchism, Militia Forces, Soviet Union",164879
5_Doomer/14065,Doomer,"Soviet Soldier, Doomer, Red Army, Soviet Union, 1939-1945, Red Army",258285
5_Doomer/14066,Doomer,"Soviet Soldier, Doomer, 1939-1945, Soviet Union, Red Army",255988
5_Doomer/14067,Doomer,"Soviet Soldier Depressed, Doomer, Soviet Union, Red Army, 1939-1945",164580
5_Doomer/14068,Doomer,"Space Doomer, Doomer, Space, Futuristic",1166224
5_Doomer/14069,Doomer,"Space Doomer, Doomer, Space",338373
5_Doomer/14070,Doomer,"Space Doomer, Doomer, Space",340206
5_Doomer/14071,Doomer,"Space Vietnam Soldier, Doomer, Space, Vietnam War, United States, United States Army",286928
5_Doomer/14072,Doomer,"Stalingrad Doomer, Doomer, Militia Forces, Soviet Union, 1939-1945",121041
5_Doomer/14073,Doomer,"STALKERofBrain, Doomer, Ukraine, Civilian (Adult)",450709
5_Doomer/14074,Doomer,"S.T.A.L.K.E.R Survivalist, Doomer, Video Game, S.T.A.L.K.E.R",190306
5_Doomer/14075,Doomer,"Star Lord, Doomer, Comics, Marvel, Space",238700
5_Doomer/14076,Doomer,"Student During Pandemic, Doomer, Academic, 2020-2030",114379
5_Doomer/14077,Doomer,"Suicidal Wojak, Doomer, Injured and Dead",292995
5_Doomer/14078,Doomer,"Suicide MAGA, Doomer, Injured and Dead, MAGA, Authoritarian Right, United States, 2010-2020",483716
5_Doomer/14079,Doomer,"Suicide Wojak, Doomer, Injured and Dead",1571522
5_Doomer/14080,Doomer,"Summer Doomer, Doomer, Civilian (Teenager)",55254
5_Doomer/14081,Doomer,"Survivalist Couple, Doomer, Survivalism, Group, Militia Forces",329206
5_Doomer/14082,Doomer,"Survivalist Doomer, Doomer, Survivalism",335852
5_Doomer/14083,Doomer,"Survivalist Doomer, Doomer, Survivalism",189919
5_Doomer/14084,Doomer,"Survivalist Doomer, Doomer, Survivalism",189919
5_Doomer/14085,Doomer,"Survivalist, Doomer, Survivalism",759496
5_Doomer/14086,Doomer,"Syrian Doomer, Doomer, Middle East, Syria",128082
5_Doomer/14087,Doomer,"Tactical Wojak, Doomer, Militia Forces, 1990-2000",181614
5_Doomer/14088,Doomer,"Tarkov'd Doomer, Doomer, Russian Armed Forces, Russia, Video Game, Escape From Tarkov",158108
5_Doomer/14089,Doomer,"Teenage Doomer, Doomer, Civilian (Teenager)",47072
5_Doomer/14090,Doomer,"Teen Communist Doomer, Doomer, Political Compass, Authoritarian Left (Political Compass)",75878
5_Doomer/14091,Doomer,"Teen Doomer, Doomer, Civilian (Teenager)",126578
5_Doomer/14092,Doomer,"Teen Doomer, Doomer, Civilian (Teenager)",76259
5_Doomer/14093,Doomer,"Teen Doomer, Doomer, Civilian (Teenager)",64974
5_Doomer/14094,Doomer,"Teen Doomer, Doomer, Civilian (Teenager)",75478
5_Doomer/14095,Doomer,"Teen Doomer, Doomer, Civilian (Teenager)",160253
5_Doomer/14096,Doomer,"Teen Doomer, Doomer, Civilian (Teenager)",6379
5_Doomer/14097,Doomer,"Teen Girl Room, Doomer, Civilian (Teenager)",699635
5_Doomer/14098,Doomer,"Teen Redditor Girl Room, Doomer, Internet, Room",371203
5_Doomer/14099,Doomer,"That Guy In The Corner, Doomer, Internet, Post Apocalyptic",160248
5_Doomer/14100,Doomer,"The 18 Yr Old Military, Doomer, Video Game, S.T.A.L.K.E.R, Futuristic Army",284538
5_Doomer/14101,Doomer,"The 28 Yr Old Stalker, Doomer, Video Game, S.T.A.L.K.E.R, Futuristic Army",125451
5_Doomer/14102,Doomer,"The 30yr Old Sin Member, Doomer, Video Game, S.T.A.L.K.E.R, Monster",229309
5_Doomer/14103,Doomer,"The 35 Yr Old Bandit, Doomer, Video Game, S.T.A.L.K.E.R",172982
5_Doomer/14104,Doomer,"The Agent, Doomer, The Ever-Expanding Bunker, Masked",144898
5_Doomer/14105,Doomer,"The Agent, Doomer, The Ever-Expanding Bunker, Masked",144898
5_Doomer/14106,Doomer,"The Angry Whirler, Doomer, The Ever-Expanding Bunker, Monster, Whirler (The Ever-Expanding Bunker)",840751
5_Doomer/14107,Doomer,"The Batman Bruce Wayne, Doomer, DC, Comics, Movie and TV Show",57286
5_Doomer/14108,Doomer,"The Blue Bunker Officer, Doomer, The Ever-Expanding Bunker",235294
5_Doomer/14109,Doomer,"The Blue Bunker Soldier, Doomer, The Ever-Expanding Bunker",214029
5_Doomer/14110,Doomer,"The Boomer Monolith, Doomer, Video Game, S.T.A.L.K.E.R",256724
5_Doomer/14111,Doomer,"The Bunker Doomer, Doomer, The Ever-Expanding Bunker",71224
5_Doomer/14112,Doomer,"The Computer Concil, Doomer, The Ever-Expanding Bunker",136357
5_Doomer/14113,Doomer,"The Coprate Doomer Mercenary, Doomer, Video Game, S.T.A.L.K.E.R, Futuristic Army",223445
5_Doomer/14114,Doomer,"The Coup-Merc, Doomer, United States, 2000-2010, United States Army",406457
5_Doomer/14115,Doomer,"The Deacon, Doomer, Fantasy, Monarch",548278
5_Doomer/14116,Doomer,"The Detective, Doomer, 1960-1970, Rescue Services",495829
5_Doomer/14117,Doomer,"The Doomer Clear Sky, Doomer, Video Game, S.T.A.L.K.E.R, Militia Forces",255470
5_Doomer/14118,Doomer,"The Doomer Fodd, Doomer, Monster",241682
5_Doomer/14119,Doomer,"The Female Whirler, Doomer, The Ever-Expanding Bunker, Monster, Whirler (The Ever-Expanding Bunker)",1186654
5_Doomer/14120,Doomer,"The FP Captain, Doomer, Futuristic, Space",560539
5_Doomer/14121,Doomer,"The Gasmask Man, Doomer, The Ever-Expanding Bunker",105086
5_Doomer/14122,Doomer,"The Germophobe, Doomer, The Ever-Expanding Bunker, Medical",522454
5_Doomer/14123,Doomer,"The Giga Whirler, Doomer, The Ever-Expanding Bunker, Monster, Whirler (The Ever-Expanding Bunker)",5688
5_Doomer/14124,Doomer,"The Gizz Head Doomer, Doomer, 2010-2020, Music, Australia",122619
5_Doomer/14125,Doomer,"The Green Hat, Doomer, Fantasy, Futuristic",85665
5_Doomer/14126,Doomer,"The Hard To Die, Doomer, The Ever-Expanding Bunker, Movie and TV Show",144417
5_Doomer/14127,Doomer,"The Injured Blue Bunker Soldier, Doomer, The Ever-Expanding Bunker, Injured and Dead",678997
5_Doomer/14128,Doomer,"The Liberator, Doomer, The Ever-Expanding Bunker, Futuristic Army",165585
5_Doomer/14129,Doomer,"The Lone Hiker, Doomer, Sport, Post Apocalyptic",239019
5_Doomer/14130,Doomer,"The Magic Man, Doomer, The Ever-Expanding Bunker",89969
5_Doomer/14131,Doomer,"The Militia Man, Doomer, Post Apocalyptic",680935
5_Doomer/14132,Doomer,"The Monster Whirler, Doomer, The Ever-Expanding Bunker, Monster, Whirler (The Ever-Expanding Bunker)",6029
5_Doomer/14133,Doomer,"The Ninth Doctor, Doomer, Futuristic, Doctor Who",77666
5_Doomer/14134,Doomer,"Theodore Kaczynski, Doomer, Anarchism, United States, Liberal Left, 1990-2000",231432
5_Doomer/14135,Doomer,"Theodore Kaczynski, Doomer, Anarchism, United States, Liberal Left, 1990-2000",539000
5_Doomer/14136,Doomer,"The Old Hiker, Doomer, Sport",267479
5_Doomer/14137,Doomer,"The Peace Keeper, Doomer, Futuristic, Space, Religious Authority",759793
5_Doomer/14138,Doomer,"The Peasant, Doomer, The Ever-Expanding Bunker, Farm, Peasant",58641
5_Doomer/14139,Doomer,"The PPB Merch, Doomer, Futuristic, Space",561330
5_Doomer/14140,Doomer,"The Psycho Doomer, Doomer, Post Apocalyptic, Criminal",157637
5_Doomer/14141,Doomer,"The Revolutionnary, Doomer, Spanish Civil War, Spanish Republican Army, 1918-1939, Spain, Republican Side (Spanish Civil War)",395082
5_Doomer/14142,Doomer,"The Robot Whirler, Doomer, The Ever-Expanding Bunker, Monster, Whirler (The Ever-Expanding Bunker), Robot",1662582
5_Doomer/14143,Doomer,"The Royal Grenadier Guard of Württemberg in the Battle of Montereau (c. 1814), Doomer, Germany, Royal Prussian Army, 1789-1821",320510
5_Doomer/14144,Doomer,"The Separatist - Level 34, Doomer, The Ever-Expanding Bunker",88624
5_Doomer/14145,Doomer,"The Simple Soldier, Doomer, The Ever-Expanding Bunker",375579
5_Doomer/14146,Doomer,"The Solitarian, Doomer, Fantasy, Futuristic",63603
5_Doomer/14147,Doomer,"The Swirler, Doomer, The Ever-Expanding Bunker, Monster, Whirler (The Ever-Expanding Bunker), Ocean",1935329
5_Doomer/14148,Doomer,"The Tenth Doctor, Doomer, Futuristic, Doctor Who",152202
5_Doomer/14149,Doomer,"The Tired Soul, Doomer, Strange",196750
5_Doomer/14150,Doomer,"The Transitionner, Doomer, The Ever-Expanding Bunker, Monster, Whirler (The Ever-Expanding Bunker)",391226
5_Doomer/14151,Doomer,"The Ultra Whirler, Doomer, The Ever-Expanding Bunker, Monster, Whirler (The Ever-Expanding Bunker)",7249
5_Doomer/14152,Doomer,"The Veteran Medic Soldier - Level 74, Doomer, The Ever-Expanding Bunker, Guard (The Ever-Expanding Bunker), Medical",23460
5_Doomer/14153,Doomer,"The Veteran Paladin, Doomer, The Ever-Expanding Bunker, Paladin (The Ever-Expanding Bunker)",137146
5_Doomer/14154,Doomer,"The Veteran Paladin, Doomer, The Ever-Expanding Bunker, Paladin (The Ever-Expanding Bunker)",132993
5_Doomer/14155,Doomer,"The Veteran Paladin, Doomer, The Ever-Expanding Bunker, Paladin (The Ever-Expanding Bunker)",132993
5_Doomer/14156,Doomer,"The Wanderer, Doomer, The Ever-Expanding Bunker",41731
5_Doomer/14157,Doomer,"The Whirler, Doomer, The Ever-Expanding Bunker, Monster, Whirler (The Ever-Expanding Bunker)",2097512
5_Doomer/14158,Doomer,"The Whirler, Doomer, The Ever-Expanding Bunker, Monster, Whirler (The Ever-Expanding Bunker)",7049
5_Doomer/14159,Doomer,"The Whirler, Doomer, The Ever-Expanding Bunker, Monster, Whirler (The Ever-Expanding Bunker)",263972
5_Doomer/14160,Doomer,"The Whirler Guard, Doomer, The Ever-Expanding Bunker, Guard (The Ever-Expanding Bunker), Whirler (The Ever-Expanding Bunker), Monster",4949
5_Doomer/14161,Doomer,"The Young Whirler, Doomer, The Ever-Expanding Bunker, Monster, Whirler (The Ever-Expanding Bunker)",3054
5_Doomer/14162,Doomer,"¨This is my last year¨, Doomer, Civilian (Teenager)",111324
5_Doomer/14163,Doomer,"Thoonker, Doomer, Civilian (Adult)",226273
5_Doomer/14164,Doomer,"Tiananmen Square Protester, Doomer, 1980-1990, China, Injured and Dead",74522
5_Doomer/14165,Doomer,"Tired Alex, Doomer, Militia Forces",45998
5_Doomer/14166,Doomer,"Tired Cattle Rustler, Doomer, United States, Far West, 1821-1914",211706
5_Doomer/14167,Doomer,"Tired Gasmask Soldier, Doomer, United States Army, Other Army (Europe), Other Army (South And Central America), United States",229295
5_Doomer/14168,Doomer,"Tired Magav Wojak, Doomer, Israel, Israel Defense Forces",202308
5_Doomer/14169,Doomer,"Tired Office Wojak, Doomer, Employee, Corporation",11600
5_Doomer/14170,Doomer,"Tired Poilu, Doomer, France, Armée Française, 1914-1918",34526
5_Doomer/14171,Doomer,"Tired Worked, Doomer, Civilian (Adult)",231382
5_Doomer/14172,Doomer,"Tired Worker, Doomer, Worker, Worker Team (The Ever-Expanding Bunker), The Ever-Expanding Bunker",73768
5_Doomer/14173,Doomer,"Tony Stark, Doomer, Comics, Marvel",26500
5_Doomer/14174,Doomer,"Toomer, Doomer, Injured and Dead",520785
5_Doomer/14175,Doomer,"Train Worker, Doomer, Employee, Soviet Union, 1950-1960",100955
5_Doomer/14176,Doomer,"Traumatised German Soldier, Doomer, The Third Reich, 1939-1945, Deutsches Heer",20195
5_Doomer/14177,Doomer,"Traumatized Bosnian Soldier, Doomer, Bosnia and Herzegovina, Armed Forces of Bosnia and Herzegovina, Europe, 1990-2000",89543
5_Doomer/14178,Doomer,"Traumatized Soldier, Doomer, 1939-1945, Deutsches Heer, The Third Reich",314705
5_Doomer/14179,Doomer,"Travis Bickle (Taxi Driver), Doomer, Movie and TV Show, Criminal",364623
5_Doomer/14180,Doomer,"Turkish Commando Wojak, Doomer, Turkish Armed Forces, Turkey, 2010-2020",332120
5_Doomer/14181,Doomer,"Turkish Paratrooper Commando, Doomer, 1970-1980, Cyprus, Turkey, Turkish Armed Forces",106725
5_Doomer/14182,Doomer,"Turk Khilafatist Doomer, Doomer, Islam, Europe, Turkey",235700
5_Doomer/14183,Doomer,"Twitter User, Doomer, Internet",204083
5_Doomer/14184,Doomer,"Twitter User, Doomer, Internet",212905
5_Doomer/14185,Doomer,"Typical French Doomer, Doomer, France, 2000-2010, Europe",156610
5_Doomer/14186,Doomer,"Ugly Doomer, Doomer, Template",140342
5_Doomer/14187,Doomer,"Ukrainer soldier, Doomer, Ukraine",102502
5_Doomer/14188,Doomer,"Ukrainian Soldier, Doomer, Ukraine, Armed Forces of Ukraine",117051
5_Doomer/14189,Doomer,"Union Boy Doomer, Doomer, 1821-1914, United States, American Civil War, United States Army",182108
5_Doomer/14190,Doomer,"Union Doomer, Doomer, American Civil War, United States, 1821-1914, United States Army",106070
5_Doomer/14191,Doomer,"Urugaian from 2002, Doomer, Uruguay, South America",85944
5_Doomer/14192,Doomer,"US Agent, Doomer, Comics, Marvel, United States",62569
5_Doomer/14193,Doomer,"USA Sniper, Doomer, United States Army",107130
5_Doomer/14194,Doomer,"US Doomer Soldier, Doomer, United States Army, United States, 2000-2010",117773
5_Doomer/14195,Doomer,"USN Service Dress Doomer, Doomer, United States, United States Army, Ocean",57055
5_Doomer/14196,Doomer,"US Soldier in Iraq, Doomer, United States Army, United States, 2000-2010",356664
5_Doomer/14197,Doomer,"Uyghur Khilafatist Doomer, Doomer, Islam, Europe, Turkey",232291
5_Doomer/14198,Doomer,"VanillaDome, Doomer, Civilian (Teenager)",177949
5_Doomer/14199,Doomer,"Vans Doomer, Doomer, Civilian (Teenager)",53040
5_Doomer/14200,Doomer,"Victorian Doomer, Doomer, United Kingdom, 1821-1914, Nobility and Bourgeoisie",139741
5_Doomer/14201,Doomer,"Vietnam GI, Doomer, United States Army, 1960-1970, Vietnam War, United States",1120007
5_Doomer/14202,Doomer,"Vietnam GI, Doomer, United States Army, 1960-1970, Vietnam War, United States",1220472
5_Doomer/14203,Doomer,"Vietnam GI, Doomer, United States Army, 1960-1970, Vietnam War, United States",523152
5_Doomer/14204,Doomer,"Vietnam War US Troop, Doomer, 1960-1970, United States Army, Vietnam War, United States",108240
5_Doomer/14205,Doomer,"Vietnam War US Troop, Doomer, 1960-1970, United States Army, Vietnam War, United States",96248
5_Doomer/14206,Doomer,"Vietnam War US Troop, Doomer, 1960-1970, United States Army, Vietnam War, United States",456021
5_Doomer/14207,Doomer,"Vietnam War US Troop Squad, Doomer, United States Army, 1960-1970, Vietnam War, United States, Flamethrower Template, Group",226910
5_Doomer/14208,Doomer,"Vietnam Wojak, Doomer, United States, Vietnam War, People's Army of Vietnam, 1960-1970",38793
5_Doomer/14209,Doomer,"Vladimir Lenin, Doomer, Authoritarian Left, 1914-1918, Philosophy, General Secretary",64421
5_Doomer/14210,Doomer,"Volodimir Zelensky , Doomer, Ukraine, Liberal Right, 2010-2020, President",67235
5_Doomer/14211,Doomer,"Voodoo, Doomer, United States, Strange",271825
5_Doomer/14212,Doomer,"Vory V Zakon Wojak, Doomer, Russia, Criminal, 1990-2000",1296962
5_Doomer/14213,Doomer,"Vyazov, Doomer, Other Army (Europe), Terrorism, Authoritarian Right",421287
5_Doomer/14214,Doomer,"Waiting For The Bus, Doomer, Civilian (Adult)",66469
5_Doomer/14215,Doomer,"Walloon Doomer, Doomer, Europe, Belgium",252578
5_Doomer/14216,Doomer,"Walmart Worker, Doomer, Employee, Brands",446488
5_Doomer/14217,Doomer,"Wannabe Young, Doomer, Civilian (Teenager)",44795
5_Doomer/14218,Doomer,"Wheat Fields, Doomer, Farm",75750
5_Doomer/14219,Doomer,"Whirler, Doomer, The Ever-Expanding Bunker, Monster, Whirler (The Ever-Expanding Bunker)",40404
5_Doomer/14220,Doomer,"WH Sumpftarn Wojak, Doomer, 1939-1945, Germany",519434
5_Doomer/14221,Doomer,"Winter Front Wojak, Doomer, 1939-1945, Deutsches Heer, The Third Reich",98447
5_Doomer/14222,Doomer,"Withered Doomer, Doomer, Template",112262
5_Doomer/14223,Doomer,"Wojak Donetsk Separatist Passes You A Makarov, Doomer, Russia, Ukraine, Militia Forces",629026
5_Doomer/14224,Doomer,"Wolverine, Doomer, Comics, Marvel",306720
5_Doomer/14225,Doomer,"Woodland Doomer, Doomer, Civilian (Adult)",320452
5_Doomer/14226,Doomer,"Worker of the year, Doomer, Worker",45493
5_Doomer/14227,Doomer,"WWII Captain America, Doomer, Comics, Marvel, 1939-1945, United States",46407
5_Doomer/14228,Doomer,"Yankee, Doomer, Japan, Criminal, Full Body",435523
5_Doomer/14229,Doomer,"Yankee Doomer, Doomer, Japan, 1980-1990, Full Body",119974
5_Doomer/14230,Doomer,"Y.A.R.F Soldier, Doomer, Revolution, Militia Forces",179497
5_Doomer/14231,Doomer,"Young US Soldier, Doomer, 2000-2010, United States Army, United States",7352
5_Doomer/14232,Doomer,"Young US Soldier, Doomer, 2000-2010, United States Army, United States",244930
5_Doomer_Girl/2051,Doomer_Girl,"2000s Romanian Calm & Good Girl Wojak, Doomer Girl, Romania, Civilian (Adult)",73293
5_Doomer_Girl/2052,Doomer_Girl,"2000s Romanian Party Girl Wojak, Doomer Girl, Romania, Civilian (Adult)",64952
5_Doomer_Girl/2053,Doomer_Girl,"2B, Doomer Girl, Video Game, Nier Automata, Robot",113876
5_Doomer_Girl/2054,Doomer_Girl,"Aayla Secura, Doomer Girl, Movie and TV Show, Futuristic, Star Wars, Space",92887
5_Doomer_Girl/2055,Doomer_Girl,"Academic Doomer Girl, Doomer Girl, Civilian (Adult)",102405
5_Doomer_Girl/2056,Doomer_Girl,"Ahegao Doomer Girl, Doomer Girl, Internet, NSFW",22658
5_Doomer_Girl/2057,Doomer_Girl,"Akiyama Mio, Doomer Girl, Anime, Music, Full Body",228163
5_Doomer_Girl/2058,Doomer_Girl,"Akiyama Yukari, Doomer Girl, Anime, Girls Und Panzer",57053
5_Doomer_Girl/2059,Doomer_Girl,"Algerian Girl Supporter, Doomer Girl, Algeria, Africa, Sport",714780
5_Doomer_Girl/2060,Doomer_Girl,"Amy, Doomer Girl, Comics, Marvel",292516
5_Doomer_Girl/2061,Doomer_Girl,"Anarchist Doomer Girl, Doomer Girl, Anarchism",335511
5_Doomer_Girl/2062,Doomer_Girl,"Anarchist Doomer Girl, Doomer Girl, Anarchism, Liberal Left",193739
5_Doomer_Girl/2063,Doomer_Girl,"Ancient Babylonian Girl, Doomer Girl, -3000-476, Iraq",179322
5_Doomer_Girl/2064,Doomer_Girl,"Ancient Egyptian Girl, Doomer Girl, Ancient Egypt, -3000-476",119366
5_Doomer_Girl/2065,Doomer_Girl,"Ancient Egyptian Girl, Doomer Girl, Ancient Egypt, -3000-476, Monarch",207972
5_Doomer_Girl/2066,Doomer_Girl,"Ancient Finnic Girl, Doomer Girl, -3000-476, Finland",159490
5_Doomer_Girl/2067,Doomer_Girl,"Ancient Germanic Girl, Doomer Girl, -3000-476, Germany",161952
5_Doomer_Girl/2068,Doomer_Girl,"Ancient Greek Girl, Doomer Girl, Greece, -3000-476",155650
5_Doomer_Girl/2069,Doomer_Girl,"Ancient Persian Girl, Doomer Girl, -3000-476, Iran",132716
5_Doomer_Girl/2070,Doomer_Girl,"Ancient Roman Girl, Doomer Girl, Roman Empire, -3000-476",146887
5_Doomer_Girl/2071,Doomer_Girl,"Ancient Scythian Girl, Doomer Girl, -3000-476, Russia, Autochthonous",782964
5_Doomer_Girl/2072,Doomer_Girl,"Andou Doomer Girl, Doomer Girl, Anime, Girls Und Panzer, France",70791
5_Doomer_Girl/2073,Doomer_Girl,"Angel Doomer Girl, Doomer Girl, Christianism, Mythology",284706
5_Doomer_Girl/2074,Doomer_Girl,"Angry Anime Girl, Doomer Girl, Anime",106574
5_Doomer_Girl/2075,Doomer_Girl,"Anime Maid Doomer Girl, Doomer Girl, Full Body, Anime, Employee",287505
5_Doomer_Girl/2076,Doomer_Girl,"Annah, Doomer Girl, Fantasy, Fall From Grace",167587
5_Doomer_Girl/2077,Doomer_Girl,"Anne Hidalgo, Doomer Girl, France, 2010-2020, Liberal Left",80740
5_Doomer_Girl/2078,Doomer_Girl,"Arabella’s Jewish Girl, Doomer Girl, Israel, Judaism",429345
5_Doomer_Girl/2079,Doomer_Girl,"Ara Fusilli Sims 2, Doomer Girl, Video Game, Civilian (Teenager)",85856
5_Doomer_Girl/2080,Doomer_Girl,"Armenian Soldier (Female), Doomer Girl, Armenia, Other Army (Caucasus), 1990-2000",433989
5_Doomer_Girl/2081,Doomer_Girl,"Ashbie Doomer Girl, Doomer Girl, Template",92339
5_Doomer_Girl/2082,Doomer_Girl,"Ashley Graves, Doomer Girl, Civilian (Teenager)",70246
5_Doomer_Girl/2083,Doomer_Girl,"Asian Girl, Doomer Girl, Civilian (Teenager), Asia",76047
5_Doomer_Girl/2084,Doomer_Girl,"Asian Girl, Doomer Girl, Asia, Civilian (Teenager)",192750
5_Doomer_Girl/2085,Doomer_Girl,"Assam, Doomer Girl, Anime, Girls Und Panzer",23224
5_Doomer_Girl/2086,Doomer_Girl,"Astolfo, Doomer Girl, Anime, Fate, LGBT+",387233
5_Doomer_Girl/2087,Doomer_Girl,"Asuka Langley, Doomer Girl, Anime, Evangelion",103241
5_Doomer_Girl/2088,Doomer_Girl,"Ava Kadavra (Sims 2), Doomer Girl, Video Game, CIvilian (Teenager)",240157
5_Doomer_Girl/2089,Doomer_Girl,"Baba (with mask on), Doomer Girl, Masked, Russia",244237
5_Doomer_Girl/2090,Doomer_Girl,"Badass Doomer Girl, Doomer Girl, Militia Forces, 2010-2020",85478
5_Doomer_Girl/2091,Doomer_Girl,"Bad girl, Doomer Girl, Civilian (Teenager)",99895
5_Doomer_Girl/2092,Doomer_Girl,"Bangali Girl, Doomer Girl, Bangladesh, Asia",146570
5_Doomer_Girl/2093,Doomer_Girl,"Battle of Berlin, Doomer Girl, 1939-1945",224447
5_Doomer_Girl/2094,Doomer_Girl,"BBC Addict Doomer Girl, Doomer Girl, NSFW",71303
5_Doomer_Girl/2095,Doomer_Girl,"Beatriz de Portugal, Doomer Girl, Portugal, Monarch, 476-1492",144253
5_Doomer_Girl/2096,Doomer_Girl,"Belle Delphine, Doomer Girl, Internet, NSFW",860612
5_Doomer_Girl/2097,Doomer_Girl,"Bi Color Hair Doomer Girl, Doomer Girl, Civilian (Teenager)",152553
5_Doomer_Girl/2098,Doomer_Girl,"Bi Doomer Girl, Doomer Girl, LGBT+",255319
5_Doomer_Girl/2099,Doomer_Girl,"Black Female Soldier, Doomer Girl, Africa, Other Army (Africa)",93961
5_Doomer_Girl/2100,Doomer_Girl,"Black Metal-Head Girl , Doomer Girl, Scandinavia, Music, 1980-1990",425633
5_Doomer_Girl/2101,Doomer_Girl,"Black Widow, Doomer Girl, Comics, Marvel",488151
5_Doomer_Girl/2102,Doomer_Girl,"Black Woman, Doomer Girl, Civilian (Adult)",165315
5_Doomer_Girl/2103,Doomer_Girl,"Blonde Doomer Girl, Doomer Girl, Civilian (Teenager)",730243
5_Doomer_Girl/2104,Doomer_Girl,"Bloody Elf, Doomer Girl, Fantasy, Elf",493314
5_Doomer_Girl/2105,Doomer_Girl,"Bloomer Doomer Girl, Doomer Girl, Civilian (Teenager)",344270
5_Doomer_Girl/2106,Doomer_Girl,"Bloomer Girl, Doomer Girl, Civilian (Adult)",118849
5_Doomer_Girl/2107,Doomer_Girl,"Blue, Doomer Girl, Internet",75341
5_Doomer_Girl/2108,Doomer_Girl,"Brown Hair Doomer Girl, Doomer Girl, Civilian (Teenager)",50334
5_Doomer_Girl/2109,Doomer_Girl,"Brown Smoking Doomer Girl, Doomer Girl, Civilian (Teenager)",127969
5_Doomer_Girl/2110,Doomer_Girl,"Brown Tomboy, Doomer Girl, Civilian (Teenager)",264053
5_Doomer_Girl/2111,Doomer_Girl,"Buff Doomer Girl, Doomer Girl, Sport",104395
5_Doomer_Girl/2112,Doomer_Girl,"Buff Doomer Girl, Doomer Girl, Sport",273846
5_Doomer_Girl/2113,Doomer_Girl,"Buff Doomer Girl, Doomer Girl, Sport",924844
5_Doomer_Girl/2114,Doomer_Girl,"Carppacio, Doomer Girl, Anime, Girls Und Panzer, Italy",46936
5_Doomer_Girl/2115,Doomer_Girl,"Catholic Doomer Girl, Doomer Girl, Christianism",53767
5_Doomer_Girl/2116,Doomer_Girl,"Chad Trad Boywife, Doomer Girl, Germany, Red Army, 1970-1980",145381
5_Doomer_Girl/2117,Doomer_Girl,"Chell, Doomer Girl, Video Game, Half Life",108190
5_Doomer_Girl/2118,Doomer_Girl,"Chiaki Nanami, Doomer Girl, Video Game, Danganronpa",191116
5_Doomer_Girl/2119,Doomer_Girl,"Chinese Doomer GIrl, Doomer Girl, China, Asia",32615
5_Doomer_Girl/2120,Doomer_Girl,"Cleopatra , Doomer Girl, Monarch, Ancient Egypt, -3000-476, Monarch",358417
5_Doomer_Girl/2121,Doomer_Girl,"Computer Doomer girl, Doomer Girl, Template, Room",89822
5_Doomer_Girl/2122,Doomer_Girl,"Conservative Worker Girl(USA, Doomer Girl, Worker, United States, MAGA, Authoritarian Right",135836
5_Doomer_Girl/2123,Doomer_Girl,"Coworker Frens, Doomer Girl, Civilian (Teenager), Ellie, Group",1529094
5_Doomer_Girl/2124,Doomer_Girl,"Crippled Woman, Doomer Girl, Injured and Dead, Civilian (Adult)",645072
5_Doomer_Girl/2125,Doomer_Girl,"Crying Doomer Girl, Doomer Girl, Template",129995
5_Doomer_Girl/2126,Doomer_Girl,"CumFuta, Doomer Girl, The Ever-Expanding Bunker, Robot",548347
5_Doomer_Girl/2127,Doomer_Girl,"Cute Doomer Girl, Doomer Girl, Civilian (Teenager)",178496
5_Doomer_Girl/2128,Doomer_Girl,"Cybergoth , Doomer Girl, Cyberpunk 2077, Futuristic",401234
5_Doomer_Girl/2129,Doomer_Girl,"Cybergoth, Doomer Girl, Music, 1990-2000",2272365
5_Doomer_Girl/2130,Doomer_Girl,"Dancing Fancy Doomer Girl, Doomer Girl, 1918-1939",249590
5_Doomer_Girl/2131,Doomer_Girl,"Dark Samus, Doomer Girl, Nintendo, Video Game, Metroid",127817
5_Doomer_Girl/2132,Doomer_Girl,"Deathrocker girl, Doomer Girl, United States, Music",916615
5_Doomer_Girl/2133,Doomer_Girl,"Décora Fashion Girl , Doomer Girl, Japan, Civilian (Teenager), Full Body",1342044
5_Doomer_Girl/2134,Doomer_Girl,"Decore Doomer Girl, Doomer Girl, Civilian (Teenager)",164627
5_Doomer_Girl/2135,Doomer_Girl,"Derpina, Doomer Girl, Internet, Meme",77930
5_Doomer_Girl/2136,Doomer_Girl,"Diona, Doomer Girl, Video Game, Genshin Impact",234510
5_Doomer_Girl/2137,Doomer_Girl,"Doomer Alt Girl Koume, Doomer Girl, Anime, Girls Und Panzer",19163
5_Doomer_Girl/2138,Doomer_Girl,"Doomer Enby, Doomer Girl, LGBT+",79137
5_Doomer_Girl/2139,Doomer_Girl,"Doomer Gamer Girl, Doomer Girl, Video Game, Internet",539619
5_Doomer_Girl/2140,Doomer_Girl,"Doomer Girl, Doomer Girl, Template",53327
5_Doomer_Girl/2141,Doomer_Girl,"Doomer girl, Doomer Girl, Full Body, Civilian (Teenager)",344674
5_Doomer_Girl/2142,Doomer_Girl,"Doomer Girl, Doomer Girl, Civilian (Adult)",12777
5_Doomer_Girl/2143,Doomer_Girl,"Doomer Girl, Doomer Girl, Civilian (Teenager)",453954
5_Doomer_Girl/2144,Doomer_Girl,"Doomer Girl, Doomer Girl, Civilian (Teenager)",360054
5_Doomer_Girl/2145,Doomer_Girl,"Doomer Girl, Doomer Girl, Civilian (Teenager)",699985
5_Doomer_Girl/2146,Doomer_Girl,"Doomer Girl, Doomer Girl, Template, Civilian (Teenager), Full Body",151768
5_Doomer_Girl/2147,Doomer_Girl,"Doomer Girl, Doomer Girl, Civilian (Teenager)",122040
5_Doomer_Girl/2148,Doomer_Girl,"Doomer Girl, Doomer Girl, Civilian (Teenager)",63874
5_Doomer_Girl/2149,Doomer_Girl,"Doomer Girl, Doomer Girl, Civilian (Teenager)",191116
5_Doomer_Girl/2150,Doomer_Girl,"Doomer Girl, Doomer Girl, Civilian (Teenager)",86330
5_Doomer_Girl/2151,Doomer_Girl,"Doomer Girl, Doomer Girl, Civilian (Teenager)",56334
5_Doomer_Girl/2152,Doomer_Girl,"Doomer Girl, Doomer Girl, Civilian (Teenager)",355704
5_Doomer_Girl/2153,Doomer_Girl,"Doomer Girl, Doomer Girl, Civilian (Teenager)",129703
5_Doomer_Girl/2154,Doomer_Girl,"Doomer Girl Alt, Doomer Girl, Template",78750
5_Doomer_Girl/2155,Doomer_Girl,"Doomer Girl Alt Template, Doomer Girl, Template",122051
5_Doomer_Girl/2156,Doomer_Girl,"Doomer Girl Construction, Doomer Girl, Worker, Worker Team (The Ever-Expanding Bunker), The Ever-Expanding Bunker",398019
5_Doomer_Girl/2157,Doomer_Girl,"Doomer Girl Construction, Doomer Girl, Worker, Worker Team (The Ever-Expanding Bunker), The Ever-Expanding Bunker",552124
5_Doomer_Girl/2158,Doomer_Girl,"Doomer Girl Construction, Doomer Girl, Worker, Worker Team (The Ever-Expanding Bunker), The Ever-Expanding Bunker",552124
5_Doomer_Girl/2159,Doomer_Girl,"Doomer Girl HD, Doomer Girl, Template",353883
5_Doomer_Girl/2160,Doomer_Girl,"Doomer Girl Hooker, Doomer Girl, Template",392335
5_Doomer_Girl/2161,Doomer_Girl,"Doomer girl in crop top and jacket , Doomer Girl, Civilian (Teenager)",193109
5_Doomer_Girl/2162,Doomer_Girl,"Doomer Girl Jedi, Doomer Girl, Movie and TV Show, Futuristic, Star Wars, Space",53654
5_Doomer_Girl/2163,Doomer_Girl,"Doomer Girl (Marguerite) by Henri Matisse, Doomer Girl, Art",799141
5_Doomer_Girl/2164,Doomer_Girl,"Doomer Girl Neko, Doomer Girl, Nekomimi",55289
5_Doomer_Girl/2165,Doomer_Girl,"Doomer Girl, Doomer Girl, Civilian (Teenager)",699985
5_Doomer_Girl/2166,Doomer_Girl,"Doomer Girl Pressing a Buzzer, Doomer Girl, Civilian (Teenager), GIF",45800
5_Doomer_Girl/2167,Doomer_Girl,"Doomer Girl Red Head, Doomer Girl, Civilian (Teenager)",196465
5_Doomer_Girl/2168,Doomer_Girl,"Doomer Girl Shower, Doomer Girl, NSFW",92046
5_Doomer_Girl/2169,Doomer_Girl,"Doomer Girl Showing Her Boobies, Doomer Girl, NSFW",33675
5_Doomer_Girl/2170,Doomer_Girl,"Doomer Girl Shroomjak, Doomer Girl, Template",26218
5_Doomer_Girl/2171,Doomer_Girl,"Doomer Girl Sunglasses, Doomer Girl, Civilian (Teenager)",95023
5_Doomer_Girl/2172,Doomer_Girl,"Doomer Girl Template, Doomer Girl, Template",110168
5_Doomer_Girl/2173,Doomer_Girl,"Doomer Girl Template No Color, Doomer Girl, Template",18264
5_Doomer_Girl/2174,Doomer_Girl,"Doomer Girl Template Only Face, Doomer Girl, Template",52864
5_Doomer_Girl/2175,Doomer_Girl,"Doomer Girl Viking, Doomer Girl, 476-1492, Viking, Scandinavia",209833
5_Doomer_Girl/2176,Doomer_Girl,"Doomer Girl Warhammer 40k, Doomer Girl, Video Game, Warhammer",104341
5_Doomer_Girl/2177,Doomer_Girl,"Doomer Girl With A Beannie, Doomer Girl, Civilian (Teenager)",38322
5_Doomer_Girl/2178,Doomer_Girl,"Doomer Girl With Glasses, Doomer Girl, Civilian (Teenager)",137675
5_Doomer_Girl/2179,Doomer_Girl,"Doomer Spanish Reporter Girl, Doomer Girl, Spanish Civil War, Spain, 1918-1939",45834
5_Doomer_Girl/2180,Doomer_Girl,"Doomer Tradgirl, Doomer Girl, Civilian (Adult)",62287
5_Doomer_Girl/2181,Doomer_Girl,"Doomer VSCO Girl, Doomer Girl, Civilian (Teenager)",499860
5_Doomer_Girl/2182,Doomer_Girl,"E-boy, Doomer Girl, 2020-2030, Internet, Social Media",552803
5_Doomer_Girl/2183,Doomer_Girl,"E-girl, Doomer Girl, 2020-2030, Internet, Social Media",1015853
5_Doomer_Girl/2184,Doomer_Girl,"E-Girl Doomer Girl, Doomer Girl, Internet, Civilian (Teenager)",670136
5_Doomer_Girl/2185,Doomer_Girl,"Egyptian Girl, Doomer Girl, Ancient Egypt, -3000-476",146751
5_Doomer_Girl/2186,Doomer_Girl,"Elder Soong Ching-Ling  , Doomer Girl, China, Authoritarian Left, 1950-1960, 1960-1970",201916
5_Doomer_Girl/2187,Doomer_Girl,"Elena Ceaușescu, Doomer Girl, Authoritarian Left, Romania, 1980-1990, Political Figure",258369
5_Doomer_Girl/2188,Doomer_Girl,"Elfic Doomer Girl, Doomer Girl, Fantasy, Elf",170898
5_Doomer_Girl/2189,Doomer_Girl,"Elizabeth Comstock, Doomer Girl, Steampunk, Bioshock, Ocean",41027
5_Doomer_Girl/2190,Doomer_Girl,"Elizabeth of York, Doomer Girl, 1492-1789, United Kingdom, Monarch",233467
5_Doomer_Girl/2191,Doomer_Girl,"Elliel Neko, Doomer Girl, Nekomimi, Ellie",68897
5_Doomer_Girl/2192,Doomer_Girl,"Ellie, Doomer Girl, Ellie, Template",149968
5_Doomer_Girl/2193,Doomer_Girl,"Elvira Hancock (Scarface), Doomer Girl, Movie and TV Show, 1980-1990, Criminal",159737
5_Doomer_Girl/2194,Doomer_Girl,"Emma, Doomer Girl, Belgium, Authoritarian Right, 2020-2030, Internet",35325
5_Doomer_Girl/2195,Doomer_Girl,"Emma in a Plusle Costume, Doomer Girl, Internet, Nintendo, Video Game, Pokemon, Belgium",34387
5_Doomer_Girl/2196,Doomer_Girl,"Emo Doomer Girl, Doomer Girl, Civilian (Teenager)",78181
5_Doomer_Girl/2197,Doomer_Girl,"Emo Doomer Girl, Doomer Girl, Civilian (Teenager)",81258
5_Doomer_Girl/2198,Doomer_Girl,"Emo Doomer Girl, Doomer Girl, Civilian (Teenager)",29579
5_Doomer_Girl/2199,Doomer_Girl,"Emo Doomer Girl, Doomer Girl, Civilian (Teenager)",81258
5_Doomer_Girl/2200,Doomer_Girl,"Emo Girl, Doomer Girl, Civilian (Teenager)",381301
5_Doomer_Girl/2201,Doomer_Girl,"Emo Rabbit Doomer Girl, Doomer Girl, Civilian (Teenager)",114276
5_Doomer_Girl/2202,Doomer_Girl,"Erika, Doomer Girl, Civilian (Adult), Germany",128482
5_Doomer_Girl/2203,Doomer_Girl,"Fantasy Doomer Girl, Doomer Girl, Fantasy",200482
5_Doomer_Girl/2204,Doomer_Girl,"Fantasy Doomer Girl, Doomer Girl, Fantasy",200482
5_Doomer_Girl/2205,Doomer_Girl,"Fat Doomer Girl, Doomer Girl, Full Body",361830
5_Doomer_Girl/2206,Doomer_Girl,"Fat Doomer Girl, Doomer Girl, Template",357031
5_Doomer_Girl/2207,Doomer_Girl,"Fate Testarossa (Magical Girl Lyrical Nanoha), Doomer Girl, Anime",116754
5_Doomer_Girl/2208,Doomer_Girl,"Female DDR Officer , Doomer Girl, Germany, 1960-1970, Full Body, Red Army",558664
5_Doomer_Girl/2209,Doomer_Girl,"Female DPRK Soldier, Doomer Girl, Korea, 1990-2000, People's Army of Korea",581831
5_Doomer_Girl/2210,Doomer_Girl,"Female Yugoslav Partizan , Doomer Girl, Yugoslavia, 1939-1945, Yugoslav People's Army, Red Army",496974
5_Doomer_Girl/2211,Doomer_Girl,"Finnish Doomer Girl, Doomer Girl, Scandinavia, Europe, Finland",97284
5_Doomer_Girl/2212,Doomer_Girl,"Fiona, Doomer Girl, Movie and TV Show, Shrek",47164
5_Doomer_Girl/2213,Doomer_Girl,"Flower Girl, Doomer Girl, The Ever-Expanding Bunker",316185
5_Doomer_Girl/2214,Doomer_Girl,"Foomer Woman, Doomer Girl, The Ever-Expanding Bunker",1260391
5_Doomer_Girl/2215,Doomer_Girl,"Frida Kahlo, Doomer Girl, 1918-1939, Art, Mexico",68093
5_Doomer_Girl/2216,Doomer_Girl,"Full Body Doomer Girl, Doomer Girl, Civilian (Teenager), Full Body",120401
5_Doomer_Girl/2217,Doomer_Girl,"Furry Doomer Girl, Doomer Girl, Internet",348469
5_Doomer_Girl/2218,Doomer_Girl,"Gabber Girl, Doomer Girl, Netherlands, Music",747858
5_Doomer_Girl/2219,Doomer_Girl,"Gaemon Palehair and his Moms (Dance of the Dragons), Doomer Girl, Fantasy, Game of Thrones, Group, Game of Thrones",125050
5_Doomer_Girl/2220,Doomer_Girl,"General Doomer Girl, Doomer Girl, Political Compass",125534
5_Doomer_Girl/2221,Doomer_Girl,"Girlfriend Indonesian Girl Variant, Doomer Girl, Civilian (Teenager), Indonesia",100255
5_Doomer_Girl/2222,Doomer_Girl,"Girls laughing, Doomer Girl, Group, Civilian (Teenager)",154790
5_Doomer_Girl/2223,Doomer_Girl,"Girl Twinkjak With Frog Bob, Doomer Girl, Civilian (Teenager)",293472
5_Doomer_Girl/2224,Doomer_Girl,"Glasses Doomer Girl, Doomer Girl, Civilian (Teenager)",134434
5_Doomer_Girl/2225,Doomer_Girl,"Glasses Doomer girl with M16A1 and Polish underground state helmet , Doomer Girl, Militia Forces",478147
5_Doomer_Girl/2226,Doomer_Girl,"Goblin Girl, Doomer Girl, Fantasy, Monster",100869
5_Doomer_Girl/2227,Doomer_Girl,"Goblin Girl, Doomer Girl, Fantasy, Monster",114056
5_Doomer_Girl/2228,Doomer_Girl,"Goblin Girl, Doomer Girl, Fantasy, Monster",114709
5_Doomer_Girl/2229,Doomer_Girl,"Goblin Girl, Doomer Girl, Fantasy, Monster",114709
5_Doomer_Girl/2230,Doomer_Girl,"Goth Doomer Girl, Doomer Girl, Civilian (Teenager)",141368
5_Doomer_Girl/2231,Doomer_Girl,"Goth Doomer Girl, Doomer Girl, Fantasy, Elf",216272
5_Doomer_Girl/2232,Doomer_Girl,"Goth Girl, Doomer Girl, CIvilian (Teenager)",160569
5_Doomer_Girl/2233,Doomer_Girl,"Gothic Doomer Girl, Doomer Girl, Civilian (Teenager)",318345
5_Doomer_Girl/2234,Doomer_Girl,"Gothic Lolita Doomer Girl, Doomer Girl, Civilian (Teenager)",725137
5_Doomer_Girl/2235,Doomer_Girl,"Green beret Doomer girl in sniper wolf suit with Famas , Doomer Girl, Militia Forces",362349
5_Doomer_Girl/2236,Doomer_Girl,"Green Hair Doomer Girl, Doomer Girl, Civilian (Teenager)",61909
5_Doomer_Girl/2237,Doomer_Girl,"Greta Gerwig, Doomer Girl, Movie and TV Show, 2010-2020, United States",42093
5_Doomer_Girl/2238,Doomer_Girl,"Guatemala Doomer, Doomer Girl, Guatemala, Central America",121338
5_Doomer_Girl/2239,Doomer_Girl,"Guessrjak, Doomer Girl, Civilian (Teenager), Internet",125982
5_Doomer_Girl/2240,Doomer_Girl,"Gun-Wielding Female Doomer, Doomer Girl, Civilian (Adult)",82414
5_Doomer_Girl/2241,Doomer_Girl,"Gwen Stacy, Doomer Girl, Comics, Marvel",58993
5_Doomer_Girl/2242,Doomer_Girl,"Gyaru , Doomer Girl, Japan, 2000-2010",540045
5_Doomer_Girl/2243,Doomer_Girl,"Gypsy girl, Doomer Girl, Europe, Full Body, Romania",941067
5_Doomer_Girl/2244,Doomer_Girl,"Haibara AI (Detective Conan), Doomer Girl, Anime",53059
5_Doomer_Girl/2245,Doomer_Girl,"Hanako-San, Doomer Girl, Japan, Monster, Strange",225667
5_Doomer_Girl/2246,Doomer_Girl,"Happy Doomer Girl Alt, Doomer Girl, Template",57864
5_Doomer_Girl/2247,Doomer_Girl,"Happy Doomer Girl Alt, Doomer Girl, Template",134316
5_Doomer_Girl/2248,Doomer_Girl,"Happy Doomer Girl Alt, Doomer Girl, Template",134316
5_Doomer_Girl/2249,Doomer_Girl,"Happy Doomer Girl Fantasy, Doomer Girl, Fantasy",280322
5_Doomer_Girl/2250,Doomer_Girl,"Happy Doomer Girl, Doomer Girl, Template",162564
5_Doomer_Girl/2251,Doomer_Girl,"Happy Ellie, Doomer Girl, Ellie, Civilian (Teenager)",218509
5_Doomer_Girl/2252,Doomer_Girl,"Happy Ellie, Doomer Girl, Civilian (Teenager), Ellie",136630
5_Doomer_Girl/2253,Doomer_Girl,"Happy Hijabi Doomer, Doomer Girl, Middle East, Islam",162702
5_Doomer_Girl/2254,Doomer_Girl,"happy hippie girl, Doomer Girl, Music, 1970-1980, United States",1196491
5_Doomer_Girl/2255,Doomer_Girl,"Happy Teen Doomer Girl, Doomer Girl, Civilian (Adult)",182232
5_Doomer_Girl/2256,Doomer_Girl,"Harry Potter Couple, Doomer Girl, Fantasy, Movie and TV Show, Group, Harry Potter",244243
5_Doomer_Girl/2257,Doomer_Girl,"Heather (Silent Hill), Doomer Girl, Video Game",60355
5_Doomer_Girl/2258,Doomer_Girl,"Hentai Doomer Girl, Doomer Girl, France, Anime, Japan, NSFW",242883
5_Doomer_Girl/2259,Doomer_Girl,"Himeno, Doomer Girl, Anime, Chainsaw Man",93333
5_Doomer_Girl/2260,Doomer_Girl,"Himiko Toga, Doomer Girl, Anime, My Hero Academia",183062
5_Doomer_Girl/2261,Doomer_Girl,"Hippie Doomer Girl, Doomer Girl, United States, Liberal Left, Vietnam War, 1960-1970",193770
5_Doomer_Girl/2262,Doomer_Girl,"Hirasawa Yui (K-ON), Doomer Girl, Full Body, Music, Anime",267030
5_Doomer_Girl/2263,Doomer_Girl,"Hlinka Wife, Doomer Girl, Slovakia, Schutzstaffel, 1939-1945",66260
5_Doomer_Girl/2264,Doomer_Girl,"Holover, Doomer Girl, Internet",78078
5_Doomer_Girl/2265,Doomer_Girl,"Hu Tao, Doomer Girl, Genshin Impact, Video Game",327164
5_Doomer_Girl/2266,Doomer_Girl,"IGNIS Doomer Girl, Doomer Girl, The Ever-Expanding Bunker, IGNIS (The Ever-Expanding Bunker)",334484
5_Doomer_Girl/2267,Doomer_Girl,"Indonesian Girl Student senior high school, Doomer Girl, Indonesia, Academic",570876
5_Doomer_Girl/2268,Doomer_Girl,"Inked Teen, Doomer Girl, Civilian (Teenager)",431639
5_Doomer_Girl/2269,Doomer_Girl,"Integra, Doomer Girl, Anime, Japan",86831
5_Doomer_Girl/2270,Doomer_Girl,"Irène de Trébert , Doomer Girl, Music, France, 1939-1945, Movie and TV Show",557492
5_Doomer_Girl/2271,Doomer_Girl,"Isabel I , Doomer Girl, Spain, Monarch, 476-1492, 1492-1789",149579
5_Doomer_Girl/2272,Doomer_Girl,"Islamist Maoist, Doomer Girl, Islam, Authoritarian Left (Political Compass), Terrorism",262269
5_Doomer_Girl/2273,Doomer_Girl,"Istar, Doomer Girl, Iraq, -3000-476, Mythology",229021
5_Doomer_Girl/2274,Doomer_Girl,"Jeanne d'Arc , Doomer Girl, France, 476-1492, Christianism, Knight, Full Body",693949
5_Doomer_Girl/2275,Doomer_Girl,"Jeanne d'Arc, Doomer Girl, Knight, 476-1492, Christianism, France",170584
5_Doomer_Girl/2276,Doomer_Girl,"Jenny, Doomer Girl, Rescue Services",128083
5_Doomer_Girl/2277,Doomer_Girl,"Jew Girl Ancient, Doomer Girl, Judaism, Israel, -3000-476",126835
5_Doomer_Girl/2278,Doomer_Girl,"Jinx, Doomer Girl, Video Game, League of Legends",317808
5_Doomer_Girl/2279,Doomer_Girl,"Jinx, Doomer Girl, Video Game, League of Legends",51140
5_Doomer_Girl/2280,Doomer_Girl,"Joker, Doomer Girl, Comics, DC",192532
5_Doomer_Girl/2281,Doomer_Girl,"Joker Doomer Girl, Doomer Girl, Comics, DC, Criminal",149006
5_Doomer_Girl/2282,Doomer_Girl,"Joker, Doomer Girl, Comics, DC",192532
5_Doomer_Girl/2283,Doomer_Girl,"Joséphine Baker, Doomer Girl, United States, France, 1939-1945, French Resistance",24390
5_Doomer_Girl/2284,Doomer_Girl,"Juana I, Doomer Girl, Spain, Monarch, 1492-1789",1149704
5_Doomer_Girl/2285,Doomer_Girl,"Julie Yamamoto, Doomer Girl, Cartoon, Ben 10",160994
5_Doomer_Girl/2286,Doomer_Girl,"Junko Enoshima, Doomer Girl, Video Game, Danganronpa",286088
5_Doomer_Girl/2287,Doomer_Girl,"Kai'sa, Doomer Girl, Video Game, League of Legends",59070
5_Doomer_Girl/2288,Doomer_Girl,"Kawai Doomer Girl, Doomer Girl, Civilian (Teenager)",58710
5_Doomer_Girl/2289,Doomer_Girl,"Kawai Doomer Girl, Doomer Girl, Civilian (Teenager)",398539
5_Doomer_Girl/2290,Doomer_Girl,"Kawai Doomer Girl, Doomer Girl, Civilian (Teenager)",737733
5_Doomer_Girl/2291,Doomer_Girl,"Kawai Doomer Girl, Doomer Girl, Civilian (Teenager)",150141
5_Doomer_Girl/2292,Doomer_Girl,"Kawai Doomer Girl, Doomer Girl, Civilian (Teenager)",191163
5_Doomer_Girl/2293,Doomer_Girl,"KISS Fan , Doomer Girl, Music, Civilian (Teenager)",190904
5_Doomer_Girl/2294,Doomer_Girl,"Kitty Pryde, Doomer Girl, Comics, Marvel",50212
5_Doomer_Girl/2295,Doomer_Girl,"Kobeni Higashiyama, Doomer Girl, Anime, Chainsaw Man",51695
5_Doomer_Girl/2296,Doomer_Girl,"Kushina Uzumaki, Doomer Girl, Anime, Naruto",66946
5_Doomer_Girl/2297,Doomer_Girl,"Lady Death, Doomer Girl, Comics, Marvel",36199
5_Doomer_Girl/2298,Doomer_Girl,"Lady Rainicorn, Doomer Girl, Cartoon, Adventure Time",60146
5_Doomer_Girl/2299,Doomer_Girl,"Lana Del Rey, Doomer Girl, Music",51117
5_Doomer_Girl/2300,Doomer_Girl,"Laos Doomer Girl, Doomer Girl, Asia, Laos",53938
5_Doomer_Girl/2301,Doomer_Girl,"Large Boobies And Red Dress Doomer Girl, Doomer Girl, Civilian (Teenager)",56268
5_Doomer_Girl/2302,Doomer_Girl,"Latina Doomer Girl, Doomer Girl, Civilian (Teenager), South America",164933
5_Doomer_Girl/2303,Doomer_Girl,"Laughing Doomer Girl And Daddy's Girl, Doomer Girl, Group",237965
5_Doomer_Girl/2304,Doomer_Girl,"LGBT Doomer Girl, Doomer Girl, LGBT+",93907
5_Doomer_Girl/2305,Doomer_Girl,"Life is worth living for the Bard, Doomer Girl, Internet",505348
5_Doomer_Girl/2306,Doomer_Girl,"Liz, Doomer Girl, Civilian (Teenager)",191348
5_Doomer_Girl/2307,Doomer_Girl,"Lola (Brawl Stars), Doomer Girl, Video Game",801007
5_Doomer_Girl/2308,Doomer_Girl,"Lucina, Doomer Girl, Video Game, Fire Emblem",140292
5_Doomer_Girl/2309,Doomer_Girl,"Lucy Doomer Girl, Doomer Girl, Video Game, Cyberpunk 2077, Futuristic",105536
5_Doomer_Girl/2310,Doomer_Girl,"Lys Noir Goth Girl, Doomer Girl, Authoritarian Right, Civilian (Teenager)",232995
5_Doomer_Girl/2311,Doomer_Girl,"Mademoiselle Charlène, Doomer Girl, Internet, France, Elf",33116
5_Doomer_Girl/2312,Doomer_Girl,"Maid Doomer Girl, Doomer Girl, 1492-1789, Employee",63063
5_Doomer_Girl/2313,Doomer_Girl,"Makima, Doomer Girl, Anime, Chainsaw Man",155140
5_Doomer_Girl/2314,Doomer_Girl,"Makima, Doomer Girl, Anime, Chainsaw Man",55312
5_Doomer_Girl/2315,Doomer_Girl,"Malina, Doomer Girl, Video Game, Helltaker, Demon",242038
5_Doomer_Girl/2316,Doomer_Girl,"Manon ""Madame"" Roland, Doomer Girl, 1789-1821, France, French Revolution",80177
5_Doomer_Girl/2317,Doomer_Girl,"Marida, Doomer Girl, Movie and TV Show, Disney, Full Body",813255
5_Doomer_Girl/2318,Doomer_Girl,"Mari Makinami Illustrious, Doomer Girl, Anime, Evangelion",255554
5_Doomer_Girl/2319,Doomer_Girl,"Maya Ibuki, Doomer Girl, Anime, Evangelion",232547
5_Doomer_Girl/2320,Doomer_Girl,"Me, Doomer Girl, LGBT+",99016
5_Doomer_Girl/2321,Doomer_Girl,"Medieval Peasant Wife, Doomer Girl, 476-1492, Peasant",154184
5_Doomer_Girl/2322,Doomer_Girl,"Medieval Turkish Girl, Doomer Girl, Ottoman Empire, 1821-1914",153924
5_Doomer_Girl/2323,Doomer_Girl,"Mentawai Doomer Girl, Doomer Girl, Autochthonous, Indonesia",297004
5_Doomer_Girl/2324,Doomer_Girl,"Messy Hair Girl, Doomer Girl, Civilian (Teenager)",80243
5_Doomer_Girl/2325,Doomer_Girl,"Metal Doomer Girl, Doomer Girl, Music",290286
5_Doomer_Girl/2326,Doomer_Girl,"Metal Doomer Girl, Doomer Girl, Music",255928
5_Doomer_Girl/2327,Doomer_Girl,"MetalHead Doomer Girl, Doomer Girl, Music",111027
5_Doomer_Girl/2328,Doomer_Girl,"Metalhead girl, Doomer Girl, Full Body, Music",711917
5_Doomer_Girl/2329,Doomer_Girl,"Mia Wallace (Pulp Fiction), Doomer Girl, Movie and TV Show, United States, 1980-1990, Injured and Dead",382422
5_Doomer_Girl/2330,Doomer_Girl,"Mike Wazowski, Doomer Girl, Cartoon, Disney, Monster",199056
5_Doomer_Girl/2331,Doomer_Girl,"Misato Katsuragi, Doomer Girl, Anime, Evangelion",272172
5_Doomer_Girl/2332,Doomer_Girl,"Misato Katsuragi, Doomer Girl, Anime, Evangelion",272172
5_Doomer_Girl/2333,Doomer_Girl,"Miss Pandora, Doomer Girl, Internet, France, LGBT+",54069
5_Doomer_Girl/2334,Doomer_Girl,"Miss Pauling, Doomer Girl, Video Game, Team Fortress 2",56174
5_Doomer_Girl/2335,Doomer_Girl,"Modern Era Doomer Girl, Doomer Girl, 1821-1914, Nobility and Bourgeoisie",118209
5_Doomer_Girl/2336,Doomer_Girl,"Monster Doomer Girl, Doomer Girl, Civilian (Teenager)",100560
5_Doomer_Girl/2337,Doomer_Girl,"Monster Doomer Girl, Doomer Girl, Monster, Demon",81740
5_Doomer_Girl/2338,Doomer_Girl,"MsFits Dommer Girl, Doomer Girl, Civilian (Teenager)",227950
5_Doomer_Girl/2339,Doomer_Girl,"Muslim Doomer Girl, Doomer Girl, Middle East, Islam",133925
5_Doomer_Girl/2340,Doomer_Girl,"Muslim Doomer Girl, Doomer Girl, Middle East, Islam",57988
5_Doomer_Girl/2341,Doomer_Girl,"muslim doomer girl , Doomer Girl, Islam",29130
5_Doomer_Girl/2342,Doomer_Girl,"Muslim Doomer Girl, Doomer Girl, Middle East, Islam",57988
5_Doomer_Girl/2343,Doomer_Girl,"My Little Pony Doomer Girl, Doomer Girl, Cartoon, My Little Pony",76366
5_Doomer_Girl/2344,Doomer_Girl,"Mystique, Doomer Girl, Comics, Marvel",12511
5_Doomer_Girl/2345,Doomer_Girl,"Natalia, Doomer Girl, The Ever-Expanding Bunker",109103
5_Doomer_Girl/2346,Doomer_Girl,"Neco-Arc, Doomer Girl, Anime, Nekomimi",46441
5_Doomer_Girl/2347,Doomer_Girl,"Neko Kawai Doomer Girl, Doomer Girl, Nekomimi, Anime",174101
5_Doomer_Girl/2348,Doomer_Girl,"new zealander doomer girl, Doomer Girl, New Zealand",56697
5_Doomer_Girl/2349,Doomer_Girl,"Nimrod Doomer Girl, Doomer Girl, Internet, Youtube",318606
5_Doomer_Girl/2350,Doomer_Girl,"Nirvana Doomer Girl, Doomer Girl, Music",113475
5_Doomer_Girl/2351,Doomer_Girl,"Nude Shower Pensing Doomer Girl, Doomer Girl, NSFW",269900
5_Doomer_Girl/2352,Doomer_Girl,"Nuka Cola Girl, Doomer Girl, Video Game, Fallout, Space, Full Body",135048
5_Doomer_Girl/2353,Doomer_Girl,"Number 067 (Squid Game), Doomer Girl, Korea, Movie and TV Show",101238
5_Doomer_Girl/2354,Doomer_Girl,"Ochako Uraraka, Doomer Girl, Anime, My Hero Academia",309701
5_Doomer_Girl/2355,Doomer_Girl,"Olympe de Gouges, Doomer Girl, 1789-1821, France, Liberal Left, French Revolution",54952
5_Doomer_Girl/2356,Doomer_Girl,"Onlyfan Doomer Girl, Doomer Girl, NSFW, Brands, Internet",202371
5_Doomer_Girl/2357,Doomer_Girl,"Ottoman Doomer Girl, Doomer Girl, Ottoman Empire",95956
5_Doomer_Girl/2358,Doomer_Girl,"Palestinian Doomer Girl, Doomer Girl, Middle East, Palestine",94106
5_Doomer_Girl/2359,Doomer_Girl,"Paraguayan girl, Doomer Girl, Paraguay, Sport",177873
5_Doomer_Girl/2360,Doomer_Girl,"Pensive Alt Doomer Girl, Doomer Girl, Civilian (Teenager)",140578
5_Doomer_Girl/2361,Doomer_Girl,"Peruvian Doomer Girl, Doomer Girl, Peru, Autochthonous, South America",137176
5_Doomer_Girl/2362,Doomer_Girl,"Pink And Black Doomer Girl, Doomer Girl, Civilian (Teenager)",220074
5_Doomer_Girl/2363,Doomer_Girl,"Pink Doomer Girl, Doomer Girl, Civilian (Teenager)",54722
5_Doomer_Girl/2364,Doomer_Girl,"Pink Doomer Girl Toy Soldier, Doomer Girl, Toy",346299
5_Doomer_Girl/2365,Doomer_Girl,"Pirate Doomer Girl, Doomer Girl, Pirate, Ocean, 1492-1789",11067
5_Doomer_Girl/2366,Doomer_Girl,"Pirate Princess, Doomer Girl, 1492-1789, Pirate, Ocean",142996
5_Doomer_Girl/2367,Doomer_Girl,"Po, Doomer Girl, United Kingdom, Movie and TV Show",56727
5_Doomer_Girl/2368,Doomer_Girl,"Pointing Amme Hante, Doomer Girl, Internet, 2020-2030, France",429040
5_Doomer_Girl/2369,Doomer_Girl,"Pointing Blonde Amme Hante, Doomer Girl, Internet, 2020-2030, France",418486
5_Doomer_Girl/2370,Doomer_Girl,"Power, Doomer Girl, Anime, Chainsaw Man",23348
5_Doomer_Girl/2371,Doomer_Girl,"Princesse Emma-Louise of Prusse, Doomer Girl, Prussia, Other Sovereign Title, 1821-1914",347482
5_Doomer_Girl/2372,Doomer_Girl,"Prostitute, Doomer Girl, 476-1492, Peasant",209381
5_Doomer_Girl/2373,Doomer_Girl,"Psychobilly Girl, Doomer Girl, Music, United Kingdom",320023
5_Doomer_Girl/2374,Doomer_Girl,"Punk Doomer Girl, Doomer Girl, Civilian (Teenager)",59174
5_Doomer_Girl/2375,Doomer_Girl,"Purple Doomer Girl Toy Soldier, Doomer Girl, Toy",1035325
5_Doomer_Girl/2376,Doomer_Girl,"Purple Hair Elf Doomer Girl, Doomer Girl, Fantasy, Elf",150910
5_Doomer_Girl/2377,Doomer_Girl,"Quanxi, Doomer Girl, Anime, Chainsaw Man",54523
5_Doomer_Girl/2378,Doomer_Girl,"Queen Anne-Marie of Greece, Doomer Girl, 1960-1970, Other Sovereign Title, Greece",245215
5_Doomer_Girl/2379,Doomer_Girl,"Queen Legravalima (The Promised Neverland), Doomer Girl, Anime",210122
5_Doomer_Girl/2380,Doomer_Girl,"Radfem, Doomer Girl, Liberal Left",59624
5_Doomer_Girl/2381,Doomer_Girl,"Rarity, Doomer Girl, Cartoon, My Little Pony",138019
5_Doomer_Girl/2382,Doomer_Girl,"Raven Teen Titan, Doomer Girl, Comics, DC, Cartoon",133303
5_Doomer_Girl/2383,Doomer_Girl,"Red Dress Doomer Girl, Doomer Girl, Civilian (Adult)",53382
5_Doomer_Girl/2384,Doomer_Girl,"Redhead Emo WWII, Doomer Girl, 1939-1945, Schutzstaffel",154915
5_Doomer_Girl/2385,Doomer_Girl,"Redhead Teenage Doomer Girl, Doomer Girl, Civilian (Teenager)",372001
5_Doomer_Girl/2386,Doomer_Girl,"Rei Ayanami, Doomer Girl, Anime, Evangelion",216889
5_Doomer_Girl/2387,Doomer_Girl,"Rem , Doomer Girl, Anime, Re: Zero",126503
5_Doomer_Girl/2388,Doomer_Girl,"Reze, Doomer Girl, Anime, Chainsaw Man",55645
5_Doomer_Girl/2389,Doomer_Girl,"Ritsuko Akagi, Doomer Girl, Anime, Evangelion",139159
5_Doomer_Girl/2390,Doomer_Girl,"Roman Doomer Girl, Doomer Girl, Roman Empire, -3000-476",241006
5_Doomer_Girl/2391,Doomer_Girl,"Ronin Happy, Doomer Girl, Anime",130354
5_Doomer_Girl/2392,Doomer_Girl,"Rosehip, Doomer Girl, Anime, Girls Und Panzer, United Kingdom",27543
5_Doomer_Girl/2393,Doomer_Girl,"Rose Tyler, Doomer Girl, Futuristic, Doctor Who",108127
5_Doomer_Girl/2394,Doomer_Girl,"Roza Georgiyevna Shanina, Doomer Girl, Red Army, Soviet Union, 1939-1945",110174
5_Doomer_Girl/2395,Doomer_Girl,"Russian Anarchist Girl, Doomer Girl, Liberal Left, Anarchism, Russia",227250
5_Doomer_Girl/2396,Doomer_Girl,"Russian soldier girl , Doomer Girl, Russia",1172705
5_Doomer_Girl/2397,Doomer_Girl,"Sabine Bergmann-Pohl, Doomer Girl, Germany, 1990-2000, President",192464
5_Doomer_Girl/2398,Doomer_Girl,"Samsung Sam, Doomer Girl, Employee, Brands",65711
5_Doomer_Girl/2399,Doomer_Girl,"Satanist Doomer Girl, Doomer Girl, Demon",105888
5_Doomer_Girl/2400,Doomer_Girl,"Scarlett O'Hara, Doomer Girl, Movie and TV Show, 1918-1939",537080
5_Doomer_Girl/2401,Doomer_Girl,"Scene kid, Doomer Girl, United States, Music",1059841
5_Doomer_Girl/2402,Doomer_Girl,"Scientific Women, Doomer Girl, The Ever-Expanding Bunker, Science, Medical",110190
5_Doomer_Girl/2403,Doomer_Girl,"Scientific Women, Doomer Girl, The Ever-Expanding Bunker, Science, Medical",110190
5_Doomer_Girl/2404,Doomer_Girl,"Serana, Doomer Girl, Video Game, Skyrim, Fantasy",75623
5_Doomer_Girl/2405,Doomer_Girl,"Serana, Doomer Girl, Video Game, Skyrim, Fantasy",71702
5_Doomer_Girl/2406,Doomer_Girl,"Serana, Doomer Girl, Video Game, Skyrim, Fantasy",71702
5_Doomer_Girl/2407,Doomer_Girl,"Sexy Doomer Girl, Doomer Girl, NSFW",69284
5_Doomer_Girl/2408,Doomer_Girl,"Sexy Doomer Girl, Doomer Girl, NSFW",171781
5_Doomer_Girl/2409,Doomer_Girl,"Sexy Doomer Girl, Doomer Girl, NSFW",171781
5_Doomer_Girl/2410,Doomer_Girl,"Shy Girl, Doomer Girl, Anime, The Idolmaster Cinderella Girls",138650
5_Doomer_Girl/2411,Doomer_Girl,"Simone Ségouin, Doomer Girl, 1939-1945, France, French Resistance, Authoritarian Left",74185
5_Doomer_Girl/2412,Doomer_Girl,"Slave Girl, Doomer Girl, Space, Futuristic",124823
5_Doomer_Girl/2413,Doomer_Girl,"Smile Doomer Girl, Doomer Girl, Template",79202
5_Doomer_Girl/2414,Doomer_Girl,"Smoking Doomer Girl, Doomer Girl, Civilian (Teenager)",208460
5_Doomer_Girl/2415,Doomer_Girl,"Smoking Girl GIF, Doomer Girl, Civilian (Adult), GIF",44669
5_Doomer_Girl/2416,Doomer_Girl,"Smoking Oomer Doomer Girl, Doomer Girl, Template",64514
5_Doomer_Girl/2417,Doomer_Girl,"Song Seo-rae (Decision to Leave), Doomer Girl, Movie and TV Show, Korea",285038
5_Doomer_Girl/2418,Doomer_Girl,"Southern Belle, Doomer Girl, United States, Nobility and Bourgeoisie, 1821-1914, Confederate States of America",322711
5_Doomer_Girl/2419,Doomer_Girl,"Soviet Doomer Girl, Doomer Girl, Soviet Union, 1918-1939, Red Army",414836
5_Doomer_Girl/2420,Doomer_Girl,"Soviet Doomer Girl, Doomer Girl, Soviet Union, 1980-1990",178959
5_Doomer_Girl/2421,Doomer_Girl,"Sport Doomer Girl, Doomer Girl, Sport",130429
5_Doomer_Girl/2422,Doomer_Girl,"Steampunk , Doomer Girl, Steampunk",1345249
5_Doomer_Girl/2423,Doomer_Girl,"Tactical Doomer Girl, Doomer Girl, Militia Forces, Russia",167149
5_Doomer_Girl/2424,Doomer_Girl,"Tankie E-Girl, Doomer Girl, Authoritarian Left (Political Compass), LGBT+",38167
5_Doomer_Girl/2425,Doomer_Girl,"Tanya Von Degeruchaff, Doomer Girl, Anime, Youjo Senki",48007
5_Doomer_Girl/2426,Doomer_Girl,"Tarkov Female Doomer, Doomer Girl, Video Game, Post Apocalyptic, Escape From Tarkov",107992
5_Doomer_Girl/2427,Doomer_Girl,"Tatar girl, Doomer Girl, Other Sovereign Title, Russia, 1821-1914",387674
5_Doomer_Girl/2428,Doomer_Girl,"Teen Doomer Girl, Doomer Girl, Civilian (Teenager)",329212
5_Doomer_Girl/2429,Doomer_Girl,"Teen Doomer Girl, Doomer Girl, Festivity",246059
5_Doomer_Girl/2430,Doomer_Girl,"Teen Girl Group, Doomer Girl, Group",372693
5_Doomer_Girl/2431,Doomer_Girl,"Template Girl Twinjak, Doomer Girl, Template",92822
5_Doomer_Girl/2432,Doomer_Girl,"That One Quiet Girl From Your Class, Doomer Girl, Civilian (Teenager)",59901
5_Doomer_Girl/2433,Doomer_Girl,"The Bard feels a poem coming on, Doomer Girl, Civilian (Teenager)",34264
5_Doomer_Girl/2434,Doomer_Girl,"The Con Artist, Doomer Girl, Criminal",336291
5_Doomer_Girl/2435,Doomer_Girl,"The Desert Mafia Boss, Doomer Girl, Fantasy, Futuristic",93137
5_Doomer_Girl/2436,Doomer_Girl,"The Doomer Bard, Doomer Girl, Internet",334991
5_Doomer_Girl/2437,Doomer_Girl,"The Fem Revealer Foomer, Doomer Girl, The Ever-Expanding Bunker, Strange",245631
5_Doomer_Girl/2438,Doomer_Girl,"The Furry, Doomer Girl, Internet, Nekomimi",143085
5_Doomer_Girl/2439,Doomer_Girl,"The Gaianist, Doomer Girl, Monster, Strange, Mythology, -3000-476",472448
5_Doomer_Girl/2440,Doomer_Girl,"The Handmaiden, Doomer Girl, Fantasy, Monarch",601197
5_Doomer_Girl/2441,Doomer_Girl,"The Happy Fuck Around Out Doomer Girl, Doomer Girl, Militia Forces",160350
5_Doomer_Girl/2442,Doomer_Girl,"The Kyugoryo Envoy, Doomer Girl, Fantasy, Japan",377364
5_Doomer_Girl/2443,Doomer_Girl,"The Lapsarian Courtier, Doomer Girl, Fantasy",458839
5_Doomer_Girl/2444,Doomer_Girl,"The Level 4000 Scientist, Doomer Girl, The Ever-Expanding Bunker, Science",110190
5_Doomer_Girl/2445,Doomer_Girl,"The Oracle of Delphi, Doomer Girl, Greece, -3000-476, Strange",233363
5_Doomer_Girl/2446,Doomer_Girl,"The Recruiter - Level 60, Doomer Girl, The Ever-Expanding Bunker",430350
5_Doomer_Girl/2447,Doomer_Girl,"The Rifter, Doomer Girl, Ocean, Fantasy, Monster",364516
5_Doomer_Girl/2448,Doomer_Girl,"The Space Mercenary, Doomer Girl, Futuristic, Space",111374
5_Doomer_Girl/2449,Doomer_Girl,"The Tsarina, Doomer Girl, Imperial, 1492-1789, Russia",739405
5_Doomer_Girl/2450,Doomer_Girl,"The Urban Millionaire, Doomer Girl, Fantasy, Futuristic",124369
5_Doomer_Girl/2451,Doomer_Girl,"The Wasteland Doomer Girl, Doomer Girl, Post Apocalyptic",249621
5_Doomer_Girl/2452,Doomer_Girl,"The WW2 CV Doomer (Azur Lane), Doomer Girl, Anime",276110
5_Doomer_Girl/2453,Doomer_Girl,"Tibetan Doomer Girl, Doomer Girl, Tibet, China, Autochthonous",272943
5_Doomer_Girl/2454,Doomer_Girl,"Tired Amme Hante, Doomer Girl, France, Internet, 2020-2030",64638
5_Doomer_Girl/2455,Doomer_Girl,"Tired Doomer Girl, Doomer Girl, Template",137011
5_Doomer_Girl/2456,Doomer_Girl,"Tiwanaku Noble Woman Twinkjak, Doomer Girl, Peru, Nobility and Bourgeoisie, Autochthonous",286174
5_Doomer_Girl/2457,Doomer_Girl,"TK Akiyama Yukari, Doomer Girl, Anime, Girls Und Panzer, Meme",536475
5_Doomer_Girl/2458,Doomer_Girl,"Tlaxcalan Doomer Girl, Doomer Girl, 1492-1789, Mexico, Autochthonous",122925
5_Doomer_Girl/2459,Doomer_Girl,"Trad Doomer Girl, Doomer Girl, Civilian (Teenager)",225813
5_Doomer_Girl/2460,Doomer_Girl,"Tradwife Doomer Girl, Doomer Girl, Civilian (Adult)",110102
5_Doomer_Girl/2461,Doomer_Girl,"Trainer Doomer Girl, Doomer Girl, Video Game, Pokemon, Nintendo",72311
5_Doomer_Girl/2462,Doomer_Girl,"Trainer Doomer Girl, Doomer Girl, Video Game, Pokemon, Nintendo",119480
5_Doomer_Girl/2463,Doomer_Girl,"Trans Doomer Girl, Doomer Girl, LGBT+",147000
5_Doomer_Girl/2464,Doomer_Girl,"Trans US Soldier, Doomer Girl, United States, United States Army, LGBT+",234812
5_Doomer_Girl/2465,Doomer_Girl,"Tribe Doomer Girl, Doomer Girl, Africa, Autochthonous",156790
5_Doomer_Girl/2466,Doomer_Girl,"Trish, Doomer Girl, Anime, JoJo's Bizarre Adventure",66686
5_Doomer_Girl/2467,Doomer_Girl,"Trish Una, Doomer Girl, Anime, JoJo's Bizarre Adventure",169028
5_Doomer_Girl/2468,Doomer_Girl,"Turkish Army, Doomer Girl, Turkey, Turkish Armed Forces",72838
5_Doomer_Girl/2469,Doomer_Girl,"Turkish Dutch Girl, Doomer Girl, Turkey, Netherlands",84769
5_Doomer_Girl/2470,Doomer_Girl,"Twitch Gamer Girl Doomer, Doomer Girl, Video Game, Internet",210452
5_Doomer_Girl/2471,Doomer_Girl,"Uruha Rushia, Doomer Girl, Japan, Virtual Youtuber, Youtube",102210
5_Doomer_Girl/2472,Doomer_Girl,"Venezuelan Girl FANB Soldier, Doomer Girl, National Bolivarian Armed Forces of Venezuela, Venezuela, National Bolivarian Armed Forces of Venezuela",110807
5_Doomer_Girl/2473,Doomer_Girl,"Venti, Doomer Girl, Video Game, Genshin Impact",289760
5_Doomer_Girl/2474,Doomer_Girl,"Veronica Doomer Girl, Doomer Girl, Post Apocalyptic, Fallout : New Vegas",228387
5_Doomer_Girl/2475,Doomer_Girl,"Viking, Doomer Girl, 476-1492, Scandinavia, Knight",769444
5_Doomer_Girl/2476,Doomer_Girl,"Violet, Doomer Girl, Civilian (Teenager)",112606
5_Doomer_Girl/2477,Doomer_Girl,"Wojak Girl, Doomer Girl, Militia Forces",110644
5_Doomer_Girl/2478,Doomer_Girl,"Xx_Zo<3Wafflez_xX, Doomer Girl, Civilian (Teenager), Internet",1587459
5_Doomer_Girl/2479,Doomer_Girl,"Yandere Doomer Girl, Doomer Girl, Anime, Criminal",97085
5_Doomer_Girl/2480,Doomer_Girl,"Yes Honey Doomer Girl, Doomer Girl, Template",72782
5_Doomer_Girl/2481,Doomer_Girl,"Your Japanese girlfriend , Doomer Girl, Japan, Chainsaw Man",532061
5_Doomer_Girl/2482,Doomer_Girl,"YPJ Kurdish Fighter, Doomer Girl, Kurdistan, Militia Forces, Syria, Other Army (Asia)",913299
5_Doomer_Girl/2483,Doomer_Girl,"YPJ soldier, Doomer Girl, Kurdistan, Militia Forces",763969
5_Doomer_Girl/2484,Doomer_Girl,"YPJ soldier, Doomer Girl, Kurdistan, Militia Forces",812615
5_Doomer_Girl/2485,Doomer_Girl,"zemiramakeswojacks's Wojak, Doomer Girl, Civilian (Teenager)",64792
5_Doomer_Girl/2486,Doomer_Girl,"zeri, Doomer Girl, Video Game, League of Legends",21219
5_E-Thot/13345,E-Thot,"Aela The Huntress, E-Thot, Video Game, Skyrim, Fantasy",517365
5_E-Thot/13346,E-Thot,"Ancient Egypt E-Thot, E-Thot, -3000-476, Ancient Egypt, Nobility and Bourgeoisie",104997
5_E-Thot/13347,E-Thot,"Becaria E-Thot, E-Thot, Civilian (Teenager), Internet",130923
5_E-Thot/13348,E-Thot,"Blonde German E-Thot, E-Thot, Germany, Europe",473956
5_E-Thot/13349,E-Thot,"Calm E-Thot, E-Thot, Template",83277
5_E-Thot/13350,E-Thot,"Chavette , E-Thot, United Kingdom, Criminal",1002962
5_E-Thot/13351,E-Thot,"Demon E-Thot, E-Thot, Fantasy, Japan",82622
5_E-Thot/13352,E-Thot,"E-Thot, E-Thot, Template",157029
5_E-Thot/13353,E-Thot,"E-Thot Punk, E-Thot, Civilian (Teenager), Music",544981
5_E-Thot/13354,E-Thot,"E-Thot with a Cap, E-Thot, Civilian (Adult)",65962
5_E-Thot/13355,E-Thot,"Fat E-Thot, E-Thot, Template",631388
5_E-Thot/13356,E-Thot,"French E-Thot (@Nirinine), E-Thot, Madagascar, France, Social Media, Internet",300734
5_E-Thot/13357,E-Thot,"Happy E-Thot, E-Thot, Template",152520
5_E-Thot/13358,E-Thot,"Latina Female Wojak, E-Thot, South America, Civilian (Teenager)",4376
5_E-Thot/13359,E-Thot,"Maxine (X), E-Thot, Movie and TV Show, NSFW, Texas",107187
5_E-Thot/13360,E-Thot,"Maya Lopez, E-Thot, Comics, Marvel, Criminal",74220
5_E-Thot/13361,E-Thot,"Mesopotamian E-Thot, E-Thot, Iraq, -3000-476, Autochthonous",120668
5_E-Thot/13362,E-Thot,"Mom E-thot, E-Thot, Meme, Family, Group",144984
5_E-Thot/13363,E-Thot,"Monster Girl, E-Thot, Comics, Invincible",114845
5_E-Thot/13364,E-Thot,"Neytiri (Avatar), E-Thot, Movie and TV Show, Space, Avatar",771106
5_E-Thot/13365,E-Thot,"Nezuko, E-Thot, Anime, Demon Slayer",313635
5_E-Thot/13366,E-Thot,"Red Hair E-Thot, E-Thot, Civilian (Teenager)",316483
5_E-Thot/13367,E-Thot,"Redraw E-Thot, E-Thot, Template",344801
5_E-Thot/13368,E-Thot,"Roman E-Thot, E-Thot, Roman Empire, -3000-476",124876
5_E-Thot/13369,E-Thot,"SCP-6660, E-Thot, SCP Foundation, Monster",388302
5_E-Thot/13370,E-Thot,"Short Hair Goth Girl, E-Thot, Civilian (Teenager)",48514
5_E-Thot/13371,E-Thot,"Sunglasses E-Thot, E-Thot, Tourism",44036
5_E-Thot/13372,E-Thot,"Teen E-Thot, E-Thot, Civilian (Teenager)",1195703
5_E-Thot/13373,E-Thot,"The Sister in Iron, E-Thot, Religious Authority, 476-1492, Christianism, Knight",316632
5_E-Thot/13374,E-Thot,"Totoko, E-Thot, Anime, Osomatsu-san",65854
5_E-Thot/13375,E-Thot,"Vampire E-Thot, E-Thot, Monster",117710
5_E-Thot/13376,E-Thot,"Vi, E-Thot, Video Game, League of Legends",73459
5_Feels_Good/10560,Feels_Good,"African Feels Good, Feels Good, Africa",111750
5_Feels_Good/10561,Feels_Good,"Ahmad Shah Durrani, Feels Good, Afghanistan, 1492-1789, Imperial",188392
5_Feels_Good/10562,Feels_Good,"Ahmad Shah Durrani, Feels Good, Afghanistan, Monarch, 1492-1789",188392
5_Feels_Good/10563,Feels_Good,"Aleksandra (Zarya)  Zaryanova, Feels Good, Video Game, Overwatch, Russia",204019
5_Feels_Good/10564,Feels_Good,"American Soldier in Iraq, Feels Good, United States, 2000-2010, United States Army",37223
5_Feels_Good/10565,Feels_Good,"American Soldier in Iraq, Feels Good, United States, 2000-2010, United States Army",37223
5_Feels_Good/10566,Feels_Good,"Armenian Feels, Feels Good, Armenia, Other Army (Caucasus), 1990-2000",573733
5_Feels_Good/10567,Feels_Good,"Average Jamte, Feels Good, Europe, Sweden",167016
5_Feels_Good/10568,Feels_Good,"Azerbaijani Soldier, Feels Good, Other Army (Caucasus), Azerbaijan",327777
5_Feels_Good/10569,Feels_Good,"Bloody Feels good, Feels Good, Injured and Dead",62219
5_Feels_Good/10570,Feels_Good,"Bloody Viking Feels Good, Feels Good, 476-1492, Knight, Scandinavia",319069
5_Feels_Good/10571,Feels_Good,"Blue Spy Feels Good, Feels Good, Team Fortress 2, Video Game",13632
5_Feels_Good/10572,Feels_Good,"Bosnian Soldier Feels Good, Feels Good, Bosnia and Herzegovina, Armed Forces of Bosnia and Herzegovina, 1990-2000",884812
5_Feels_Good/10573,Feels_Good,"Brenton Tarrant Fells Good, Feels Good, New Zealand, Authoritarian Right, Terrorism, 2010-2020",432269
5_Feels_Good/10574,Feels_Good,"Bulgarian Feels Good, Feels Good, Bulgaria, 1821-1914",76774
5_Feels_Good/10575,Feels_Good,"Cadian Shock Troops, Feels Good, Video Game, Warhammer, Futuristic",252817
5_Feels_Good/10576,Feels_Good,"Carl Johnson, Feels Good, Video Game, Grand Theft Auto",194333
5_Feels_Good/10577,Feels_Good,"Chad King Alexander of Yugoslavia, Feels Good, Monarch, Serbia, 1918-1939",315507
5_Feels_Good/10578,Feels_Good,"Chad Serbian Karadjordje (Đorđe Petrović), Feels Good, Serbia, Serbian Armed Forces, 1789-1821, Revolution",170934
5_Feels_Good/10579,Feels_Good,"Charles Louis (Napoléon III) Napoléon Bonaparte, Feels Good, France, President, Imperial, 1821-1914, Authoritarian Right",255921
5_Feels_Good/10580,Feels_Good,"Charles Maurras, Feels Good, France, 1918-1939, Authoritarian Right, Philosophy, Political Figure",497937
5_Feels_Good/10581,Feels_Good,"Charles Maurras, Feels Good, France, 1918-1939, Authoritarian Right, Philosophy, Political Figure",252787
5_Feels_Good/10582,Feels_Good,"Charles Maurras, Feels Good, France, 1918-1939, Authoritarian Right, Philosophy, Political Figure",252787
5_Feels_Good/10583,Feels_Good,"Charlosphère Feels Good, Feels Good, France, Internet, 2020-2030",74890
5_Feels_Good/10584,Feels_Good,"Chinese Soldier Feels Good, Feels Good, People's Liberation Army, China, 1950-1960",54608
5_Feels_Good/10585,Feels_Good,"Christopher Colombus, Feels Good, Colonial, North America, Italy, 1492-1789",230549
5_Feels_Good/10586,Feels_Good,"Donald Trump, Feels Good, MAGA, President, United States, Authoritarian Right, 2010-2020",59408
5_Feels_Good/10587,Feels_Good,"Egyptian Man, Feels Good, Egypt, Africa",97364
5_Feels_Good/10588,Feels_Good,"Feels Good Blue Division, Feels Good, Other Army (Europe), Spain, Spanish Civil War, 1918-1939",287152
5_Feels_Good/10589,Feels_Good,"Feels Good Crusader, Feels Good, Knight, 476-1492",275501
5_Feels_Good/10590,Feels_Good,"Feels Good Knight, Feels Good, 476-1492, Knight",17264
5_Feels_Good/10591,Feels_Good,"Feels Good Njegoš, Feels Good, Europe, Balkan, Montenegro",317087
5_Feels_Good/10592,Feels_Good,"Feels Good Saudi, Feels Good, Middle East, Saudi Arabia",421375
5_Feels_Good/10593,Feels_Good,"Feels Good Serbian , Feels Good, Serbia, Serbian Armed Forces",370980
5_Feels_Good/10594,Feels_Good,"Feels Good Soyjak, Feels Good, Template",41460
5_Feels_Good/10595,Feels_Good,"Feels Good Winged Hussar, Feels Good, 476-1492, Knight, Poland",545560
5_Feels_Good/10596,Feels_Good,"Feels Good Wojak Template, Feels Good, Template",95331
5_Feels_Good/10597,Feels_Good,"Forest Anon Feels Good, Feels Good, Survivalism",157974
5_Feels_Good/10598,Feels_Good,"Frederick II of Prussia, Feels Good, Prussia, Monarch, 1492-1789",125083
5_Feels_Good/10599,Feels_Good,"French Republican Army Feels Good, Feels Good, 1789-1821, France, Grande Armée, French Revolution",512695
5_Feels_Good/10600,Feels_Good,"Gabe Newell, Feels Good, Video Game, 2000-2010, Brands",76553
5_Feels_Good/10601,Feels_Good,"Général De Gaulle, Feels Good, France, 1939-1945, Armée Française",269781
5_Feels_Good/10602,Feels_Good,"General of Ancient Egypt, Feels Good, Ancient Egypt, -3000-476",365898
5_Feels_Good/10603,Feels_Good,"George Washington, Feels Good, President, Revolution, 1492-1789, United States",319995
5_Feels_Good/10604,Feels_Good,"Georgian Legion Feels Good, Feels Good, Other Army (Caucasus), Georgia",157036
5_Feels_Good/10605,Feels_Good,"German Soldier Feels Good, Feels Good, 1939-1945, Deutsches Heer, The Third Reich",192244
5_Feels_Good/10606,Feels_Good,"German Tank Commander, Feels Good, The Third Reich, Deutsches Heer, 1939-1945",100414
5_Feels_Good/10607,Feels_Good,"Ginger Jewish Feels Good, Feels Good, Judaism, Israel",156484
5_Feels_Good/10608,Feels_Good,"Gopnik Feels Good, Feels Good, 1990-2000, Russia",201342
5_Feels_Good/10609,Feels_Good,"Gopnik Feels Good, Feels Good, Russia, Criminal, Europe",492437
5_Feels_Good/10610,Feels_Good,"Greek Feels Good, Feels Good, Greece, 1821-1914, Other Army (Europe)",185405
5_Feels_Good/10611,Feels_Good,"Happy German, Feels Good, 1939-1945, Deutsches Heer, The Third Reich",321592
5_Feels_Good/10612,Feels_Good,"Hezbollah Feels Good, Feels Good, Lebanon, Terrorism, Islam",114427
5_Feels_Good/10613,Feels_Good,"Hitman, Feels Good, Video Game, Hitman",87823
5_Feels_Good/10614,Feels_Good,"Hun, Feels Good, Mongolia, 476-1492, Knight",26484
5_Feels_Good/10615,Feels_Good,"Ja'far ibn Fallah Feels Good, Feels Good, Algeria, Kabylia, 476-1492",534719
5_Feels_Good/10616,Feels_Good,"James Connolly, Feels Good, 1821-1914, Philosophy, Ireland, Revolution, Authoritarian Left",297705
5_Feels_Good/10617,Feels_Good,"Japanese Soldier, Feels Good, Imperial Japanese Army, 1939-1945, Japan",17681
5_Feels_Good/10618,Feels_Good,"Jarosław Kaczyński Feels Good, Feels Good, Poland, Political Figure, Authoritarian Right, 2010-2020",35285
5_Feels_Good/10619,Feels_Good,"Joseph Stalin, Feels Good, Soviet Union, General Secretary, Authoritarian Left, 1939-1945",44278
5_Feels_Good/10620,Feels_Good,"Josip Broz Tito Feels Good , Feels Good, 1950-1960, Yugoslavia, President",208471
5_Feels_Good/10621,Feels_Good,"Juden Feels Good, Feels Good, Judaism, Israel",138688
5_Feels_Good/10622,Feels_Good,"Knight, Feels Good, 476-1492, Knight",48915
5_Feels_Good/10623,Feels_Good,"Knight Crusader , Feels Good, Knight, 476-1492, Christianism",275501
5_Feels_Good/10624,Feels_Good,"Knight Feels Good, Feels Good, Knight, 476-1492",233182
5_Feels_Good/10625,Feels_Good,"Knight Feels Good, Feels Good, Knight, 476-1492",93432
5_Feels_Good/10626,Feels_Good,"Kratos, Feels Good, God Of War, Video Game, -3000-476, Mythology",116082
5_Feels_Good/10627,Feels_Good,"Legionnaire Feels Good, Feels Good, -3000-476, Knight, Roman Empire",582556
5_Feels_Good/10628,Feels_Good,"LWP Polish Soldier, Feels Good, Polish Armed Forces, 1970-1980",182314
5_Feels_Good/10629,Feels_Good,"Macedonian Wolves Soldier, Feels Good, Macedonia, Other Army (Europe)",93137
5_Feels_Good/10630,Feels_Good,"Manco Inca, Feels Good, Peru, 1492-1789, Autochthonous, Argentina, Colombia",282571
5_Feels_Good/10631,Feels_Good,"Maximilien de Robespierre, Feels Good, France, 1789-1821, Authoritarian Left, French Revolution, Political Figure",1605412
5_Feels_Good/10632,Feels_Good,"Mongol Feels Good, Feels Good, Mongolia, Knight, 476-1492",181431
5_Feels_Good/10633,Feels_Good,"Nicholas II of Russia, Feels Good, Russia, Imperial, 1821-1914",253554
5_Feels_Good/10634,Feels_Good,"Night Lord, Feels Good, Warhammer, Futuristic, Futuristic Army",344097
5_Feels_Good/10635,Feels_Good,"Novo Russia Soldier, Feels Good, 2010-2020, Russian Armed Forces, Ukraine, Russia",258856
5_Feels_Good/10636,Feels_Good,"Oliver Cromwell Feels Good, Feels Good, United Kingdom, 1492-1789, Authoritarian Left, Despot",89920
5_Feels_Good/10637,Feels_Good,"Orthodox bizantine soldier, Feels Good, Orthodox, Militia Forces",590104
5_Feels_Good/10638,Feels_Good,"Orthodox Priest, Feels Good, Christianism, Orthodox, Religious Authority",334876
5_Feels_Good/10639,Feels_Good,"Orthodox Priest Feels Good, Feels Good, Religious Authority, Christianism, Orthodox",112541
5_Feels_Good/10640,Feels_Good,"Osama Bin Laden, Feels Good, Terrorism, Saudi Arabia, 2000-2010, Islam",190720
5_Feels_Good/10641,Feels_Good,"Prince Marko Mrnjavčević, Feels Good, 476-1492, Macedonia, Other Sovereign Title",137860
5_Feels_Good/10642,Feels_Good,"Rabbi, Feels Good, Religious Authority, Judaism",92636
5_Feels_Good/10643,Feels_Good,"Ratko Mladić Feels Good, Feels Good, Serbia, Serbian Armed Forces, 1990-2000",597391
5_Feels_Good/10644,Feels_Good,"RedCoat, Feels Good, United Kingdom, 1789-1821, British Armed Forces",24525
5_Feels_Good/10645,Feels_Good,"RedCoat, Feels Good, United Kingdom, 1789-1821, British Armed Forces",24525
5_Feels_Good/10646,Feels_Good,"Remove Kebab Feels Good, Feels Good, 1990-2000, Serbia, Serbian Armed Forces",194563
5_Feels_Good/10647,Feels_Good,"Rif Feels Good, Feels Good, Africa, Morocco",292053
5_Feels_Good/10648,Feels_Good,"Sassanid Knight Feels Good, Feels Good, Knight, Iran, 476-1492",1573699
5_Feels_Good/10649,Feels_Good,"Ship Captain Feels Good, Feels Good, 1492-1789, Ocean",17689
5_Feels_Good/10650,Feels_Good,"Sonic Feels Good, Feels Good, Video Game, Sonic the Hedgehog, SEGA",17779
5_Feels_Good/10651,Feels_Good,"S.T.A.L.K.E.R Feels Good, Feels Good, Video Game, S.T.A.L.K.E.R, Post Apocalyptic",198951
5_Feels_Good/10652,Feels_Good,"S.T.A.L.K.E.R Feels Good, Feels Good, Video Game, S.T.A.L.K.E.R, Post Apocalyptic",151854
5_Feels_Good/10653,Feels_Good,"S.T.A.L.K.E.R Feels Good, Feels Good, Video Game, S.T.A.L.K.E.R, Post Apocalyptic",219931
5_Feels_Good/10654,Feels_Good,"S.T.A.L.K.E.R Feels Good, Feels Good, Video Game, S.T.A.L.K.E.R, Post Apocalyptic",132297
5_Feels_Good/10655,Feels_Good,"S.T.A.L.K.E.R Feels Good, Feels Good, Video Game, S.T.A.L.K.E.R",22246
5_Feels_Good/10656,Feels_Good,"Steven , Feels Good, Cartoon, Steven Universe",11465
5_Feels_Good/10657,Feels_Good,"Superman (Earth 30), Feels Good, Comics, DC",37680
5_Feels_Good/10658,Feels_Good,"Swedish Colonialist, Feels Good, Sweden, Scandinavia, 1821-1914",25903
5_Feels_Good/10659,Feels_Good,"The Beheader, Feels Good, The Ever-Expanding Bunker, Monster, Strange",174047
5_Feels_Good/10660,Feels_Good,"The Lone Wanderer, Feels Good, Post Apocalyptic, Fallout",201311
5_Feels_Good/10661,Feels_Good,"The Witcher Feels Good, Feels Good, Video Game, Fantasy",153480
5_Feels_Good/10662,Feels_Good,"Thomas Cyrix, Feels Good, Youtube, Internet, France, 2010-2020",191396
5_Feels_Good/10663,Feels_Good,"Tigran of Armenia, Feels Good, Armenia, -3000-476, Monarch",482047
5_Feels_Good/10664,Feels_Good,"Tommy Vercetti, Feels Good, Video Game, Grand Theft Auto",231767
5_Feels_Good/10665,Feels_Good,"Trevor Phillips , Feels Good, Video Game, Grand Theft Auto, Canada",216898
5_Feels_Good/10666,Feels_Good,"Tunisian Knight, Feels Good, Knight, 476-1492, Tunisia",145588
5_Feels_Good/10667,Feels_Good,"Turkish Airforce, Feels Good, Turkey, Turkish Armed Forces",155233
5_Feels_Good/10668,Feels_Good,"Turkish Male, Feels Good, Turkey, Middle East",122133
5_Feels_Good/10669,Feels_Good,"Ukrainian Feels Good, Feels Good, Ukraine, Autochthonous, Europe",101193
5_Feels_Good/10670,Feels_Good,"USMC 2004, Feels Good, United States, United States Army, 2000-2010",335391
5_Feels_Good/10671,Feels_Good,"Vault Boy, Feels Good, Post Apocalyptic, Fallout",183351
5_Feels_Good/10672,Feels_Good,"Viet Cong Feels Good, Feels Good, Vietnam, Vietnam War, 1960-1970, People's Army of Vietnam",140333
5_Feels_Good/10673,Feels_Good,"Viktoria Skivlana, Feels Good, Video Game, Warhammer, Futuristic",569555
5_Front_Wojak/13377,Front_Wojak,"Alberto Fermin Zubiria, Front Wojak, Uruguay, 1950-1960, Liberal Right, President",144047
5_Front_Wojak/13378,Front_Wojak,"Balding Wojak, Front Wojak, Civilian (Adult)",19785
5_Front_Wojak/13379,Front_Wojak,"Bernardino Rivadavia, Front Wojak, Argentina, 1821-1914",631099
5_Front_Wojak/13380,Front_Wojak,"Businessman Wojak, Front Wojak, Corporation",96200
5_Front_Wojak/13381,Front_Wojak,"Captain Cold, Front Wojak, Comics, DC",53401
5_Front_Wojak/13382,Front_Wojak,"Chun Doo-hwan , Front Wojak, 1980-1990, Korea, Authoritarian Right, President",279695
5_Front_Wojak/13383,Front_Wojak,"Constantine I of Greece, Front Wojak, Greece, Monarch, 1914-1918",408134
5_Front_Wojak/13384,Front_Wojak,"Dionisio I, Front Wojak, Portugal, Monarch, 476-1492",342150
5_Front_Wojak/13385,Front_Wojak,"Eduardo Lonardi, Front Wojak, Argentina, President, 1950-1960, Authoritarian Left",1480178
5_Front_Wojak/13386,Front_Wojak,"Enrico De Nicola, Front Wojak, Italy, Liberal Right, 1945-1950",188352
5_Front_Wojak/13387,Front_Wojak,"Face Roman Legionnary, Front Wojak, Roman Empire, -3000-476, Knight",105558
5_Front_Wojak/13388,Front_Wojak,"Facing Woolmer, Front Wojak, Internet, Youtube",43620
5_Front_Wojak/13389,Front_Wojak,"Fernando Belaúnde Terry , Front Wojak, Peru, President, 1960-1970",273373
5_Front_Wojak/13390,Front_Wojak,"Front Feels Guy, Front Wojak, Template",41217
5_Front_Wojak/13391,Front_Wojak,"He Is Coming, Front Wojak, Strange",296673
5_Front_Wojak/13392,Front_Wojak,"Heisenberg (Breaking Bad), Front Wojak, Movie and TV Show, Breaking Bad, Criminal",202786
5_Front_Wojak/13393,Front_Wojak,"He Stare, Front Wojak, Strange",293601
5_Front_Wojak/13394,Front_Wojak,"James K. Polk, Front Wojak, United States, President, 1821-1914, Authoritarian Right",472937
5_Front_Wojak/13395,Front_Wojak,"Jomo Kenyatta, Front Wojak, Kenya, 1960-1970, Prime Minister",348916
5_Front_Wojak/13396,Front_Wojak,"Kurt von Schleicher, Front Wojak, Germany, 1918-1939, Liberal Right, Prime Minister",165170
5_Front_Wojak/13397,Front_Wojak,"Li Xiannian, Front Wojak, China, Authoritarian Left, 1980-1990",212923
5_Front_Wojak/13398,Front_Wojak,"Makeup Front Wojak, Front Wojak, Template",112071
5_Front_Wojak/13399,Front_Wojak,"Mario , Front Wojak, Nintendo, Video Game, Super Mario",138355
5_Front_Wojak/13400,Front_Wojak,"McWorker, Front Wojak, Brands, Food and Drink, Employee",1112030
5_Front_Wojak/13401,Front_Wojak,"MillenniaThinker, Front Wojak, Youtube, Internet",270007
5_Front_Wojak/13402,Front_Wojak,"Mitt Romney Wojak, Front Wojak, United States, 2010-2020, Political Figure, Liberal Right",888965
5_Front_Wojak/13403,Front_Wojak,"Mohammed Daud Khan, Front Wojak, Afghanistan, 1970-1980, President",191886
5_Front_Wojak/13404,Front_Wojak,"Nastupoviec, Front Wojak, Belarus, Other Army (Europe)",144666
5_Front_Wojak/13405,Front_Wojak,"Nicola Mancino, Front Wojak, Italy, Liberal Left, 1990-2000",583469
5_Front_Wojak/13406,Front_Wojak,"Nicoló Mascardi, Front Wojak, 1492-1789, Argentina, Italy, Chile, Religious Authority",251902
5_Front_Wojak/13407,Front_Wojak,"Olaf Scholz, Front Wojak, Germany, Liberal Left, 2020-2030, Prime Minister",335027
5_Front_Wojak/13408,Front_Wojak,"Oscar Luigi Scalfaro, Front Wojak, Italy, 1990-2000, Liberal Right",217699
5_Front_Wojak/13409,Front_Wojak,"Prince Franz Josef II Liechtenstein Elder, Front Wojak, Liechtenstein, 1970-1980, Monarch",242298
5_Front_Wojak/13410,Front_Wojak,"Raif Dizdarević , Front Wojak, 1980-1990, Yugoslavia, Authoritarian Left",246830
5_Front_Wojak/13411,Front_Wojak,"Siori Monk, Front Wojak, Fantasy, Elf",617306
5_Front_Wojak/13412,Front_Wojak,"Spinning Wojak GIF, Front Wojak, Template, GIF",5500
5_Front_Wojak/13413,Front_Wojak,"Task Force Doomer, Front Wojak, Militia Forces",764644
5_Front_Wojak/13414,Front_Wojak,"The ???, Front Wojak, Injured and Dead",43649
5_Front_Wojak/13415,Front_Wojak,"Tony Soprano (Goodfellas), Front Wojak, United States, Movie and TV Show, Criminal",122854
5_Front_Wojak/13416,Front_Wojak,"Willi Stoph, Front Wojak, Germany, Authoritarian Left, 1970-1980, President",296379
5_Grey_Chad/10186,Grey_Chad,"Alluri Sitarama Raju (RRR), Grey Chad, Movie and TV Show, Colonial, India, 1918-1939",25049
5_Grey_Chad/10187,Grey_Chad,"Anarcho Communist Grey Chad, Grey Chad, Authoritarian Left (Political Compass), Political Compass, Anarchism",49999
5_Grey_Chad/10188,Grey_Chad,"Anarcho Liberalist Grey Chad, Grey Chad, Liberal Left (Political Compass), Political Compass, Anarchism",49474
5_Grey_Chad/10189,Grey_Chad,"Anarcho Pacifist Grey Chad, Grey Chad, Centrism, Political Compass, Anarchism",49522
5_Grey_Chad/10190,Grey_Chad,"Augusto Pinochet, Grey Chad, 1970-1980, Other Army (South And Central America), Chile, Authoritarian Right, Despot",251671
5_Grey_Chad/10191,Grey_Chad,"Authoritarian Right Grey Chad, Grey Chad, Political Compass, Authoritarian Right (Political Compass)",114059
5_Grey_Chad/10192,Grey_Chad,"Autistic Gen Z Pope, Grey Chad, Christianism, Religious Authority",179191
5_Grey_Chad/10193,Grey_Chad,"Bald GigaChad, Grey Chad, Template",33007
5_Grey_Chad/10194,Grey_Chad,"Bane Grey Chad, Grey Chad, Comics, DC",12086
5_Grey_Chad/10195,Grey_Chad,"Belgian Gigachad, Grey Chad, Belgian Armed Forces, Belgium",189881
5_Grey_Chad/10196,Grey_Chad,"Bird Grey Chad, Grey Chad, Farm",21656
5_Grey_Chad/10197,Grey_Chad,"BlackJak Grey Chad, Grey Chad, Template",292221
5_Grey_Chad/10198,Grey_Chad,"Bolivian Greychad FFAA Soldier, Grey Chad, Bolivia, Other Army (South And Central America)",128840
5_Grey_Chad/10199,Grey_Chad,"Brainlet Grey Chad, Grey Chad, Brainlet",154799
5_Grey_Chad/10200,Grey_Chad,"Brazilian Music Group, Grey Chad, Music, Group, Brazil",1921278
5_Grey_Chad/10201,Grey_Chad,"Bulgarian Giga Chad, Grey Chad, Europe, Balkan, Bulgaria",87088
5_Grey_Chad/10202,Grey_Chad,"Calamity Janes , Grey Chad, United States, 1821-1914, Far West, Full Body",491750
5_Grey_Chad/10203,Grey_Chad,"Capitalist Grey Chad, Grey Chad, Political Compass, Authoritarian Right (Political Compass)",20136
5_Grey_Chad/10204,Grey_Chad,"Chad bikiniarz , Grey Chad, Music, Poland, 1945-1950",1109569
5_Grey_Chad/10205,Grey_Chad,"Chad CGT, Grey Chad, Authoritarian Left, Worker",200491
5_Grey_Chad/10206,Grey_Chad,"Chad Hitler, Grey Chad, 1939-1945, The Third Reich, Masked, Despot, National-Socialism",149038
5_Grey_Chad/10207,Grey_Chad,"Chad Karl Marx, Grey Chad, Germany, 1821-1914, Philosophy, Authoritarian Left",1137225
5_Grey_Chad/10208,Grey_Chad,"Chad King, Grey Chad, 476-1492, Monarch",474628
5_Grey_Chad/10209,Grey_Chad,"Champa Warrior Chad, Grey Chad, Autochthonous, Knight",77552
5_Grey_Chad/10210,Grey_Chad,"Chiristian Anarcho Communist Grey Chad, Grey Chad, Political Compass, Authoritarian Right (Political Compass), Anarchism",41305
5_Grey_Chad/10211,Grey_Chad,"Christian Socialist Grey Chad, Grey Chad, Authoritarian Left (Political Compass), Political Compass, Christianism",45237
5_Grey_Chad/10212,Grey_Chad,"Cloaked Grey Chad, Grey Chad, Peasant, 476-1492",87923
5_Grey_Chad/10213,Grey_Chad,"Colossus Grey Chad, Grey Chad, Comics, Marvel",16821
5_Grey_Chad/10214,Grey_Chad,"Conquest Grey Chad, Grey Chad, Comics, Invincible",20643
5_Grey_Chad/10215,Grey_Chad,"CSAT Soldier Arma 3, Grey Chad, Video Game, Arma",741589
5_Grey_Chad/10216,Grey_Chad,"Demochad, Grey Chad, Video Game, Team Fortress 2",54449
5_Grey_Chad/10217,Grey_Chad,"Disco Grey Chad, Grey Chad, Music, United States, 1980-1990",491540
5_Grey_Chad/10218,Grey_Chad,"Disco Group, Grey Chad, Music, Group, 1980-1990",1738386
5_Grey_Chad/10219,Grey_Chad,"Ego Communist Grey Chad, Grey Chad, Political Compass, Authoritarian Right (Political Compass), Anarchism",65432
5_Grey_Chad/10220,Grey_Chad,"Eli Vance, Grey Chad, Video Game, Half Life",48707
5_Grey_Chad/10221,Grey_Chad,"El Presidente (Tropico), Grey Chad, Video Game, Despot",151920
5_Grey_Chad/10222,Grey_Chad,"euphoria chad , Grey Chad, Template",1283416
5_Grey_Chad/10223,Grey_Chad,"Felipe Santiago Salaverry del Solar, Grey Chad, Peru, Peruvian Armed Forces, 1821-1914",260625
5_Grey_Chad/10224,Grey_Chad,"Gangsta Chad, Grey Chad, Criminal",136247
5_Grey_Chad/10225,Grey_Chad,"General Radahn, Grey Chad, Knight, Fantasy",721162
5_Grey_Chad/10226,Grey_Chad,"Gigachad Alex, Grey Chad, Militia Forces, Masked",65781
5_Grey_Chad/10227,Grey_Chad,"Gigachad in sauna, Grey Chad, Finland",399454
5_Grey_Chad/10228,Grey_Chad,"Giga Frank Sinatra, Grey Chad, Music, United States",315898
5_Grey_Chad/10229,Grey_Chad,"Grey Chad Brainiaks, Grey Chad, Template",43866
5_Grey_Chad/10230,Grey_Chad,"Grey Chad Bull, Grey Chad, Farm",37978
5_Grey_Chad/10231,Grey_Chad,"Grey Chad Construction Worker, Grey Chad, Worker, Worker Team (The Ever-Expanding Bunker), The Ever-Expanding Bunker",110356
5_Grey_Chad/10232,Grey_Chad,"Grey Chad Stan Lee, Grey Chad, Comics, Marvel, Art, United States",714255
5_Grey_Chad/10233,Grey_Chad,"Guevaraist Grey Chad, Grey Chad, Authoritarian Left (Political Compass), Political Compass",187524
5_Grey_Chad/10234,Grey_Chad,"Happy New Year Group, Grey Chad, Music, Group, Festivity",2177719
5_Grey_Chad/10235,Grey_Chad,"Hungarian Chad Solider, Grey Chad, Hungary, Other Army (Europe)",291420
5_Grey_Chad/10236,Grey_Chad,"Irish Grey Chad, Grey Chad, Ireland, Europe",64639
5_Grey_Chad/10237,Grey_Chad,"Japanese City Pop Group, Grey Chad, Music, Group, Japan",1837185
5_Grey_Chad/10238,Grey_Chad,"Jazz Group, Grey Chad, Music, Group, United States",1351292
5_Grey_Chad/10239,Grey_Chad,"Juan Perón, Grey Chad, Argentina, 1945-1950, Authoritarian Right, President",696786
5_Grey_Chad/10240,Grey_Chad,"Komaram Bheem (RRR), Grey Chad, Movie and TV Show, Colonial, India, 1918-1939",20824
5_Grey_Chad/10241,Grey_Chad,"Kyrgyz Giga Chad, Grey Chad, Kyrgyzstan, Asia",131041
5_Grey_Chad/10242,Grey_Chad,"Left Wing Nationalist Grey Chad, Grey Chad, Authoritarian Left (Political Compass), Political Compass",67457
5_Grey_Chad/10243,Grey_Chad,"Liberalist Grey Chad, Grey Chad, Political Compass, Authoritarian Right (Political Compass), Liberal Left (Political Compass)",20854
5_Grey_Chad/10244,Grey_Chad,"Liberal Left Gey Chad, Grey Chad, Liberal Left, Political Compass",121715
5_Grey_Chad/10245,Grey_Chad,"Liberal Market Socialist Grey Chad, Grey Chad, Liberal Right (Political Compass), Anarchism, Political Compass",99276
5_Grey_Chad/10246,Grey_Chad,"Liberal Socialist Grey Chad, Grey Chad, Political Compass, Authoritarian Right (Political Compass), Liberal Left (Political Compass)",56963
5_Grey_Chad/10247,Grey_Chad,"Lieutenant Wojak, Grey Chad, Post Apocalyptic, Monster",461980
5_Grey_Chad/10248,Grey_Chad,"Lily Grey Chad, Grey Chad, Post Apocalyptic, Fallout : New Vegas",374765
5_Grey_Chad/10249,Grey_Chad,"Literally Me, Grey Chad, MAGA",128615
5_Grey_Chad/10250,Grey_Chad,"Luis Lacalle Pou, Grey Chad, Uruguay, 2020-2030, Liberal Right, President",745032
5_Grey_Chad/10251,Grey_Chad,"Macedonian Soldier Chad, Grey Chad, Macedonia, -3000-476, Knight",265740
5_Grey_Chad/10252,Grey_Chad,"Maori Orthodox Priest Grey Chad, Grey Chad, Christianism, Orthodox, New Zealand, Religious Authority",117243
5_Grey_Chad/10253,Grey_Chad,"Market Socialist Grey Chad, Grey Chad, Authoritarian Left (Political Compass), Political Compass",72070
5_Grey_Chad/10254,Grey_Chad,"Matt (Demo), Grey Chad, Video Game",120957
5_Grey_Chad/10255,Grey_Chad,"Mieczysław Moczar, Grey Chad, Poland, Authoritarian Left, Authoritarian Right, 1939-1945",78797
5_Grey_Chad/10256,Grey_Chad,"Milicija Giga Chad, Grey Chad, Militia Forces",38131
5_Grey_Chad/10257,Grey_Chad,"MLG Gigachad, Grey Chad, Meme, Internet",168671
5_Grey_Chad/10258,Grey_Chad,"Monster Finn, Grey Chad, Monster, Cartoon, Adventure Time",32950
5_Grey_Chad/10259,Grey_Chad,"Moon Knight, Grey Chad, Comics, Marvel",28641
5_Grey_Chad/10260,Grey_Chad,"Mutualist Grey Chad, Grey Chad, Liberal Right (Political Compass), Anarchism, Political Compass",51106
5_Grey_Chad/10261,Grey_Chad,"Naomi, Grey Chad, Anime, Girls Und Panzer, United States",78872
5_Grey_Chad/10262,Grey_Chad,"NightKin Grey Chad, Grey Chad, Post Apocalyptic, Fallout : New Vegas",356024
5_Grey_Chad/10263,Grey_Chad,"Normand chad, Grey Chad, 476-1492, Knight, France",151370
5_Grey_Chad/10264,Grey_Chad,"Old Juan Perón, Grey Chad, Argentina, Authoritarian Right, 1960-1970, President",421627
5_Grey_Chad/10265,Grey_Chad,"Orthodox Chad, Grey Chad, Greece, Orthodox, Christianism",745058
5_Grey_Chad/10266,Grey_Chad,"Ottoman Chad, Grey Chad, Ottoman Empire, Ottoman Army",33662
5_Grey_Chad/10267,Grey_Chad,"Pakistan Chad Soldier, Grey Chad, Other Army (Asia), Pakistan",62821
5_Grey_Chad/10268,Grey_Chad,"Pashtun Nationalist, Grey Chad, Afghanistan, 1980-1990, Authoritarian Right",63492
5_Grey_Chad/10269,Grey_Chad,"PDI gigachad, Grey Chad, Chile, South America",129122
5_Grey_Chad/10270,Grey_Chad,"Peruvian President Ramon Castilla, Grey Chad, Peru, Peruvian Armed Forces, 1821-1914",1447738
5_Grey_Chad/10271,Grey_Chad,"Peter Renkens (confetti's singer), Grey Chad, Music, Belgium, 1990-2000",548744
5_Grey_Chad/10272,Grey_Chad,"Philippe Poutou, Grey Chad, France, Authoritarian Left, Worker, Political Figure, 2010-2020",17637
5_Grey_Chad/10273,Grey_Chad,"President Agustín Gamarra, Grey Chad, Peru, 1821-1914, President",1359248
5_Grey_Chad/10274,Grey_Chad,"Rafael Franco, Grey Chad, Paraguay, President, 1939-1945, Authoritarian Left",257133
5_Grey_Chad/10275,Grey_Chad,"Rock Group, Grey Chad, Music, Group, 1980-1990",1425085
5_Grey_Chad/10276,Grey_Chad,"Russian Chad, Grey Chad, Russia",610073
5_Grey_Chad/10277,Grey_Chad,"Russman, Grey Chad, Video Game, First-Person Shooter, Call Of Duty",257772
5_Grey_Chad/10278,Grey_Chad,"Santiago Abascal, Grey Chad, Political Figure, Spain, 2010-2020",64325
5_Grey_Chad/10279,Grey_Chad,"Socialist Grey Chad, Grey Chad, Political Compass, Authoritarian Right (Political Compass)",20108
5_Grey_Chad/10280,Grey_Chad,"Somer Grey Chad, Grey Chad, Iraq, -3000-476",126667
5_Grey_Chad/10281,Grey_Chad,"Soy Grey Chad, Grey Chad, Template",7875
5_Grey_Chad/10282,Grey_Chad,"Star Trek Grey Chad Enjoyer, Grey Chad, Space, Star Trek",41394
5_Grey_Chad/10283,Grey_Chad,"Super Mutant Grey Chad, Grey Chad, Post Apocalyptic, Fallout",310405
5_Grey_Chad/10284,Grey_Chad,"Supreme Warlord Raz, Grey Chad, Post Apocalyptic",973427
5_Grey_Chad/10285,Grey_Chad,"The Bronze, Grey Chad, Fantasy, Elf",84247
5_Grey_Chad/10286,Grey_Chad,"The Chad Guard, Grey Chad, The Ever-Expanding Bunker, Guard (The Ever-Expanding Bunker)",64401
5_Grey_Chad/10287,Grey_Chad,"The Chad Guard, Grey Chad, The Ever-Expanding Bunker, Guard (The Ever-Expanding Bunker)",23350
5_Grey_Chad/10288,Grey_Chad,"The Chad Guard, Grey Chad, The Ever-Expanding Bunker, Guard (The Ever-Expanding Bunker)",23350
5_Grey_Chad/10289,Grey_Chad,"The FishLord, Grey Chad, The Ever-Expanding Bunker, Ocean",160243
5_Grey_Chad/10290,Grey_Chad,"The Hollow Chad, Grey Chad, The Ever-Expanding Bunker",21901
5_Grey_Chad/10291,Grey_Chad,"The HR Nutrition Guy, Grey Chad, The Ever-Expanding Bunker",985490
5_Grey_Chad/10292,Grey_Chad,"The Jazzpunked, Grey Chad, The Ever-Expanding Bunker, 1970-1980",106095
5_Grey_Chad/10293,Grey_Chad,"The Paladin, Grey Chad, The Ever-Expanding Bunker, Paladin (The Ever-Expanding Bunker)",127450
5_Grey_Chad/10294,Grey_Chad,"The Paladin - Adlan Fiske, Grey Chad, The Ever-Expanding Bunker, Paladin (The Ever-Expanding Bunker), Injured and Dead",131872
5_Grey_Chad/10295,Grey_Chad,"The Punished Guard - Level 120, Grey Chad, The Ever-Expanding Bunker, Guard (The Ever-Expanding Bunker)",22932
5_Grey_Chad/10296,Grey_Chad,"The Yeti, Grey Chad, Monster, Bhutan, Nepal, Tibet, Mythology",72842
5_Grey_Chad/10297,Grey_Chad,"Titoist Chad, Grey Chad, Yugoslavia, 1960-1970, Authoritarian Left",339284
5_Grey_Chad/10298,Grey_Chad,"Toshinori (All Might) Yagi, Grey Chad, Anime, My Hero Academia",500591
5_Grey_Chad/10299,Grey_Chad,"Toshinori (All Might) Yagi, Grey Chad, Anime, My Hero Academia",790755
5_Grey_Chad/10300,Grey_Chad,"Toshinori (All Might) Yagi, Grey Chad, Anime, My Hero Academia",790755
5_Grey_Chad/10301,Grey_Chad,"Tunca Arslan (Oray Bey), Grey Chad, Turkey, Youtube",238103
5_Grey_Chad/10302,Grey_Chad,"Upper Body Khan Ata Grey Chad, Grey Chad, Sport, Kazakhstan",72402
5_Grey_Chad/10303,Grey_Chad,"Venezuelan Greychad FANB Soldier, Grey Chad, National Bolivarian Armed Forces of Venezuela, Venezuela",88546
5_Grey_Chad/10304,Grey_Chad,"Vlad, Grey Chad, Russia, Europe",220915
5_Grey_Chad/10305,Grey_Chad,"White Grey Chad, Grey Chad, Template",102135
5_Grey_Chad/10306,Grey_Chad,"Zachary Taylor, Grey Chad, United States, President, 1821-1914, Authoritarian Right",462749
5_Grey_Chad/10307,Grey_Chad,"Zack Snyder, Grey Chad, Movie and TV Show, United States, 2010-2020, Art",35669
5_Groomer/12669,Groomer,"Adult Groomer, Groomer, Civilian (Adult)",64887
5_Groomer/12670,Groomer,"Afonso IV, Groomer, Portugal, Monarch, 476-1492",141844
5_Groomer/12671,Groomer,"Amadeo Sabattini, Groomer, Argentina, 1939-1945",186050
5_Groomer/12672,Groomer,"Arturo Lezama, Groomer, Uruguay, 1950-1960, Liberal Right, President",63396
5_Groomer/12673,Groomer,"Arturo Vidal, Groomer, Chile, Sport",284132
5_Groomer/12674,Groomer,"Austria Hungarian Groomer, Groomer, 1914-1918, Austria-Hungarian Empire, Austro-Hungarian Armed Forces",344037
5_Groomer/12675,Groomer,"Big Boobies Groomer Girl, Groomer, Civilian (Adult)",79446
5_Groomer/12676,Groomer,"Bulgarian Gipsy, Groomer, Europe, Bulgaria",85647
5_Groomer/12677,Groomer,"Canciller Leo von Caprivi, Groomer, 1821-1914, Monarch",73594
5_Groomer/12678,Groomer,"Carol II of Romania, Groomer, Monarch, Romania, 1918-1939",359637
5_Groomer/12679,Groomer,"Cheese, Groomer, Fantasy, Movie and TV Show, Game of Thrones",80438
5_Groomer/12680,Groomer,"Coby, Groomer, Civilian (Adult)",133889
5_Groomer/12681,Groomer,"Constantinos Karamanlís, Groomer, 1980-1990, Greece",73338
5_Groomer/12682,Groomer,"Crying German Soldier, Groomer, 1914-1918, Germany, Deutsches Heer",71900
5_Groomer/12683,Groomer,"Crying Groomer, Groomer, Template",325732
5_Groomer/12684,Groomer,"David Koresh, Groomer, Protestantism, 1980-1990, United States",89778
5_Groomer/12685,Groomer,"Douglas Mason, Groomer, Schutzstaffel, Futuristic",175953
5_Groomer/12686,Groomer,"Dr. Sex, Groomer, The Ever-Expanding Bunker, Medical, Science",72119
5_Groomer/12687,Groomer,"Egon Krenz, Groomer, 1980-1990, Germany, Authoritarian Left, President",231680
5_Groomer/12688,Groomer,"Felipe IV, Groomer, Spain, Monarch, 1492-1789",109207
5_Groomer/12689,Groomer,"Fied Medic Dr. Sex, Groomer, The Ever-Expanding Bunker, Medical, Science",87315
5_Groomer/12690,Groomer,"François Mitterrand, Groomer, France, 1980-1990, Liberal Left",121910
5_Groomer/12691,Groomer,"Franklin Pierce, Groomer, United States, President, 1821-1914, Authoritarian Right",169441
5_Groomer/12692,Groomer,"Franz von Papen, Groomer, Germany, 1918-1939, Liberal Right, Prime Minister",67238
5_Groomer/12693,Groomer,"Giuseppe Saragat, Groomer, Italy, Liberal Left, 1960-1970",92788
5_Groomer/12694,Groomer,"Groomer Biker, Groomer, Sport",50451
5_Groomer/12695,Groomer,"Groomer NonChalont, Groomer, Template",36780
5_Groomer/12696,Groomer,"Groomer Peasant, Groomer, 476-1492",44827
5_Groomer/12697,Groomer,"Groomer Psycho, Groomer, Monster",41504
5_Groomer/12698,Groomer,"Gypsy, Groomer, Balkan",151461
5_Groomer/12699,Groomer,"Hans Huttig, Groomer, The Third Reich, Schutzstaffel, 1939-1945",102936
5_Groomer/12700,Groomer,"Hawaiian Warrior, Groomer, Autochthonous, Pacific",56725
5_Groomer/12701,Groomer,"Headbanger Groomer, Groomer, Music, Meme",196223
5_Groomer/12702,Groomer,"Headbanger Groomer, Groomer, Music, Meme, Full Body",290816
5_Groomer/12703,Groomer,"Henry VII, Groomer, 1492-1789, United Kingdom, Monarch",134461
5_Groomer/12704,Groomer,"Hermann Müller, Groomer, Germany, 1918-1939, Liberal Left, Prime Minister",123791
5_Groomer/12705,Groomer,"Humanist Eventist Recruter, Groomer, Robot, The Ever-Expanding Bunker",547062
5_Groomer/12706,Groomer,"Iain Duncan Smith, Groomer, United Kingdom, Political Figure, 2010-2020",97353
5_Groomer/12707,Groomer,"Injured Groomer, Groomer, Injured and Dead",161413
5_Groomer/12708,Groomer,"Injured Pedophile, Groomer, Criminal, Injured and Dead",116999
5_Groomer/12709,Groomer,"Ixtlilxochitl II, Groomer, 1492-1789, Mexico, Autochthonous, Monarch",396142
5_Groomer/12710,Groomer,"Jewish Groomer, Groomer, Judaism",79650
5_Groomer/12711,Groomer,"Level Checker - Level 89, Groomer, The Ever-Expanding Bunker, Robot",30784
5_Groomer/12712,Groomer,"Lorenzo Batlle , Groomer, Uruguay, 1821-1914, Liberal Right, President",77118
5_Groomer/12713,Groomer,"Mapuche Groomer, Groomer, Chile, Autochthonous, 1492-1789",262654
5_Groomer/12714,Groomer,"Millennial Groomer, Groomer, Civilian (Teenager)",89350
5_Groomer/12715,Groomer,"Néstor Kirchner, Groomer, Argentina, President, 2000-2010, Liberal left",61635
5_Groomer/12716,Groomer,"Nicholas I of Russia, Groomer, 1821-1914, Imperial, Russia",277026
5_Groomer/12717,Groomer,"Nikos Androulakis, Groomer, Greece, Political Figure, 2010-2020, Authoritarian Left",59106
5_Groomer/12718,Groomer,"Oliver Stone, Groomer, Movie and TV Show, United States, 2010-2020, Art",41732
5_Groomer/12719,Groomer,"Otto Von Bismarck, Groomer, Germany, Prussia, Royal Prussian Army, 1821-1914, Prime Minister",58216
5_Groomer/12720,Groomer,"Otto Von Bismarck, Groomer, Germany, Prussia, Royal Prussian Army, 1821-1914, Prime Minister",58216
5_Groomer/12721,Groomer,"Peasant, Groomer, 476-1492, Peasant",211805
5_Groomer/12722,Groomer,"Peasant Groomer, Groomer, 476-1492, Peasant",154681
5_Groomer/12723,Groomer,"Pierre Trudeau, Groomer, Canada, 1970-1980, Prime Minister, Liberal left",203162
5_Groomer/12724,Groomer,"Prime Minister Jean Chrétien, Groomer, 1990-2000, Canada, Liberal Left, Prime Minister",84653
5_Groomer/12725,Groomer,"PRI Politician, Groomer, 1918-1939, Mexico",117664
5_Groomer/12726,Groomer,"Prussian , Groomer, Prussia, 1821-1914, Royal Prussian Army",383360
5_Groomer/12727,Groomer,"Reddit Groomer, Groomer, Internet, Brands, Social Media",8953
5_Groomer/12728,Groomer,"Romanian, Groomer, Europe, Romania",279517
5_Groomer/12729,Groomer,"Saleman Groomer, Groomer, Employee, Employee",24978
5_Groomer/12730,Groomer,"Santiagueño, Groomer, Argentina, Civilian (Adult)",71071
5_Groomer/12731,Groomer,"Saul Goodman, Groomer, Movie and TV Show, Breaking Bad",56880
5_Groomer/12732,Groomer,"Saul Groomer, Groomer, Breaking Bad, Movie and TV Show",50415
5_Groomer/12733,Groomer,"Siad Barre, Groomer, Somalia, 1970-1980, Authoritarian Left, President",136566
5_Groomer/12734,Groomer,"Sith Groomer, Groomer, Star Wars, Movie and TV Show, Futuristic",8411
5_Groomer/12735,Groomer,"Soviet Soldier, Groomer, 1939-1945, Soviet Union, Red Army",204654
5_Groomer/12736,Groomer,"Sultan, Groomer, Ottoman Empire, Imperial, 1492-1789",38280
5_Groomer/12737,Groomer,"The Paladin - Doctor Bax, Groomer, The Ever-Expanding Bunker, Paladin (The Ever-Expanding Bunker), Medical",124373
5_Groomer/12738,Groomer,"The Protectorat, Groomer, Fantasy",238198
5_Groomer/12739,Groomer,"The Recruiter - Level 138, Groomer, The Ever-Expanding Bunker",43764
5_Groomer/12740,Groomer,"The Vayan, Groomer, Fantasy, Futuristic",130593
5_Groomer/12741,Groomer,"Twitter Groomer, Groomer, Internet, Brands, Social Media",13441
5_Groomer/12742,Groomer,"Umberto II de Italia, Groomer, Monarch, Italy, 1945-1950",243546
5_Groomer/12743,Groomer,"Vaush Groomer, Groomer, Internet, Youtube",68779
5_Groomer/12744,Groomer,"Waffen-Schutzstaffel Leutnant, Groomer, 1939-1945, The Third Reich, National-Socialism, Schutzstaffel",29641
5_Groomer/12745,Groomer,"Walter Sidotti, Groomer, Argentina, Music",1816527
5_Groomer/12746,Groomer,"Weather Station Monitorer, Groomer, Canada, Civilian (Adult)",12728
5_Groomer/12747,Groomer,"Xi Jiping, Groomer, China, 2010-2020, General Secretary, Authoritarian Left",167173
5_Groomer/12748,Groomer,"Youtube Groomer, Groomer, Internet, Brands, Youtube, Social Media",9062
5_Grug/12749,Grug,"Adolf Hitler, Grug, 1939-1945, Despot, The Third Reich, National-Socialism",129020
5_Grug/12750,Grug,"Adolf Hitler Grug, Grug, 1939-1945, Despot, National-Socialism, The Third Reich",220796
5_Grug/12751,Grug,"African Native Grug, Grug, Africa, Autochthonous",31478
5_Grug/12752,Grug,"Amoebrug, Grug, Medical, Science",172611
5_Grug/12753,Grug,"Anarchist Grug, Grug, Authoritarian Left (Political Compass), Anarchism",107353
5_Grug/12754,Grug,"Andrew Ryan Grug, Grug, Video Game, Bioshock, Ocean, Steampunk",99618
5_Grug/12755,Grug,"Angry Grug, Grug, -3000",9580
5_Grug/12756,Grug,"Anprim Grug, Grug, Anarchism",287186
5_Grug/12757,Grug,"Archer Grug, Grug, -3000",126420
5_Grug/12758,Grug,"Authoritarian Left Grug, Grug, Authoritarian Left (Political Compass), Political Compass",96382
5_Grug/12759,Grug,"British Grug, Grug, United Kingdom, Europe",32594
5_Grug/12760,Grug,"Chad Grug, Grug, -3000",95959
5_Grug/12761,Grug,"Charlopithéque, Grug, Internet, -3000",55657
5_Grug/12762,Grug,"Christian Weston Chandler , Grug, 2000-2010, United States, Sonic the Hedgehog, Pokemon, Internet",117499
5_Grug/12763,Grug,"Cole (Lego Ninjago), Grug, Toy, Cartoon",95356
5_Grug/12764,Grug,"Coomer Grug, Grug, -3000",163528
5_Grug/12765,Grug,"Dante Alighieri Grug, Grug, Italy, Art, 1492-1789",64920
5_Grug/12766,Grug,"Donald Trump Grug, Grug, President, 2010-2020, United States, MAGA",152490
5_Grug/12767,Grug,"Doomsday, Grug, Comics, DC",11434
5_Grug/12768,Grug,"Dragonborn, Grug, Video Game, Skyrim, Fantasy",176511
5_Grug/12769,Grug,"Enis Kirazoğlu, Grug, Turkey, Youtube",430494
5_Grug/12770,Grug,"Fat Grug, Grug, -3000",475960
5_Grug/12771,Grug,"Fred Flinstone (The Flintstone), Grug, Cartoon, -3000",137147
5_Grug/12772,Grug,"Friedrich Nietzsche Grug, Grug, 1821-1914, Philosophy, Germany",7531
5_Grug/12773,Grug,"Gaul Grug, Grug, -3000-476, France",56788
5_Grug/12774,Grug,"Giorno Giovanni, Grug, Anime, JoJo's Bizarre Adventure",104844
5_Grug/12775,Grug,"Greek Grug, Grug, Greece, Europe, Balkan",209350
5_Grug/12776,Grug,"Green Grug, Grug, -3000",7867
5_Grug/12777,Grug,"Grug Bogdanov, Grug, France, Internet, 2010-2020, Science",30091
5_Grug/12778,Grug,"Grug Brainlet, Grug, -3000",186236
5_Grug/12779,Grug,"Grug Darius, Grug, Sport, League of Legends, Video Game",143229
5_Grug/12780,Grug,"Grug Mario, Grug, Video Game, Nintendo, Super Mario",238005
5_Grug/12781,Grug,"Grug Martin Luther, Grug, Christianism, Protestantism, Germany, 1492-1789",74161
5_Grug/12782,Grug,"Grug Pokemon Fan, Grug, Video Game, Nintendo, Pokemon",137803
5_Grug/12783,Grug,"Grug Priest, Grug, Christianism, Religious Authority",186398
5_Grug/12784,Grug,"Grug Stone, Grug, -3000, Template",206774
5_Grug/12785,Grug,"Gruk, Grug, Europe, Turkey",142572
5_Grug/12786,Grug,"Happy Grug, Grug, -3000, Template",104268
5_Grug/12787,Grug,"Hippie Grug, Grug, -3000, Liberal Left",10023
5_Grug/12788,Grug,"Hitler Grug, Grug, The Third Reich, 1939-1945, National-Socialism, Despot",75501
5_Grug/12789,Grug,"IGNIS Grug, Grug, The Ever-Expanding Bunker, IGNIS (The Ever-Expanding Bunker)",379454
5_Grug/12790,Grug,"IGNIS Grug, Grug, The Ever-Expanding Bunker, IGNIS (The Ever-Expanding Bunker)",375770
5_Grug/12791,Grug,"Immortal, Grug, Comics, Invincible",28216
5_Grug/12792,Grug,"Iosif Stalin Grug, Grug, 1939-1945, Red Army, Soviet Union, Authoritarian Left",310025
5_Grug/12793,Grug,"ISIS Grug, Grug, Middle East, Terrorism, Islam",92736
5_Grug/12794,Grug,"Jewish Grug, Grug, Judaism",69425
5_Grug/12795,Grug,"Joseph Stalin, Grug, Authoritarian Left, General Secretary, Soviet Union, 1939-1945",160792
5_Grug/12796,Grug,"Kadok, Grug, Robot, The Ever-Expanding Bunker",620167
5_Grug/12797,Grug,"Karl Marx Grug, Grug, 1821-1914, Authoritarian Left, Germany, Philosophy",73580
5_Grug/12798,Grug,"Knight Grug, Grug, 476-1492, Knight",98947
5_Grug/12799,Grug,"Kraven The Hunter, Grug, Comics, Marvel",9435
5_Grug/12800,Grug,"LGBT Grug, Grug, -3000, LGBT+",266169
5_Grug/12801,Grug,"LibRight Cyclops, Grug, Political Compass, Liberal Right (Political Compass)",115430
5_Grug/12802,Grug,"LibRight Grug, Grug, Political Compass, Liberal Right (Political Compass)",90855
5_Grug/12803,Grug,"Link Grug, Grug, Video Game, Nintendo, The Legend of Zelda",67315
5_Grug/12804,Grug,"Lord Tirek Grug, Grug, Cartoon, My Little Pony",46072
5_Grug/12805,Grug,"Max Stirner Grug, Grug, 1821-1914, Philosophy, Germany, Anarchism, Liberal Right",20838
5_Grug/12806,Grug,"Mr Meat, Grug, Video Game",230425
5_Grug/12807,Grug,"Muslim Grug and Chad, Grug, Middle East, Islam, Group",82945
5_Grug/12808,Grug,"Muslim Grug, Grug, Middle East, Islam",12604
5_Grug/12809,Grug,"My Little Pony Grug, Grug, Cartoon, My Little Pony",5636
5_Grug/12810,Grug,"Norf FC Grug, Grug, United Kingdom",26887
5_Grug/12811,Grug,"Pakistani Grug, Grug, Pakistan, Asia",12604
5_Grug/12812,Grug,"Pepe Grug, Grug, Internet",57919
5_Grug/12813,Grug,"Rage Grug, Grug, -3000",156459
5_Grug/12814,Grug,"Realistic Grug, Grug, -3000, Template",685707
5_Grug/12815,Grug,"Rolling Soy Grug, Grug, -3000",48704
5_Grug/12816,Grug,"Schutzstaffel Grug, Grug, 1939-1945, National-Socialism, The Third Reich, Schutzstaffel",85448
5_Grug/12817,Grug,"Smug Tuxedo Grug, Grug, Nobility and Bourgeoisie",66741
5_Grug/12818,Grug,"Soy Grug, Grug, -3000",84776
5_Grug/12819,Grug,"Soylent Grug, Grug, Liberal Left (Political Compass), LGBT+",141353
5_Grug/12820,Grug,"Sport Grug, Grug, Sport",78903
5_Grug/12821,Grug,"Spy With Baguette, Grug, Team Fortress 2, Food and Drink",93160
5_Grug/12822,Grug,"Stoner Grug, Grug, -3000, Liberal Left",148758
5_Grug/12823,Grug,"Super Mutant Grug, Grug, Post Apocalyptic, Fallout",62475
5_Grug/12824,Grug,"Tactical Grug, Grug, -3000, Survivalism, Liberal Right (Political Compass)",157494
5_Grug/12825,Grug,"Thinking Chad Grug, Grug, -3000",41013
5_Grug/12826,Grug,"Thinking Grug, Grug, -3000, Template",52232
5_Grug/12827,Grug,"Tired Neanderthals, Grug, -3000",99005
5_Grug/12828,Grug,"Transhumanist Grug, Grug, -3000, Cyberpunk 2077, Robot",239058
5_Grug/12829,Grug,"Typical French Grug, Grug, Europe, France",32414
5_Grug/12830,Grug,"Unhappy Grug, Grug, -3000, Template",6959
5_Grug/12831,Grug,"Vietnam War US Troop, Grug, 1960-1970, United States Army, Vietnam War, United States",189433
5_Grug/12832,Grug,"Wendigo, Grug, Fantasy, Monster",76232
5_Grug/12833,Grug,"Wendigo, Grug, Fantasy, Monster",72782
5_Grug/12834,Grug,"Wendigo, Grug, Fantasy, Monster",243935
5_Grug/12835,Grug,"Wolfgang Amadeus Mozart Grug, Grug, 1492-1789, Austria, Music",111211
5_Handsome_Wojak/10000,Handsome_Wojak,"Fructuoso Rivera, Handsome Wojak, Uruguay, 1821-1914, Liberal Right, President",137446
5_Handsome_Wojak/10001,Handsome_Wojak,"Fulgencio Batista Chad, Handsome Wojak, Authoritarian Right, Cuba, Despot, 1950-1960",181159
5_Handsome_Wojak/10002,Handsome_Wojak,"George II of Greece, Handsome Wojak, Greece, Monarch, 1939-1945",844240
5_Handsome_Wojak/10003,Handsome_Wojak,"James Madison, Handsome Wojak, United States, President, 1789-1821, Authoritarian Right",343046
5_Handsome_Wojak/10004,Handsome_Wojak,"Joseph Joestar, Handsome Wojak, Anime, JoJo's Bizarre Adventure",83025
5_Handsome_Wojak/10005,Handsome_Wojak,"Lee Kuan Yew, Handsome Wojak, 1960-1970, Singapore, Liberal Right, Prime Minister",216659
5_Handsome_Wojak/10006,Handsome_Wojak,"Louis XIII, Handsome Wojak, France, Monarch, 1492-1789",52644
5_Handsome_Wojak/10007,Handsome_Wojak,"Micheal Bay, Handsome Wojak, Movie and TV Show, 2010-2020, United States",41760
5_Handsome_Wojak/10008,Handsome_Wojak,"Native American Chad, Handsome Wojak, Autochthonous, United States, 476-1492",98534
5_Handsome_Wojak/10009,Handsome_Wojak,"Nauru Chad, Handsome Wojak, Pacific, Ocean",124863
5_Handsome_Wojak/10010,Handsome_Wojak,"Ripped King Zvonimir Wojak, Handsome Wojak, Croatia, Monarch",110694
5_Handsome_Wojak/10011,Handsome_Wojak,"Rocky Balboa, Handsome Wojak, Movie and TV Show, 1970-1980",588682
5_Handsome_Wojak/10012,Handsome_Wojak,"Smooth Wojak, Handsome Wojak, Template",103164
5_Handsome_Wojak/10013,Handsome_Wojak,"Strong African, Handsome Wojak, Africa, Autochthonous",151515
5_Handsome_Wojak/10014,Handsome_Wojak,"Sylvain Durif, Handsome Wojak, 2010-2020, France",217525
5_Handsome_Wojak/10015,Handsome_Wojak,"Teen At The Beach, Handsome Wojak, Tourism",231846
5_Handsome_Wojak/10016,Handsome_Wojak,"Tony Manero ( Travolta ), Handsome Wojak, Movie and TV Show, 1970-1980",983723
5_Handsome_Wojak/10017,Handsome_Wojak,"Viking, Handsome Wojak, 476-1492, Viking, Scandinavia",525125
5_Handsome_Wojak/10018,Handsome_Wojak,"Zulu King, Handsome Wojak, Africa, Zimbabwe, Monarch",230130
5_Handsome_Wojak/10019,Handsome_Wojak,"Zyzz, Handsome Wojak, Tourism",168933
5_Handsome_Wojak/9991,Handsome_Wojak,"Amleth (The Northman), Handsome Wojak, Movie and TV Show, 476-1492, Viking",27766
5_Handsome_Wojak/9992,Handsome_Wojak,"Antonio Rodriguez de la Fuente, Handsome Wojak, Peruvian Armed Forces, Peru, 1821-1914",602912
5_Handsome_Wojak/9993,Handsome_Wojak,"Augusto Pinochet, Handsome Wojak, Authoritarian Right, Chile, Despot, 1970-1980",381950
5_Handsome_Wojak/9994,Handsome_Wojak,"Black Bolt, Handsome Wojak, Comics, Marvel",36946
5_Handsome_Wojak/9995,Handsome_Wojak,"Bonaventure de Bagnoregio ""St. Bonaventure"", Handsome Wojak, Philosophy, Christianism, 476-1492, Italy",801785
5_Handsome_Wojak/9996,Handsome_Wojak,"British Raj Colonial Soldier, Handsome Wojak, United Kingdom, 1821-1914, Colonial, India",530172
5_Handsome_Wojak/9997,Handsome_Wojak,"Chiang Kai Shek, Handsome Wojak, Taiwan, 1939-1945, President",335434
5_Handsome_Wojak/9998,Handsome_Wojak,"Dominican Cibaeño Chad, Handsome Wojak, Dominican Republic, Central America",55325
5_Handsome_Wojak/9999,Handsome_Wojak,"Fidel Castro Chad, Handsome Wojak, Authoritarian Left, Cuba, 1950-1960, General Secretary",175907
5_Hooker/13417,Hooker,"2000s Romanian Hip Hop Fan, Hooker, Romania, Civilian (Adult)",67951
5_Hooker/13418,Hooker,"2000s Romanian Protester Wojak, Hooker, Romania, Civilian (Adult)",49738
5_Hooker/13419,Hooker,"Afrikakorps Hooker, Hooker, 1939-1945, The Third Reich, Africa, Deutsches Heer",1031882
5_Hooker/13420,Hooker,"American Soldier Go getter, Hooker, Vietnam War, United States Army, United States, 1960-1970",106348
5_Hooker/13421,Hooker,"American Soldier WWI Hooker, Hooker, United States Army, 1914-1918, United States",332496
5_Hooker/13422,Hooker,"Atari Hooker, Hooker, Video Game, Brands, 1980-1990",13654
5_Hooker/13423,Hooker,"Average French Boy, Hooker, France, Europe",76742
5_Hooker/13424,Hooker,"Carabinieri, Hooker, Spanish Republican Army, Spanish Civil War, Republican Side (Spanish Civil War), 1918-1939, Spain",20905
5_Hooker/13425,Hooker,"Charlemagne Division Soldier, Hooker, 1939-1945, The Third Reich, National-Socialism, Schutzstaffel",26101
5_Hooker/13426,Hooker,"Corsair, Hooker, Comics, Marvel",12172
5_Hooker/13427,Hooker,"Drax, Hooker, Comics, Marvel",136489
5_Hooker/13428,Hooker,"Early 80s American G.I., Hooker, 1970-1980, United States, United States Army, Vietnam War",277709
5_Hooker/13429,Hooker,"Far Right Polish Go Getter, Hooker, Militia Forces, Authoritarian Right, Poland",157556
5_Hooker/13430,Hooker,"Gluttonous Foodclown Posse, Hooker, The Ever-Expanding Bunker, Circus",43748
5_Hooker/13431,Hooker,"Go Getter, Hooker, Template",75123
5_Hooker/13432,Hooker,"Go-Getter Got a Girlfriend, Hooker, Group",112823
5_Hooker/13433,Hooker,"Green Lantern (Guy Gardner), Hooker, Comics, Marvel",85874
5_Hooker/13434,Hooker,"Green Prussian Hooker, Hooker, Prussia, Strange",125493
5_Hooker/13435,Hooker,"Hittite High King, Hooker, -3000-476, Monarch",165490
5_Hooker/13436,Hooker,"Hooker, Hooker, Template",184968
5_Hooker/13437,Hooker,"Hooker Doomer, Hooker, Template",51665
5_Hooker/13438,Hooker,"Hooker Red Flare, Hooker, Civilian (Adult)",65998
5_Hooker/13439,Hooker,"Hunter (Hunt: Showdown), Hooker, Video Game, First-Person Shooter, Hunt: Showdown, Far West",109729
5_Hooker/13440,Hooker,"Ignus, Hooker, Fantasy, Fall From Grace",329873
5_Hooker/13441,Hooker,"Injustice Superman , Hooker, Comics, DC",878956
5_Hooker/13442,Hooker,"Juan Carlos I (1975), Hooker, Spain, Monarch, 1970-1980",209601
5_Hooker/13443,Hooker,"Juan Velasco Alvarado, Hooker, Peru, Despot, Peruvian Armed Forces, 1970-1980",80836
5_Hooker/13444,Hooker,"Julio Sanguinetti, Hooker, Uruguay, 1990-2000, Liberal Left, President",82893
5_Hooker/13445,Hooker,"Mariano Arcioni, Hooker, Argentina, 2020-2030",311654
5_Hooker/13446,Hooker,"Mercenary Marine, Hooker, Futuristic, Space, Starsector",382769
5_Hooker/13447,Hooker,"Omega Red, Hooker, Comics, Marvel",117979
5_Hooker/13448,Hooker,"Peacemaker, Hooker, Movie and TV Show, Comics, Marvel",62501
5_Hooker/13449,Hooker,"Phoenix Cyclops, Hooker, Comics, Marvel",149216
5_Hooker/13450,Hooker,"Rhodesian Operator, Hooker, 1970-1980, Rhodesian Security Forces, Zimbabwe",505144
5_Hooker/13451,Hooker,"Superboy Prime, Hooker, Comics, DC",215669
5_Hooker/13452,Hooker,"The Far Planet Merc, Hooker, Futuristic, Space",605583
5_Hooker/13453,Hooker,"The Hooker, Hooker, Employee, Ocean",385757
5_Hooker/13454,Hooker,"The Hooker, Hooker, Ocean, Employee",380279
5_Hooker/13455,Hooker,"The Hooker, Hooker, Ocean, Employee",380279
5_Hooker/13456,Hooker,"The Trans Hooker, Hooker, LGBT+",84854
5_Hooker/13457,Hooker,"Victor Paz Estenssoro, Hooker, Bolivia, 1950-1960, Authoritarian Left, Political Figure",920343
5_Hooker/13458,Hooker,"Vietnam GI Hooker, Hooker, United States, United States Army, Vietnam War, 1960-1970",59662
5_NPC/10020,NPC,"Angry Muslim NPC, NPC, Middle East, Islam",61952
5_NPC/10021,NPC,"Angry NPC, NPC, Template",536077
5_NPC/10022,NPC,"Angry NPC, NPC, Template",1920
5_NPC/10023,NPC,"Angry NPC, NPC, Template",2875
5_NPC/10024,NPC,"Angry NPC, NPC, Template",38102
5_NPC/10025,NPC,"Angry NPC, NPC, Template",2875
5_NPC/10026,NPC,"Angry NPC Smiley, NPC, Internet, Meme",357309
5_NPC/10027,NPC,"Angry Old NPC, NPC, Template",5367
5_NPC/10028,NPC,"Antifa NPC, NPC, Liberal Left (Political Compass)",479039
5_NPC/10029,NPC,"Antispiral (Gurren Lagann), NPC, Anime, Strange",11763
5_NPC/10030,NPC,"Aragon Map, NPC, Europe, Spain, Map",7739
5_NPC/10031,NPC,"AutLeft NPC, NPC, Political Compass, Authoritarian Left (Political Compass)",443112
5_NPC/10032,NPC,"Average French NPC, NPC, France",46457
5_NPC/10033,NPC,"Awakening NPC Colombia, NPC, Colombia, Civilian (Adult)",815270
5_NPC/10034,NPC,"Belgium Map, NPC, Belgium, Belgium, Map",52078
5_NPC/10035,NPC,"Belize Map, NPC, Central America, Belize, Map",10177
5_NPC/10036,NPC,"Blonde NPC Girl, NPC, Civilian (Adult)",53145
5_NPC/10037,NPC,"Blue Twitter NPC, NPC, Internet, Brands, Social Media",31275
5_NPC/10038,NPC,"Born to Exe, NPC, Vietnam War, 1960-1970, United States",348804
5_NPC/10039,NPC,"Bougainville Map, NPC, Pacific, Map",2244
5_NPC/10040,NPC,"Breaking with Traditional Masculinity, NPC, LGBT+",184518
5_NPC/10041,NPC,"Buff NPC, NPC, Template",10024
5_NPC/10042,NPC,"Builders Club Be Like, NPC, Internet, Video Game",125425
5_NPC/10043,NPC,"Chad NPC, NPC, Template",289338
5_NPC/10044,NPC,"Chinese Wojak, NPC, China, Asia",16541
5_NPC/10045,NPC,"Clown NPC, NPC, Circus",188543
5_NPC/10046,NPC,"Computer NPC, NPC, Internet",4711
5_NPC/10047,NPC,"Computer NPC, NPC, Internet",219214
5_NPC/10048,NPC,"Computer NPC, NPC, Internet",219214
5_NPC/10049,NPC,"Cook Islands Map, NPC, Pacific, New Zealand, Map",5964
5_NPC/10050,NPC,"CPP NPC, NPC, Internet, 2010-2020",195897
5_NPC/10051,NPC,"CPU NPC, NPC, Science",33774
5_NPC/10052,NPC,"Cubic NPC, NPC, Strange",8409
5_NPC/10053,NPC,"Cyberman, NPC, Futuristic, Doctor Who, Robot",11840
5_NPC/10054,NPC,"Cyclist Brainlet NPC, NPC, Brainlet, Sport",120433
5_NPC/10055,NPC,"Dab NPC, NPC, Internet, Sport",24602
5_NPC/10056,NPC,"Dead npc, NPC, Injured and Dead, Group, Brainlet",133174
5_NPC/10057,NPC,"Destroy Angry NPC, NPC, Template",163631
5_NPC/10058,NPC,"Djins NPC, NPC, Saudi Arabia, Cartoon",312020
5_NPC/10059,NPC,"Donald Trump, NPC, United States, 2010-2020, President, MAGA",27850
5_NPC/10060,NPC,"Donald Trump, NPC, United States, 2010-2020, President, MAGA",25310
5_NPC/10061,NPC,"Donald Trump, NPC, United States, 2010-2020, President, MAGA",25310
5_NPC/10062,NPC,"Doomer NPC, NPC, Civilian (Adult)",20849
5_NPC/10063,NPC,"Doubting Raised NPC, NPC, Template",30751
5_NPC/10064,NPC,"Dr M@rie charlotte, NPC, Internet, Masked, Robot",248927
5_NPC/10065,NPC,"Duce NPC, NPC, 1939-1945, Authoritarian Right, Italy, Despot",19071
5_NPC/10066,NPC,"Dutch Map, NPC, Map, Netherlands, Map",256013
5_NPC/10067,NPC,"El NPC Guardia Civile, NPC, Spanish Civil War, Spanish Republican Army, 1918-1939, Spain, Nationalist Side (Spanish Civil War)",471033
5_NPC/10068,NPC,"Emmiting NPC, NPC, Internet",121414
5_NPC/10069,NPC,"Equation NPC, NPC, Science",39662
5_NPC/10070,NPC,"Faroe Islands Map, NPC, Europe, Denmark, Map",11468
5_NPC/10071,NPC,"France NPC, NPC, Europe, France, Map",231827
5_NPC/10072,NPC,"Front NPC, NPC, Template",11983
5_NPC/10073,NPC,"giga terrorist, NPC, Terrorism",140438
5_NPC/10074,NPC,"Glasses NPC, NPC, Civilian (Adult)",9399
5_NPC/10075,NPC,"Glasses Soy NPC, NPC, Civilian (Adult), Civilian (Adult)",6783
5_NPC/10076,NPC,"Gordon Freeman, NPC, Video Game, Half Life",292932
5_NPC/10077,NPC,"Grey Chad NPC, NPC, Template",98371
5_NPC/10078,NPC,"Group of Masked NPC, NPC, Group, Masked",211072
5_NPC/10079,NPC,"Group of NPC, NPC, Group, Template",126250
5_NPC/10080,NPC,"Group of NPC, NPC, Group",410907
5_NPC/10081,NPC,"Group of NPC, NPC, Group",48673
5_NPC/10082,NPC,"Group of NPC, NPC, Group",83992
5_NPC/10083,NPC,"Group of NPC, NPC, Group",83992
5_NPC/10084,NPC,"Grug NPC, NPC, -3000",105489
5_NPC/10085,NPC,"Happy NPC, NPC, Civilian (Adult)",43583
5_NPC/10086,NPC,"Hitman, NPC, Criminal",88544
5_NPC/10087,NPC,"Iron Golem, NPC, Video Game, Minecraft",50704
5_NPC/10088,NPC,"ISIS NPC, NPC, Middle East, Terrorism, Islam",165905
5_NPC/10089,NPC,"John Major, NPC, United Kingdom, 1990-2000",83963
5_NPC/10090,NPC,"Kai (Lego Ninjago), NPC, Toy, Cartoon",74378
5_NPC/10091,NPC,"Kureiji Ollie, NPC, Japan, Virtual Youtuber, Indonesia, Youtube",85498
5_NPC/10092,NPC,"Left NPC, NPC, Liberal Left",227584
5_NPC/10093,NPC,"LibLeft Antifa, NPC, Liberal Left (Political Compass)",416827
5_NPC/10094,NPC,"Luxembourg Map, NPC, Map, Luxembourg, Map",134796
5_NPC/10095,NPC,"Maga Hat Fat NPC Brainlet, NPC, United States, Brainlet, MAGA, Authoritarian Right",743625
5_NPC/10096,NPC,"Masked Bloomer NPC, NPC, Masked",577835
5_NPC/10097,NPC,"Masked Chinese Governement, NPC, China, Masked, Brands",236410
5_NPC/10098,NPC,"Masked NPC, NPC, Masked, Masked",111647
5_NPC/10099,NPC,"Masked Smug NPC, NPC, Masked",94302
5_NPC/10100,NPC,"Messy Masked NPC, NPC, Masked",20254
5_NPC/10101,NPC,"MG42 Gunner NPC, NPC, Germany, 1939-1945",248468
5_NPC/10102,NPC,"Militant Lutte Ouvriere, NPC, France, Authoritarian Left, Worker, 2010-2020, Political Figure",97560
5_NPC/10103,NPC,"Missing npc, NPC, Template",40373
5_NPC/10104,NPC,"Muslim NPC, NPC, Middle East, Islam",54594
5_NPC/10105,NPC,"NATO NPC, NPC, United States, United States Army",283971
5_NPC/10106,NPC,"NaziJak, NPC, 1939-1945, Europe, Germany",112193
5_NPC/10107,NPC,"Neolithic NPC, NPC, -3000",159015
5_NPC/10108,NPC,"Noble NPC, NPC, 476-1492, Nobility and Bourgeoisie",139108
5_NPC/10109,NPC,"Normcor, NPC, United Kingdom, 2010-2020, Full Body",438448
5_NPC/10110,NPC,"NPC Accusing, NPC, Injured and Dead",217307
5_NPC/10111,NPC,"NPC AuthLeft, NPC, Authoritarian Left (Political Compass), Political Compass",56838
5_NPC/10112,NPC,"NPC AuthRight, NPC, Authoritarian Right (Political Compass), Political Compass, National-Socialism",62327
5_NPC/10113,NPC,"NPC Brainiak, NPC, Template",86325
5_NPC/10114,NPC,"NPC Brainlet, NPC, Brainlet",206821
5_NPC/10115,NPC,"NPC Brainlet, NPC, Brainlet",37303
5_NPC/10116,NPC,"NPC Brainlet, NPC, Brainlet",106638
5_NPC/10117,NPC,"NPC Brainlet, NPC, Brainlet",7703
5_NPC/10118,NPC,"NPC Brainlet, NPC, Brainlet",37303
5_NPC/10119,NPC,"NPC Breaking, NPC, Template",128716
5_NPC/10120,NPC,"NPC Breaking His Conditioning, NPC, Civilian (Adult), Masked",12598
5_NPC/10121,NPC,"NPC Breakout, NPC, Template",110556
5_NPC/10122,NPC,"NPC Che Guevara, NPC, Cuba, Authoritarian Left, 1960-1970, Revolution",70344
5_NPC/10123,NPC,"NPC Cop, NPC, United States, Rescue Services, Full Body",397477
5_NPC/10124,NPC,"NPC Employee, NPC, Employee",53413
5_NPC/10125,NPC,"NPC Feminist, NPC, Liberal Left",39214
5_NPC/10126,NPC,"NPC Lawyer, NPC, Employee, Rescue Services",66349
5_NPC/10127,NPC,"NPC Masked, NPC, Masked",210983
5_NPC/10128,NPC,"NPC Masked Red Flare, NPC, Masked",127994
5_NPC/10129,NPC,"NPC Monarch, NPC, Monarch",148731
5_NPC/10130,NPC,"NPC Monster, NPC, Monster, Strange",11933
5_NPC/10131,NPC,"NPC NFT, NPC, Meme, Internet",44224
5_NPC/10132,NPC,"NPC on his PC, NPC, Internet, Meme",24750
5_NPC/10133,NPC,"NPC Ottoman Soldier, NPC, 1492-1789, Ottoman Empire",34202
5_NPC/10134,NPC,"NPC RoboCop, NPC, Futuristic, Movie and TV Show, RoboCop, Rescue Services",198378
5_NPC/10135,NPC,"NPC Soldier, NPC, Militia Forces",128383
5_NPC/10136,NPC,"NPC Suicide, NPC, Injured and Dead",91015
5_NPC/10137,NPC,"NPC Visiting Cairo, NPC, Tourism, Egypt",61761
5_NPC/10138,NPC,"Old NPC, NPC, Template",3405
5_NPC/10139,NPC,"Oomer NPC, NPC, Template",716827
5_NPC/10140,NPC,"Other Ramses NPC Pharaoh Ancient Egypt, NPC, Ancient Egypt, -3000-476",596906
5_NPC/10141,NPC,"Ottoman NPC, NPC, Ottoman Empire",42817
5_NPC/10142,NPC,"Papaplatte, NPC, Civilian (Teenager)",88670
5_NPC/10143,NPC,"Pinochetist Soldier in 1989, NPC, Chile, South America, Other Army (South And Central America), 1980-1990",58063
5_NPC/10144,NPC,"Pointing NPC, NPC, Civilian (Adult)",162126
5_NPC/10145,NPC,"pressed npc, NPC, Civilian (Adult)",97209
5_NPC/10146,NPC,"Rightist, NPC, Political Compass, Authoritarian Right (Political Compass)",410471
5_NPC/10147,NPC,"Rightist, NPC, Political Compass, Authoritarian Right (Political Compass)",410471
5_NPC/10148,NPC,"Roman (Grand Theft Auto IV), NPC, Video Game, Grand Theft Auto",33925
5_NPC/10149,NPC,"Schutzstaffel NPC, NPC, The Third Reich, Brainlet, 1939-1945, National-Socialism, Schutzstaffel",110362
5_NPC/10150,NPC,"Schutzstaffels NPC Grey Chad, NPC, National-Socialism, The Third Reich, Schutzstaffel",147663
5_NPC/10151,NPC,"Scribus NPC, NPC, Ancient Egypt, -3000-476",138533
5_NPC/10152,NPC,"Seattle Police NPC, NPC, United States, Rescue Services",8085
5_NPC/10153,NPC,"Sentinels, NPC, Comics, Marvel",7287
5_NPC/10154,NPC,"Shirt NPC, NPC, Civilian (Adult)",11287
5_NPC/10155,NPC,"Shocked NPC, NPC, Template",18100
5_NPC/10156,NPC,"Shot Up NPC, NPC, Template, Injured and Dead",77593
5_NPC/10157,NPC,"Shower NPC, NPC, Civilian (Adult)",256834
5_NPC/10158,NPC,"Shroom NPC, NPC, Template",17033
5_NPC/10159,NPC,"Sims NPC, NPC, Video Game, Group",355361
5_NPC/10160,NPC,"Smooth NPC, NPC, Template",14110
5_NPC/10161,NPC,"Soldier NPC, NPC, Other Army (Europe)",96735
5_NPC/10162,NPC,"South Africa Map, NPC, Africa, South Africa, Map",8185
5_NPC/10163,NPC,"Soyjak Hazmat NPC Reddit, NPC, Hazmat, Internet, Brands, Social Media",271118
5_NPC/10164,NPC,"Soyjak NPC, NPC, Template",12476
5_NPC/10165,NPC,"Soyjak NPC, NPC, Template",59524
5_NPC/10166,NPC,"Soyjak NPC, NPC, Template",90613
5_NPC/10167,NPC,"Soyjak NPC, NPC, Template",90613
5_NPC/10168,NPC,"Soy NPC, NPC, Template",10238
5_NPC/10169,NPC,"Tanjirō Kamado, NPC, Anime, Demon Slayer",50763
5_NPC/10170,NPC,"The Average Neo-Cratic Citizen, NPC, Fantasy, Futuristic",63940
5_NPC/10171,NPC,"The Cyborg NPC, NPC, Futuristic, Robot",105539
5_NPC/10172,NPC,"The Jazzpunked, NPC, The Ever-Expanding Bunker",122350
5_NPC/10173,NPC,"The NP-Slasher, NPC, Monster",228164
5_NPC/10174,NPC,"Titoist NPC, NPC, Authoritarian Left (Political Compass), Yugoslavia, 1970-1980, Political Compass",378645
5_NPC/10175,NPC,"Trad Wife NPC, NPC, Template",1681077
5_NPC/10176,NPC,"True Retard, NPC, Terrorism, Afghanistan",140139
5_NPC/10177,NPC,"Ukrainian NPC, NPC, Europe, Ukraine, Robot",46857
5_NPC/10178,NPC,"Ultron, NPC, Comics, Marvel, Robot",11236
5_NPC/10179,NPC,"Unpleased NPC, NPC, Template",16565
5_NPC/10180,NPC,"Vata-NPC, NPC, Russia, Robot",39629
5_NPC/10181,NPC,"Vietnam War US Troop, NPC, United States Army, 1960-1970, Vietnam War, United States",365902
5_NPC/10182,NPC,"Villager NPC, NPC, Video Game, Minecraft",27805
5_NPC/10183,NPC,"War Machine, NPC, Comics, Marvel, Robot",372753
5_NPC/10184,NPC,"Wehrmacht Officer Switching Sides, NPC, The Third Reich, Deutsches Heer, 1939-1945",123239
5_NPC/10185,NPC,"Zoomer NPC, NPC, Template",86883
5_Objakt/13459,Objakt,"Beige Toy Soldier, Objakt, Toy",184914
5_Objakt/13460,Objakt,"Black Bionicle, Objakt, Toy",2092
5_Objakt/13461,Objakt,"Blahajjak, Objakt, Sweden, LGBT+, Toy",318537
5_Objakt/13462,Objakt,"Blue Toy Soldier, Objakt, Toy",144013
5_Objakt/13463,Objakt,"Blue Toy Soldier, Objakt, Toy",181092
5_Objakt/13464,Objakt,"Boomer Tree, Objakt, Template",189600
5_Objakt/13465,Objakt,"Cake, Objakt, Food and Drink",219710
5_Objakt/13466,Objakt,"Chess, Objakt, Toy",29480
5_Objakt/13467,Objakt,"Coin Wojak, Objakt, Corporation, Liberal Right",564059
5_Objakt/13468,Objakt,"Crying Sunflower, Objakt, Video Game, Plants vs. Zombies",205240
5_Objakt/13469,Objakt,"Crying Sunflower, Objakt, Video Game, Plants vs. Zombies",123533
5_Objakt/13470,Objakt,"Crying Sunflower, Objakt, Video Game, Plants vs. Zombies",123533
5_Objakt/13471,Objakt,"Crying Wall-Nut, Objakt, Video Game, Plants vs. Zombies",517250
5_Objakt/13472,Objakt,"Crying Zoomer Screwdriver, Objakt, Science",36517
5_Objakt/13473,Objakt,"Eggwojak, Objakt, Farm",36798
5_Objakt/13474,Objakt,"Green Toy Soldier, Objakt, Toy",155945
5_Objakt/13475,Objakt,"Green Toy Soldier, Objakt, Toy",192261
5_Objakt/13476,Objakt,"Grey Toy Soldier, Objakt, Toy",49413
5_Objakt/13477,Objakt,"Grey Toy Soldier, Objakt, Toy",119558
5_Objakt/13478,Objakt,"Lightjak, Objakt, Rescues Services",244314
5_Objakt/13479,Objakt,"Louis Phillipe, Objakt, France, Monarch, 1821-1914",35071
5_Objakt/13480,Objakt,"Maple Leaf Chad, Objakt, LGBT+, Canada",288173
5_Objakt/13481,Objakt,"Moai, Objakt, Meme, Internet",149334
5_Objakt/13482,Objakt,"Nordom, Objakt, Fantasy, Fall From Grace",10229
5_Objakt/13483,Objakt,"Nutcracker, Objakt, Festivity, 1789-1821",201689
5_Objakt/13484,Objakt,"Pawn Demon, Objakt, Toy",66465
5_Objakt/13485,Objakt,"Pawn Devil, Objakt, Toy",43393
5_Objakt/13486,Objakt,"Pawn Fly, Objakt, Toy",67316
5_Objakt/13487,Objakt,"Pawn Legion, Objakt, Toy",44382
5_Objakt/13488,Objakt,"Pawn NPC, Objakt, Toy",16486
5_Objakt/13489,Objakt,"Pawn White Chad, Objakt, Toy",28495
5_Objakt/13490,Objakt,"Perrier Wojak, Objakt, Food and Drink, Brands",220426
5_Objakt/13491,Objakt,"Piranha Flower, Objakt, Nintendo, Video Game, Super Mario",69723
5_Objakt/13492,Objakt,"Puppet Wojak, Objakt, Toy",94088
5_Objakt/13493,Objakt,"Red Bionicle, Objakt, Toy",86208
5_Objakt/13494,Objakt,"Red Toy Soldier, Objakt, Toy",162976
5_Objakt/13495,Objakt,"Red Toy Soldier, Objakt, Toy",200672
5_Objakt/13496,Objakt,"Scarecrow, Objakt, Farm",14114
5_Objakt/13497,Objakt,"SCP-173, Objakt, SCP Foundation, Monster, Strange",57156
5_Objakt/13498,Objakt,"Smug Pinocchio, Objakt, Movie and TV Show, Disney",233007
5_Objakt/13499,Objakt,"Smug Sunflower, Objakt, Video Game, Plants vs. Zombies",123828
5_Objakt/13500,Objakt,"Smug Wall-nut, Objakt, Video Game, Plants vs. Zombies",285861
5_Objakt/13501,Objakt,"Soy KettleBell, Objakt, Sport",159937
5_Objakt/13502,Objakt,"Soy Wikipedia, Objakt, Internet, Corporation",413775
5_Objakt/13503,Objakt,"Terraria Tree, Objakt, Video Game, Terraria",33980
5_Objakt/13504,Objakt,"The Puppet, Objakt, Video Game, Five Nights at Freddy's, Monster, Toy",203957
5_Objakt/13505,Objakt,"Tony (Don't hug me I'm scared), Objakt, Music, Movie and TV Show, Don't hug me I'm scared",216160
5_Objakt/13506,Objakt,"Train Brainlet, Objakt, Toy",58779
5_Objakt/13507,Objakt,"Train Wojak, Objakt, Toy",132542
5_Objakt/13508,Objakt,"Train Wojak, Objakt, Toy",132069
5_Objakt/13509,Objakt,"Train Wojak, Objakt, Toy",235223
5_Objakt/13510,Objakt,"Train Wojak, Objakt, Toy",58779
5_Objakt/13511,Objakt,"Wall, Objakt, Civilian (Adult)",120184
5_Objakt/13512,Objakt,"Wojak Cup, Objakt, Food and Drink",65448
5_Objakt/13513,Objakt,"Yellow Toy Soldier, Objakt, Toy",219643
5_Oomer/14233,Oomer,"1970's Argentine Soldier, Oomer, Argentina, 1970-1980, Other Army (South And Central America)",217857
5_Oomer/14234,Oomer,"42nd Regiment of Foot ""Black Watch"" Ranker (Highlander), Oomer, 1789-1821, Scotland, Colonial, British Armed Forces",236251
5_Oomer/14235,Oomer,"Abkhazians, Oomer, Georgia, Militia Forces",528113
5_Oomer/14236,Oomer,"Abu Bakr al-Baghdadi, Oomer, Iraq, Terrorism, 2010-2020, Islam",87527
5_Oomer/14237,Oomer,"Addicted Oomer, Oomer, Video Game, United States, Template, The Ever-Expanding Bunker, Civilian (Adult)",99430
5_Oomer/14238,Oomer,"Afghan Soldier Oomer, Oomer, Afghanistan, Other Army (Asia)",533989
5_Oomer/14239,Oomer,"African Oomer, Oomer, Africa, Civilian (Adult)",148516
5_Oomer/14240,Oomer,"Ahmad Khān Abdālī, Oomer, Afghanistan, Monarch, 1492-1789",473550
5_Oomer/14241,Oomer,"Ahmet Cem Ersever, Oomer, Turkey, 1970-1980, Turkish Armed Forces",391953
5_Oomer/14242,Oomer,"Ahmet Cem Ersever, Oomer, Turkey, Turkish Armed Forces",109636
5_Oomer/14243,Oomer,"Ait Abbas, Oomer, Africa, Algeria, Kabylia",214450
5_Oomer/14244,Oomer,"Akai Haato and Haachama, Oomer, Japan, Virtual Youtuber, Youtube, Masked",238609
5_Oomer/14245,Oomer,"Alex Delarge, Oomer, Movie and TV Show, Criminal, A Clockwork Orange",468661
5_Oomer/14246,Oomer,"Alex Madness, Oomer, Militia Forces",63630
5_Oomer/14247,Oomer,"Alex Sunglesses, Oomer, Militia Forces",59028
5_Oomer/14248,Oomer,"Alfredo Stroessner, Oomer, Paraguay, Despot, Authoritarian Right, 1960-1970",313688
5_Oomer/14249,Oomer,"American Oomer, Oomer, United States, Terrorism, North America",3254
5_Oomer/14250,Oomer,"American Soldier WW2, Oomer, United States, United States Army, 1939-1945",40769
5_Oomer/14251,Oomer,"American WWI Soldier Oomer, Oomer, United States Army, 1914-1918, United States",280848
5_Oomer/14252,Oomer,"Anal Génocide, Oomer, France, Internet, Youtube",58557
5_Oomer/14253,Oomer,"Anarco-Royaliste, Oomer, France, Anarchism, Authoritarian Right, 2010-2020, Flag",58590
5_Oomer/14254,Oomer,"Ancap, Oomer, Liberal Right (Political Compass)",28890
5_Oomer/14255,Oomer,"Andi The Engineer, Oomer, Civilian (Adult)",56521
5_Oomer/14256,Oomer,"Andrey Dikiy, Oomer, Russia, National-Socialism, 1960-1970",19483
5_Oomer/14257,Oomer,"Angry HxC guy, Oomer, Music",397169
5_Oomer/14258,Oomer,"Angry jew, Oomer, Judaism, Authoritarian Right",232745
5_Oomer/14259,Oomer,"Angry Wehrmacht Soldier, Oomer, The Third Reich, 1939-1945, Deutsches Heer",147621
5_Oomer/14260,Oomer,"Antichrist Oomer, Oomer, Demon",217967
5_Oomer/14261,Oomer,"antifurro, Oomer, Terrorism",37806
5_Oomer/14262,Oomer,"Antonin Artaud Creepy, Oomer, France, Art, 1918-1939",267466
5_Oomer/14263,Oomer,"Apache Oomer, Oomer, France, 1918-1939, Criminal",672762
5_Oomer/14264,Oomer,"Aparicio Mendez, Oomer, Uruguay, 1970-1980, Authoritarian Right, Despot",353239
5_Oomer/14265,Oomer,"Argentinian Commando, Oomer, Argentina, Militia Forces, Other Army (South And Central America), Revolution",353158
5_Oomer/14266,Oomer,"Armenian Oomer, Oomer, Armenia, Other Army (Caucasus)",150617
5_Oomer/14267,Oomer,"Armenian Oomer, Oomer, Armenia, Other Army (Caucasus)",763295
5_Oomer/14268,Oomer,"Armenian Soldier Psycho, Oomer, Armenia, Other Army (Caucasus)",707989
5_Oomer/14269,Oomer,"AtomKochen, Oomer, Video Game",101895
5_Oomer/14270,Oomer,"Australian Nationalist, Oomer, Australia, Flag, Authoritarian Right, Pacific",160337
5_Oomer/14271,Oomer,"Azebaijan Spec Ops Oomer, Oomer, Azerbaijan, Other Army (Caucasus)",530967
5_Oomer/14272,Oomer,"Azov Regiment, Oomer, Ukraine, Armed Forces of Ukraine, National-Socialism",658235
5_Oomer/14273,Oomer,"Backle, Oomer, Video Game, Monster",44704
5_Oomer/14274,Oomer,"Bad Guy, Oomer, Video Game, First-Person Shooter, Call Of Duty, Soviet Union, Red Army",10186
5_Oomer/14275,Oomer,"Bahraini Policeman [2011], Oomer, Bahrain, Law Enforcement, 2010-2020",742839
5_Oomer/14276,Oomer,"Belarusian 1918 Soldier , Oomer, Belarus, Other Army (Europe), 1918-1939",696721
5_Oomer/14277,Oomer,"Beutelwolf Mercenary, Oomer, Corporation, Militia Forces",160056
5_Oomer/14278,Oomer,"Binbaşı Esat Oktay Yıldıran, Oomer, Turkey, Turkish Armed Forces, 1970-1980, Cyprus",261317
5_Oomer/14279,Oomer,"Black Oomer Monster Template, Oomer, Strange, Monster, Template",9954
5_Oomer/14280,Oomer,"Black Pharaoh, Oomer, Ancient Egypt, -3000-476, Monarch",587703
5_Oomer/14281,Oomer,"Blackwater Contractor, Oomer, United States, Afghanistan, Iraq",126965
5_Oomer/14282,Oomer,"Blizzard Fan, Oomer, Video Game, Overwatch",227917
5_Oomer/14283,Oomer,"Bloody Armenian Oomer, Oomer, Europe, Asia, Armenia, Strange",788127
5_Oomer/14284,Oomer,"Bloody Monster Doomer, Oomer, Monster",495207
5_Oomer/14285,Oomer,"Bloody Spider Monster Feels Good, Oomer, Monster, Strange",468696
5_Oomer/14286,Oomer,"B.N.A Soldier, Oomer, Belarus",241700
5_Oomer/14287,Oomer,"BOPE Operative, Oomer, Brazilian Armed Forces, Brazil",77168
5_Oomer/14288,Oomer,"""Breaching Out"", Oomer, The Ever-Expanding Bunker, Injured and Dead",216929
5_Oomer/14289,Oomer,"Brigate Rosse, Oomer, Italy, Authoritarian Left, Revolution, Terrorism",176335
5_Oomer/14290,Oomer,"British Oomer, Oomer, United Kingdom, Europe",3443
5_Oomer/14291,Oomer,"Bruce Oomer, Oomer, Pacific, Australia",204193
5_Oomer/14292,Oomer,"Bug Oomer, Oomer, Farm, Strange",26798
5_Oomer/14293,Oomer,"Bulgarian Border Patrol Volunteer , Oomer, Bulgaria, Other Army (Europe)",137348
5_Oomer/14294,Oomer,"Bulgarian Nationalist Chad, Oomer, Bulgaria, Authoritarian Right",354258
5_Oomer/14295,Oomer,"Bulgarian Soldier Oomer, Oomer, Other Army (Europe), 1914-1918, Masked, Bulgaria",65316
5_Oomer/14296,Oomer,"Burgundian dream 2, Oomer, Schutzstaffel, 1939-1945, The Third Reich",103671
5_Oomer/14297,Oomer,"Burgundian Fool, Oomer, The Third Reich, 1939-1945, National-Socialism, Schutzstaffel",66283
5_Oomer/14298,Oomer,"Calm Cleaner , Oomer, The Ever-Expanding Bunker, Science, Hazmat",553452
5_Oomer/14299,Oomer,"Calm Serbian Soldier Oomer, Oomer, The Third Reich, 1939-1945, National-Socialism, Serbia, Schutzstaffel",161361
5_Oomer/14300,Oomer,"Canadian Soldier, Oomer, Canada, Canadian Armed Forces",346788
5_Oomer/14301,Oomer,"Canadian Soldier Oomer, Oomer, Canadian Armed Forces, Canada",281776
5_Oomer/14302,Oomer,"Capitalist Oomer, Oomer, Nobility and Bourgeoisie, Corporation, Liberal Right (Political Compass)",70289
5_Oomer/14303,Oomer,"Carapintada, Oomer, Argentina, 1980-1990, Militia Forces",254710
5_Oomer/14304,Oomer,"Carles Puigdemont, Oomer, Catalonia, European Union, Spain",806877
5_Oomer/14305,Oomer,"Carlo Caneva Oomer, Oomer, Italy, 1821-1914, Royal Italian Army",118557
5_Oomer/14306,Oomer,"Carlos Salinas de Gortari, Oomer, Mexico, 1990-2000, President",139342
5_Oomer/14307,Oomer,"Carnage, Oomer, Comics, Marvel",34780
5_Oomer/14308,Oomer,"Centurio Oomer, Oomer, Roman Empire, -3000-476, Knight",210617
5_Oomer/14309,Oomer,"Chanka Warrior, Oomer, Peru, Autochthonous, Peruvian Armed Forces",81623
5_Oomer/14310,Oomer,"Charles Pasqua, Oomer, France, Internet, 2020-2030",51845
5_Oomer/14311,Oomer,"Chavín Priest, Oomer, Peru, Autochthonous, South America, Religious Authority",620768
5_Oomer/14312,Oomer,"chill Rauss, Oomer, Belgium",33087
5_Oomer/14313,Oomer,"Chinese Official, Oomer, China, People's Liberation Army",339311
5_Oomer/14314,Oomer,"Chris Redfield (Resident Evil Village), Oomer, Video Game, Resident Evil",85625
5_Oomer/14315,Oomer,"colombia eln , Oomer, Colombia",95082
5_Oomer/14316,Oomer,"Colombian Paramilitary, Oomer, Colombia",411002
5_Oomer/14317,Oomer,"Colombian Paramilitary AGC, Oomer, Colombia",266068
5_Oomer/14318,Oomer,"Colonel George Armstrong Custer, Oomer, 1821-1914, United States, United States Army, American Civil War",228319
5_Oomer/14319,Oomer,"Commander Cahuide, Oomer, Peru, 1492-1789, Autochthonous",132643
5_Oomer/14320,Oomer,"Commander Oleksandr, Oomer, Post Apocalyptic",145799
5_Oomer/14321,Oomer,"Commander Oleksandr, Oomer, Post Apocalyptic",145476
5_Oomer/14322,Oomer,"Communist Militiamen, Oomer, Spanish Civil War, Republican Side (Spanish Civil War), Spanish Republican Army, Soviet Union",680504
5_Oomer/14323,Oomer,"Conquistador Pyscho Wojak, Oomer, Colonial, Spain, South America, 1492-1789",199607
5_Oomer/14324,Oomer,"Construction Oomer, Oomer, Worker, The Ever-Expanding Bunker, Worker Team (The Ever-Expanding Bunker)",465879
5_Oomer/14325,Oomer,"Crazed Soldier, Oomer, The Ever-Expanding Bunker, Monster",129222
5_Oomer/14326,Oomer,"Crazy Suit Dude, Oomer, Nobility and Bourgeoisie, Demon",108365
5_Oomer/14327,Oomer,"Creepy Ferenc Szálasi, Oomer, Hungary, 1939-1945, National-Socialism, Despot",243371
5_Oomer/14328,Oomer,"Creepy leojak, Oomer, Criminal",52383
5_Oomer/14329,Oomer,"Creepy Oomer Fried, Oomer, Monster, Strange",387700
5_Oomer/14330,Oomer,"Creepy Oomer Fried, Oomer, Monster, Strange",576045
5_Oomer/14331,Oomer,"Creepy Oomer Fried, Oomer, Monster, Strange",576045
5_Oomer/14332,Oomer,"Crustie punk v1, Oomer, Music, 1980-1990, United Kingdom",1408750
5_Oomer/14333,Oomer,"Cthulhu, Oomer, Mythology, Monster, Strange",11569
5_Oomer/14334,Oomer,"Cursed Panzer Wojak, Oomer, 1939-1945, National-Socialism, The Third Reich",15387
5_Oomer/14335,Oomer,"Cursed Phantom, Oomer, Video Game, First-Person Shooter, Hunt: Showdown, Far West",301609
5_Oomer/14336,Oomer,"Cybergoth Boy, Oomer, Music, 1990-2000, Full Body",969398
5_Oomer/14337,Oomer,"Cyberpunk, Oomer, Futuristic, Cyberpunk 2077",223649
5_Oomer/14338,Oomer,"Dangerous Oomer, Oomer, Template, Monster",1695906
5_Oomer/14339,Oomer,"Darkseid, Oomer, Comics, DC",111744
5_Oomer/14340,Oomer,"Dead Suited Oomer, Oomer, Injured and Dead, Template",143571
5_Oomer/14341,Oomer,"Dead VietKong, Oomer, Injured and Dead, Vietnam, Vietnam War, 1960-1970",74081
5_Oomer/14342,Oomer,"DEA Officer, Oomer, Rescue Services, United States",88287
5_Oomer/14343,Oomer,"Democratic Kampuchea Oomer, Oomer, Cambodia, Authoritarian Left, 1960-1970",100590
5_Oomer/14344,Oomer,"Demon Algiers with the sword, Oomer, Algeria, Africa",298589
5_Oomer/14345,Oomer,"Demon Oomer, Oomer, Demon, Monster",10132
5_Oomer/14346,Oomer,"Derzok, Oomer, Video Game",225852
5_Oomer/14347,Oomer,"Deus ex Machina, Oomer, Space, Starsector",1143288
5_Oomer/14348,Oomer,"Devil wojak, Oomer, Militia Forces",134007
5_Oomer/14349,Oomer,"Different Oomer, Oomer, Template",81054
5_Oomer/14350,Oomer,"Disturbed Oomer, Oomer, GIF",11256
5_Oomer/14351,Oomer,"Doomer mad, Oomer, Strange",226854
5_Oomer/14352,Oomer,"Douglas MacArthur, Oomer, United States, United States Army, 1939-1945, Philippines",186426
5_Oomer/14353,Oomer,"Dr. Edward Richtofen, Oomer, Video Game, First-Person Shooter, Call Of Duty, The Third Reich, Science",248749
5_Oomer/14354,Oomer,"Driver Nephi On Psycho, Oomer, Post Apocalyptic, Fallout : New Vegas",201392
5_Oomer/14355,Oomer,"Eco-Fascist, Oomer, Anarchism, Liberal Left (Political Compass), Terrorism, Political Compass",241390
5_Oomer/14356,Oomer,"Eco-Terrorist, Oomer, Terrorism, Liberal Left",383512
5_Oomer/14357,Oomer,"Eggman Nega, Oomer, Video Game, Sonic the Hedgehog, SEGA",107181
5_Oomer/14358,Oomer,"Elderbug, Oomer, Video Game, Hollow Knight, Masked",140549
5_Oomer/14359,Oomer,"ELN , Oomer, Colombia",148952
5_Oomer/14360,Oomer,"Emílio Garrastazu Médici, Oomer, Brazil, 1970-1980, President",99543
5_Oomer/14361,Oomer,"Enby Psycho Soldier, Oomer, LGBT+, Militia Forces, Revolution",257366
5_Oomer/14362,Oomer,"Engineer Oomer, Oomer, Video Game, Team Fortress 2, Worker",156767
5_Oomer/14363,Oomer,"Ero Qing, Oomer, 476-1492, China, Monarch",282675
5_Oomer/14364,Oomer,"Esat Oktay Yıldıran, Oomer, Other Army (Asia)",485343
5_Oomer/14365,Oomer,"ETA separatist Oomer, Oomer, Spain, France, Terrorism, Militia Forces",236131
5_Oomer/14366,Oomer,"European Union Security Officer, Oomer, Futuristic Army, European Union",781319
5_Oomer/14367,Oomer,"European Union Worker, Oomer, European Union, Worker",251038
5_Oomer/14368,Oomer,"Evil Duolingo, Oomer, Brands, Internet",65794
5_Oomer/14369,Oomer,"Evil Jordanian, Oomer, Middle East, Jordan",1311162
5_Oomer/14370,Oomer,"Evil Porfirio Díaz, Oomer, Mexico, 1821-1914, Authoritarian Right, President",114775
5_Oomer/14371,Oomer,"Evil Vladimir Putin, Oomer, Russia, President, 2010-2020, Authoritarian Right",1466554
5_Oomer/14372,Oomer,"Exorcist Oomer, Oomer, Christianism, Religious Authority",42870
5_Oomer/14373,Oomer,"EZLN guerrilla, Oomer, Mexico, South America",176816
5_Oomer/14374,Oomer,"Fall Oomer, Oomer, Canada, Canada",148145
5_Oomer/14375,Oomer,"Fallout 3 Washington DC's Feral Ghoul, Oomer, Fallout, Post Apocalyptic",205619
5_Oomer/14376,Oomer,"Fallout 4's Feral Ghoul, Oomer, Fallout, Post Apocalyptic",164131
5_Oomer/14377,Oomer,"False Dimitri, Oomer, Russia, 476-1492, Imperial, Masked",192303
5_Oomer/14378,Oomer,"Fascist Kabyle, Oomer, Authoritarian Right, Kabylia, Algeria",25527
5_Oomer/14379,Oomer,"Fascist Turk, Oomer, National-Socialism, Turkey, Authoritarian Right",445823
5_Oomer/14380,Oomer,"Federico Tinoco, Oomer, Costa Rica, North America, 1914-1918, President",196677
5_Oomer/14381,Oomer,"Finnish Soldier, Oomer, Finland, Finnish Defence Forces",84655
5_Oomer/14382,Oomer,"Flash, Oomer, Comics, DC",43307
5_Oomer/14383,Oomer,"Flesh Elite Guard, Oomer, The Ever-Expanding Bunker, Monster, Flesh (The Ever-Expanding Bunker), Elite Guard (The Ever-Expanding Bunker)",214071
5_Oomer/14384,Oomer,"Floriano Peixoto, Oomer, Brazil, 1821-1914, Despot",500166
5_Oomer/14385,Oomer,"Forest Knight, Oomer, Fantasy, Knight, Knight",91156
5_Oomer/14386,Oomer,"FPMR Guerrillero, Oomer, Chile, South America, 1980-1990",47206
5_Oomer/14387,Oomer,"Freerussia Soldier, Oomer, Russia, Russian Armed Forces",270401
5_Oomer/14388,Oomer,"Front Facing Oomer, Oomer, Template",322062
5_Oomer/14389,Oomer,"Funny German, Oomer, Deutsches Heer, The Third Reich, 1939-1945",69410
5_Oomer/14390,Oomer,"Futurist Video Game Caracter, Oomer, Video Game, Futuristic",277666
5_Oomer/14391,Oomer,"Gabriel Terra, Oomer, Uruguay, 1939-1945, Authoritarian Right, President",125302
5_Oomer/14392,Oomer,"GAN!A , Oomer, Civilian (Teenager)",258177
5_Oomer/14393,Oomer,"Gas-Mask Insurgent, Oomer, The Ever-Expanding Bunker, Criminal",94161
5_Oomer/14394,Oomer,"Gawr Gura Oomer, Oomer, Youtube, Virtual Youtuber, Japan",239412
5_Oomer/14395,Oomer,"General Zia ul Haq Trollface, Oomer, Other Army (Asia), Pakistan",1035477
5_Oomer/14396,Oomer,"Geo-Force, Oomer, Comics, DC",164433
5_Oomer/14397,Oomer,"George W. Bush Oomer, Oomer, United States, President, 1990-2000",172946
5_Oomer/14398,Oomer,"Georgian Legion, Oomer, Georgia, Other Army (Caucasus)",359370
5_Oomer/14399,Oomer,"Georgian Legion, Oomer, Georgia, Other Army (Caucasus)",650338
5_Oomer/14400,Oomer,"German on Medicine, Oomer, The Third Reich, Deutsches Heer, 1939-1945",96045
5_Oomer/14401,Oomer,"German RDA Officer , Oomer, Germany, 1960-1970, Red Army",690813
5_Oomer/14402,Oomer,"German SS, Oomer, Schutzstaffel, The Third Reich, 1939-1945, Demon",117611
5_Oomer/14403,Oomer,"Getúlio Vargas, Oomer, 1939-1945, Brazil, Despot",90660
5_Oomer/14404,Oomer,"Ghost Recon Division, Oomer, Militia Forces",131904
5_Oomer/14405,Oomer,"GI Oomer Vietnam, Oomer, Vietnam War, Vietnam, People's Army of Vietnam, 1970-1980",243339
5_Oomer/14406,Oomer,"Giovanni Leone, Oomer, Italy, Liberal Right, 1960-1970",131124
5_Oomer/14407,Oomer,"Glitch, Oomer, Strange, Science",948089
5_Oomer/14408,Oomer,"Golem Monster, Oomer, Judaism, Mythology, Monster",3430
5_Oomer/14409,Oomer,"Greek Army Inspector General Oomer, Oomer, Greece, 1939-1945, Hellenic Army",2279889
5_Oomer/14410,Oomer,"Greek Fascist Soldier, Oomer, Greece, Other Army (Europe), Authoritarian Right",220245
5_Oomer/14411,Oomer,"Greek Soldier, Oomer, Greece, Hellenic Army",284601
5_Oomer/14412,Oomer,"Gustavo Diaz Ordaz, Oomer, Mexico, President, 1960-1970",175923
5_Oomer/14413,Oomer,"Halle Bailey (The Little Mermaid), Oomer, Movie and TV Show, Disney, Ocean",2050266
5_Oomer/14414,Oomer,"Happy Oomer Psycho, Oomer, Template",274578
5_Oomer/14415,Oomer,"Hassan II 60's and 70's, Oomer, Morocco, Monarch, 1960-1970",16281
5_Oomer/14416,Oomer,"Hassan II 80's and 90's, Oomer, Morocco, Monarch, 1980-1990",16704
5_Oomer/14417,Oomer,"HD Oomer, Oomer, Template",14909
5_Oomer/14418,Oomer,"HD Smoking Oomer, Oomer, Template",15220
5_Oomer/14419,Oomer,"Heinrich Himmler, Oomer, 1939-1945, National-Socialism, The Third Reich",121009
5_Oomer/14420,Oomer,"Heinrich Himmler oomer , Oomer, The Third Reich, Schutzstaffel, 1939-1945",267144
5_Oomer/14421,Oomer,"Heinrich Himmler, Oomer, 1939-1945, National-Socialism, The Third Reich",121009
5_Oomer/14422,Oomer,"Hell Teacher, Oomer, Academic, Militia Forces",158219
5_Oomer/14423,Oomer,"Hittite Chariot, Oomer, -3000-476, Knight, Turkey",122266
5_Oomer/14424,Oomer,"Horacio R. Larreta Wojak Oomer, Oomer, Argentina, 2010-2020",209539
5_Oomer/14425,Oomer,"HOSjak, Oomer, Croatia, National-Socialism, 1945-1950, Yugoslavia",316625
5_Oomer/14426,Oomer,"Huggy Wuggy (Poppy Playtime), Oomer, Video Game, Monster",74852
5_Oomer/14427,Oomer,"Hussard de la Mort, Oomer, France, Grande Armée, 1789-1821",89225
5_Oomer/14428,Oomer,"Idi amin dada, Oomer, Uganda, 1970-1980, Despot",21639
5_Oomer/14429,Oomer,"Idi Amin Dada Creepy, Oomer, Uganda, Despot, Authoritarian Right, 1970-1980",264713
5_Oomer/14430,Oomer,"IGNIS Admiral Oomer, Oomer, The Ever-Expanding Bunker, IGNIS (The Ever-Expanding Bunker)",169354
5_Oomer/14431,Oomer,"IGNIS Oomer, Oomer, The Ever-Expanding Bunker, IGNIS (The Ever-Expanding Bunker)",308087
5_Oomer/14432,Oomer,"IGNIS Oomer, Oomer, The Ever-Expanding Bunker, IGNIS (The Ever-Expanding Bunker)",317841
5_Oomer/14433,Oomer,"IGNIS Robot, Oomer, The Ever-Expanding Bunker, IGNIS (The Ever-Expanding Bunker)",328301
5_Oomer/14434,Oomer,"I know that…, Oomer, Strange, Group",595033
5_Oomer/14435,Oomer,"I Know That Feeling Oomer, Oomer, Group, Template",82069
5_Oomer/14436,Oomer,"Illuminati, Oomer, Strange",51987
5_Oomer/14437,Oomer,"Imperial Romani Tarkhan , Oomer, Futuristic, Futuristic Army",257505
5_Oomer/14438,Oomer,"indian legion, Oomer, India, The Third Reich, 1939-1945, Other Army (Asia), Germany",159786
5_Oomer/14439,Oomer,"Indian Marcos commando , Oomer, India",452521
5_Oomer/14440,Oomer,"Indian rashtriya rifles  soldier , Oomer, India",572955
5_Oomer/14441,Oomer,"Insane Laughter, Oomer, Monster, Strange",103819
5_Oomer/14442,Oomer,"Interahamwe, Oomer, Other Army (Africa), Terrorism, Militia Forces, Africa, 1990-2000",234489
5_Oomer/14443,Oomer,"Ion Antonescu, Oomer, Romania, Authoritarian Right, 1939-1945, Romanian Armed Forces, Despot",483293
5_Oomer/14444,Oomer,"Iraqi Gunman, Oomer, Iraq, Middle East",91204
5_Oomer/14445,Oomer,"Iraqi Insurgency, Oomer, Iraq, Terrorism",75946
5_Oomer/14446,Oomer,"Iraqi Peshmerga Soldier in Syria, Oomer, Iraq, Syria, Other Army (Middle East), Middle East",35082
5_Oomer/14447,Oomer,"ISIS Oomer, Oomer, Middle East, Terrorism, Islam",46308
5_Oomer/14448,Oomer,"Ismail (Enver Pasha) Enver, Oomer, Turkey, Ottoman Empire, Middle East",172732
5_Oomer/14449,Oomer,"İsmail Hakkı Kararayı Oomer, Oomer, Turkish Armed Forces, Turkey, 1990-2000",30247
5_Oomer/14450,Oomer,"Israeli Soldier, Oomer, Palestine, Israel, Israel Defense Forces, Judaism",104630
5_Oomer/14451,Oomer,"Italian ww2 wojak, Oomer, Italy, Royal Italian Army",364340
5_Oomer/14452,Oomer,"IT Head, Oomer, Strange, Robot, The Ever-Expanding Bunker",182754
5_Oomer/14453,Oomer,"Ivan the Terrible, Oomer, Russia, Imperial, 476-1492",137114
5_Oomer/14454,Oomer,"Ivar Bauck, Oomer, Imperial, Sweden, 1970-1980",19497
5_Oomer/14455,Oomer,"James Brown , Oomer, Music, United States",329065
5_Oomer/14456,Oomer,"James McKay (Babylon), Oomer, Movie and TV Show, United States, 1918-1939",68868
5_Oomer/14457,Oomer,"Japanese Army Attu Island Wojak, Oomer, 1939-1945, Imperial Japanese Army, Japan",834120
5_Oomer/14458,Oomer,"Japanese Soldier Oomer, Oomer, Imperial Japanese Army, Japan, 1939-1945",765659
5_Oomer/14459,Oomer,"Jim Jones, Oomer, United States, Protestantism, Religious Authority",225616
5_Oomer/14460,Oomer,"Joachim von Ribbentrop, Oomer, The Third Reich, 1939-1945, National-Socialism",215350
5_Oomer/14461,Oomer,"Joe Biden, Oomer, 2020-2030, United States, Authoritarian Right, President",143670
5_Oomer/14462,Oomer,"John The Misanthrope, Oomer, Militia Forces, Strange",90302
5_Oomer/14463,Oomer,"Jorge Pacheco Areco, Oomer, Uruguay, Authoritarian Right, 1960-1970, President",223436
5_Oomer/14464,Oomer,"Joseph Mengele, Oomer, The Third Reich",104206
5_Oomer/14465,Oomer,"Josip Broz Tito Oomer, Oomer, Authoritarian Left, Yugoslavia, 1945-1950, General Secretary",298315
5_Oomer/14466,Oomer,"Jungle Psycho, Oomer, United States Army, Strange, Masked",310894
5_Oomer/14467,Oomer,"Kalmar Oomer, Oomer, Scandinavia, Europe, Sweden, Norway, Denmark, Finland",5139
5_Oomer/14468,Oomer,"Kalmar Sadistic Wojak, Oomer, Scandinavia, Europe, Sweden, Norway, Denmark, Finland",7256
5_Oomer/14469,Oomer,"Kamala Harris, Oomer, 2020-2030, United States, Prime Minister",228655
5_Oomer/14470,Oomer,"Kamala Harris, Oomer, 2020-2030, United States, Prime Minister",228655
5_Oomer/14471,Oomer,"Kemalist Psycho, Oomer, Turkey",76250
5_Oomer/14472,Oomer,"Kenan Evren, Oomer, President, Turkey, 1980-1990, Authoritarian Right",367746
5_Oomer/14473,Oomer,"Kenan Evren, Oomer, Turkey, 1980-1990, Other Army (Europe), President, Authoritarian Right",267569
5_Oomer/14474,Oomer,"Kenan evren wojak, Oomer, Turkey",294094
5_Oomer/14475,Oomer,"Khmer Rouge Oomer, Oomer, 1970-1980, Cambodia, Authoritarian Left",1017305
5_Oomer/14476,Oomer,"kid fake oomer troll, Oomer, Civilian (Teenager), Masked",200890
5_Oomer/14477,Oomer,"Kissy Missy (Poppy Playtime), Oomer, Video Game, Monster",75848
5_Oomer/14478,Oomer,"Knull, Oomer, Comics, Marvel",62667
5_Oomer/14479,Oomer,"Ku Klux Klan Oomer, Oomer, United States, Authoritarian Right, Terrorism",229468
5_Oomer/14480,Oomer,"Kursk White Monster Wojak, Oomer, Germany, 1939-1945, The Third Reich, National-Socialism, Deutsches Heer",61716
5_Oomer/14481,Oomer,"Lebanese Oomer, Oomer, Lebanon, Middle East",247342
5_Oomer/14482,Oomer,"Leopoldo Galtieri, Oomer, President, 1980-1990, Argentina",267319
5_Oomer/14483,Oomer,"Level 419's Shroomified Wojak, Oomer, The Ever-Expanding Bunker",93762
5_Oomer/14484,Oomer,"Lex Luthor, Oomer, Comics, DC",84365
5_Oomer/14485,Oomer,"Liberal Right Oomer, Oomer, Liberal Left, Terrorism",128764
5_Oomer/14486,Oomer,"Libertarian Oomer, Oomer, Liberal Right (Political Compass), Political Compass, Anarchism",262506
5_Oomer/14487,Oomer,"Lionel Messi the GOAT, Oomer, Argentina, Sport, 2020-2030",259398
5_Oomer/14488,Oomer,"Lithuanian Spec Ops Psycho , Oomer, Other Army (Europe), Lithuania",232801
5_Oomer/14489,Oomer,"Liu Shaoqui, Oomer, China, Authoritarian Left, 1950-1960, 1960-1970",341624
5_Oomer/14490,Oomer,"Locust Capitalist, Oomer, Corporation, Liberal Right (Political Compass)",101880
5_Oomer/14491,Oomer,"Lol 1, Oomer, 476-1492, Knight, Masked",97709
5_Oomer/14492,Oomer,"LS:R robot, Oomer, Science, Video Game, Robot",500443
5_Oomer/14493,Oomer,"Macedonian Demon, Oomer, Macedonia, Germany, 1939-1945",216685
5_Oomer/14494,Oomer,"Mahmud Hotak, Oomer, Afghanistan, Monarch, 476-1492",408792
5_Oomer/14495,Oomer,"Mailou Tongguo, Oomer, Taiwan, Other Army (Asia), 1960-1970",21192
5_Oomer/14496,Oomer,"Makhno Supporter, Oomer, 1914-1918, Ukraine, Anarchism, Revolution",51733
5_Oomer/14497,Oomer,"Makhno Supporter, Oomer, 1914-1918, Ukraine, Anarchism, Revolution",51733
5_Oomer/14498,Oomer,"Mao Zedong, Oomer, China, Authoritarian Left, 1950-1960, General Secretary",227879
5_Oomer/14499,Oomer,"Maximilien De Robespierre Oomer, Oomer, France, 1789-1821, Despot, Authoritarian Left, French Revolution",47139
5_Oomer/14500,Oomer,"Maximo Tajes, Oomer, Uruguay, 1821-1914, Liberal Right, President",313191
5_Oomer/14501,Oomer,"meme_enghlabi, Oomer, Iran, Other Army (Middle East)",374881
5_Oomer/14502,Oomer,"Mephiston Chief Librarian, Oomer, Video Game, Futuristic, Warhammer, Futuristic Army",170722
5_Oomer/14503,Oomer,"Metal sonic, Oomer, Video Game, SEGA, Sonic the Hedgehog, Robot",741741
5_Oomer/14504,Oomer,"Micheal Romanov, Oomer, Russia, 1914-1918, Imperial, Masked",105049
5_Oomer/14505,Oomer,"Midnighter, Oomer, Comics, DC",417825
5_Oomer/14506,Oomer,"Militant Texas Separatist, Oomer, Texas, United States, Militia Forces, Terrorism",192612
5_Oomer/14507,Oomer,"Miner Oomer, Oomer, 1918-1939, Steampunk, The Ever-Expanding Bunker, Worker",395904
5_Oomer/14508,Oomer,"Moche Warrior Oomer, Oomer, Peru, 476-1492, Autochthonous",44592
5_Oomer/14509,Oomer,"Mocker oomer, Oomer, Template, Full Body",253118
5_Oomer/14510,Oomer,"Monster Super Mutant, Oomer, Post Apocalyptic, Fallout, Monster",29582
5_Oomer/14511,Oomer,"Moorish Oomer, Oomer, Africa, Morocco",15448
5_Oomer/14512,Oomer,"Muad'dib (Dune), Oomer, Futuristic, Space",104456
5_Oomer/14513,Oomer,"Muslim Oomer, Oomer, Middle East, Islam",207185
5_Oomer/14514,Oomer,"MVSN Oomer, Oomer, Italy, 1918-1939, Authoritarian Right",595272
5_Oomer/14515,Oomer,"Mycenean, Oomer, Ancient Egypt, -3000-476",331067
5_Oomer/14516,Oomer,"Nair Oomer , Oomer, Hinduism, India",182601
5_Oomer/14517,Oomer,"Napoleon Oomer, Oomer, 1789-1821, France, Imperial",130843
5_Oomer/14518,Oomer,"Naser Orić, Oomer, Bosnia and Herzegovina, Armed Forces of Bosnia and Herzegovina",81829
5_Oomer/14519,Oomer,"National Radical Oomer, Oomer, Poland, Authoritarian Right",30042
5_Oomer/14520,Oomer,"Natsuki Oomer, Oomer, Anime, National-Socialism",232491
5_Oomer/14521,Oomer,"nazi antifurro, Oomer, The Third Reich",79751
5_Oomer/14522,Oomer,"Nestle Oomer, Oomer, Switzerland, Corporation, Food and Drink",79387
5_Oomer/14523,Oomer,"New South Wales Soldier, Oomer, Australia, British Armed Forces, 1821-1914",253805
5_Oomer/14524,Oomer,"Nicolae Ceaușescu, Oomer, Romania, General Secretary, 1960-1970, Authoritarian Left",415657
5_Oomer/14525,Oomer,"NKVD Oomer, Oomer, 1939-1945, Red Army, Soviet Union",22307
5_Oomer/14526,Oomer,"Noble Woman Oomer, Oomer, France, 1789-1821, Nobility and Bourgeoisie",180006
5_Oomer/14527,Oomer,"Norman Osborn, Oomer, Comics, Marvel",90986
5_Oomer/14528,Oomer,"Nosk, Oomer, Video Game, Hollow Knight",60883
5_Oomer/14529,Oomer,"Not Real Railways , Oomer, Brands",106762
5_Oomer/14530,Oomer,"n@zi oomer, Oomer, Germany",190993
5_Oomer/14531,Oomer,"NZW Wojak, Oomer, Poland, Polish Armed Forces, 1939-1945",34303
5_Oomer/14532,Oomer,"Officer of the Iran army, Oomer, Iran, Middle East",403503
5_Oomer/14533,Oomer,"Ohio Map, Oomer, North America, United States, Map",11616
5_Oomer/14534,Oomer,"Ohrana Oomer, Oomer, 1939-1945, Macedonia, Greece",119439
5_Oomer/14535,Oomer,"Oomer Ancap, Oomer, Political Compass, Liberal Right (Political Compass), Anarchism",331142
5_Oomer/14536,Oomer,"Oomer Celestia, Oomer, Cartoon, My Little Pony",137810
5_Oomer/14537,Oomer,"Oomer Charles de Gaulle, Oomer, France, President, Armée Française, 1939-1945",249225
5_Oomer/14538,Oomer,"Oomer Construction Worker, Oomer, Worker, Worker Team (The Ever-Expanding Bunker), The Ever-Expanding Bunker, Team Fortress 2",47522
5_Oomer/14539,Oomer,"Oomer Knight, Oomer, Knight, 476-1492",145203
5_Oomer/14540,Oomer,"Oomer Liking Roaches, Oomer, Strange",152322
5_Oomer/14541,Oomer,"Oomer Mahdi Soldier , Oomer, Iraq, Other Army (Middle East), Royal Iraqi Army, 2000-2010",237661
5_Oomer/14542,Oomer,"Oomer Masked, Oomer, Masked",45897
5_Oomer/14543,Oomer,"Oomer Masked, Oomer, Masked",85329
5_Oomer/14544,Oomer,"Oomer Masked, Oomer, Masked",78066
5_Oomer/14545,Oomer,"Oomer Masked, Oomer, Masked",136003
5_Oomer/14546,Oomer,"Oomer Masked, Oomer, Masked",76990
5_Oomer/14547,Oomer,"Oomer Masked, Oomer, Masked",76990
5_Oomer/14548,Oomer,"Oomer Masked Troll, Oomer, Masked, Internet, Meme",109733
5_Oomer/14549,Oomer,"Oomer Moroccan Soldier, Oomer, Morocco, Other Army (Africa)",116575
5_Oomer/14550,Oomer,"Oomer ottoman soldier , Oomer, Ottoman Army, Ottoman Empire, 1914-1918",269406
5_Oomer/14551,Oomer,"Oomer Pedro II - Peter II of Brazil, Oomer, Brazil, 1821-1914, Imperial",126014
5_Oomer/14552,Oomer,"Oomer Ping Disord, Oomer, Internet, Meme",115006
5_Oomer/14553,Oomer,"Oomer Pointing, Oomer, Template",116399
5_Oomer/14554,Oomer,"Oomer Pointing Shadow, Oomer, Civilian (Adult)",189795
5_Oomer/14555,Oomer,"Oomer Psycho, Oomer, Template",91020
5_Oomer/14556,Oomer,"Oomer Psycho Masked, Oomer, Masked",83644
5_Oomer/14557,Oomer,"Oomer Psycho, Oomer, Template",54146
5_Oomer/14558,Oomer,"Oomer Security Guard, Oomer, Rescue Services, Employee",325787
5_Oomer/14559,Oomer,"Oomer Sunglasses, Oomer, Civilian (Adult)",83636
5_Oomer/14560,Oomer,"Oomer Sweater, Oomer, Civilian (Adult)",63721
5_Oomer/14561,Oomer,"Oomer Sweating, Oomer, Template",63043
5_Oomer/14562,Oomer,"Oomer Terrorist, Oomer, Terrorism",377595
5_Oomer/14563,Oomer,"Oomer Thinking , Oomer, Template",138807
5_Oomer/14564,Oomer,"Oomer Turkey, Oomer, Turkey, Europe",52010
5_Oomer/14565,Oomer,"Oomer Tuxedo, Oomer, Political Compass, Liberal Right (Political Compass)",161982
5_Oomer/14566,Oomer,"Oomer Wehrmacht Soldier, Oomer, 1939-1945, Deutsches Heer, The Third Reich",516529
5_Oomer/14567,Oomer,"Patrick Bateman, Oomer, Movie and TV Show, American Psycho",880334
5_Oomer/14568,Oomer,"Patrick Bateman, Oomer, American Psycho, Movie and TV Show, United States",55083
5_Oomer/14569,Oomer,"Pedrodbr Oomer, Oomer, Internet, Youtube, Pirate, Ocean",341843
5_Oomer/14570,Oomer,"Peruvian Traffic Officer on a Horse, Oomer, Peru, Peruvian Armed Forces, Rescue Services",113854
5_Oomer/14571,Oomer,"Phalanx, Oomer, Comics, DC",151809
5_Oomer/14572,Oomer,"Pierre Debizet, Oomer, France, Authoritarian Right, Criminal, 1960-1970",16653
5_Oomer/14573,Oomer,"Pilsoomer, Oomer, Poland, Polish Armed Forces, 1918-1939",25191
5_Oomer/14574,Oomer,"Polish Soldier, Oomer, 2020-2030, Poland, Polish Armed Forces",130234
5_Oomer/14575,Oomer,"Polish Soldier Oomer, Oomer, Polish Armed Forces, Injured and Dead, Poland, Other Army (Europe)",884684
5_Oomer/14576,Oomer,"Pol Pot, Oomer, Cambodia, Authoritarian Left, 1960-1970, General Secretary",205796
5_Oomer/14577,Oomer,"Postal 1 Dude, Oomer, Postal, Criminal",75764
5_Oomer/14578,Oomer,"Postal Dude, Oomer, Video Game, Postal",109549
5_Oomer/14579,Oomer,"Prussian Demon, Oomer, Royal Prussian Army, Prussia, Authoritarian Right, 1821-1914",200800
5_Oomer/14580,Oomer,"Prussian Soviet Soldier, Oomer, Royal Prussian Army, Prussia, Royal Prussian Army",145627
5_Oomer/14581,Oomer,"Psycho Businessman, Oomer, Corporation",74838
5_Oomer/14582,Oomer,"Psycho Businessman, Oomer, Corporation",81290
5_Oomer/14583,Oomer,"Psycho European Union Submariner, Oomer, European Union, Futuristic Army, Ocean, Monster",238893
5_Oomer/14584,Oomer,"Psycho Knight Oomer, Oomer, Knight, 476-1492",221709
5_Oomer/14585,Oomer,"Psycho Mussolini, Oomer, 1939-1945, Italy, Authoritarian Right, Despot",193488
5_Oomer/14586,Oomer,"Psycho Pirate Wojak, Oomer, Ocean, Pirate",141892
5_Oomer/14587,Oomer,"Psycho Tanker, Oomer, United States, 1939-1945, United States Army",137657
5_Oomer/14588,Oomer,"Psycho Ukraine Soldier, Oomer, Ukraine, Armed Forces of Ukraine",203069
5_Oomer/14589,Oomer,"Psycho Ukranian Insurgent, Oomer, Ukraine, Armed Forces of Ukraine, 2020-2030",115193
5_Oomer/14590,Oomer,"Psycho With Troll Mask, Oomer, Masked, Internet",41478
5_Oomer/14591,Oomer,"Purple Aki, Oomer, United Kingdom",75373
5_Oomer/14592,Oomer,"Purple LibRight, Oomer, Political Compass, Liberal Right (Political Compass)",9148
5_Oomer/14593,Oomer,"Purple Oomer , Oomer, Political Compass, Liberal Right (Political Compass)",145107
5_Oomer/14594,Oomer,"Qazi Mohammed, Oomer, Kurdistan",124373
5_Oomer/14595,Oomer,"Quirrel, Oomer, Video Game, Hollow Knight",121355
5_Oomer/14596,Oomer,"Ragnvaldr (Fear & Hunger), Oomer, Video Game, Fantasy",4117076
5_Oomer/14597,Oomer,"Raiden MGR, Oomer, Metal Gear Solid, Video Game",825813
5_Oomer/14598,Oomer,"Rasha Zombie, Oomer, Monster",101970
5_Oomer/14599,Oomer,"Rat King, Oomer, 1918-1939, Steampunk, The Ever-Expanding Bunker",472544
5_Oomer/14600,Oomer,"Ratnik, Oomer, Russian Armed Forces, Russia, 2020-2030",278087
5_Oomer/14601,Oomer,"RauSS, Oomer, Belgium",50711
5_Oomer/14602,Oomer,"Red-Eyed, Oomer, Strange",116837
5_Oomer/14603,Oomer,"Redneck, Oomer, North America, United States",100277
5_Oomer/14604,Oomer,"Republic Of Afghanistan Officier, Oomer, Afghanistan, Militia Forces, 1980-1990, Militia Forces",185476
5_Oomer/14605,Oomer,"Revolutionary Turkish Socialist Warrior, Oomer, Turkish Armed Forces",136445
5_Oomer/14606,Oomer,"Rios_Montt, Oomer, Guatemala, Other Army (South And Central America)",83588
5_Oomer/14607,Oomer,"Robber Wojak, Oomer, Criminal, Video Game",76021
5_Oomer/14608,Oomer,"Rochambeau Psycho, Oomer, France, 1789-1821, French Revolution",93905
5_Oomer/14609,Oomer,"Romanian Wehrmacht Soldier, Oomer, Romania, Romanian Armed Forces, 1939-1945",271520
5_Oomer/14610,Oomer,"Rungspurrius Proudloins, Oomer, Fantasy",32910
5_Oomer/14611,Oomer,"Russian fascist , Oomer, Russia, 1918-1939, 1939-1945",206755
5_Oomer/14612,Oomer,"Russian Oomer, Oomer, Russian Armed Forces, Russia",159436
5_Oomer/14613,Oomer,"Russian Oomer, Oomer, Russia, Criminal",331000
5_Oomer/14614,Oomer,"Russian Soldier, Oomer, Russia, Russian Armed Forces, 2020-2030",124459
5_Oomer/14615,Oomer,"Russian Z Soldier Oomer, Oomer, Russia, Russian Armed Forces, 2020-2030",221692
5_Oomer/14616,Oomer,"Ryukyuan Resistance Fighter, Oomer, Japan, Other Army (Asia), Militia Forces, 2020-2030",136192
5_Oomer/14617,Oomer,"Saddam Hussein Oomer , Oomer, Iraq, President, 1990-2000",172305
5_Oomer/14618,Oomer,"Sancho I, Oomer, Portugal, Monarch, 476-1492",108851
5_Oomer/14619,Oomer,"Sandinista Guerilla, Oomer, Nicaragua, 1960-1970, Authoritarian Left",107426
5_Oomer/14620,Oomer,"SBU, Oomer, Ukraine, Armed Forces of Ukraine, 2020-2030",294803
5_Oomer/14621,Oomer,"Schizo, Oomer, Anarchism, Terrorism",45035
5_Oomer/14622,Oomer,"Schizo Christian, Oomer, Christianism, United States",180751
5_Oomer/14623,Oomer,"Schutzstaffels Psycho, Oomer, National-Socialism, The Third Reich, Schutzstaffel",211733
5_Oomer/14624,Oomer,"SCP-001 When Day Breaks Singular, Oomer, SCP Foundation, Monster, Injured and Dead",5625
5_Oomer/14625,Oomer,"Sebastian Pineira and a Chilean in 2020, Oomer, 2010-2020, Chile",84777
5_Oomer/14626,Oomer,"Sebastian Shaw, Oomer, Comics, DC",107066
5_Oomer/14627,Oomer,"Seen Some Shit, Oomer, Strange, Template",434794
5_Oomer/14628,Oomer,"Serbian Nationalist, Oomer, Serbia, Terrorism, Europe, Militia Forces",50131
5_Oomer/14629,Oomer,"Serbian Soldier Oomer, Oomer, The Third Reich, 1939-1945, National-Socialism, Serbia, Schutzstaffel",181100
5_Oomer/14630,Oomer,"Serbian Warrior, Oomer, Serbia, Serbian Armed Forces, 1990-2000",199555
5_Oomer/14631,Oomer,"Serial Killer Leojak, Oomer, Criminal",92571
5_Oomer/14632,Oomer,"Serial Killer Leojak, Oomer, Criminal",132970
5_Oomer/14633,Oomer,"Serial Killer Leojak, Oomer, Criminal",139864
5_Oomer/14634,Oomer,"Serial Killer Leojak, Oomer, Criminal",143659
5_Oomer/14635,Oomer,"Serial Killer Leojak, Oomer, Criminal",219049
5_Oomer/14636,Oomer,"Seth Gueko (Young), Oomer, Music, France, 2000-2010",108248
5_Oomer/14637,Oomer,"Shab the Technocrat Warlord, Oomer, The Ever-Expanding Bunker, Robot",255722
5_Oomer/14638,Oomer,"Shishijak, Oomer, Strange, Monster",35841
5_Oomer/14639,Oomer,"Sink Pisser, Oomer, Meme, The Ever-Expanding Bunker",28899
5_Oomer/14640,Oomer,"Slender Man Wojak, Oomer, Video Game, Monster",24225
5_Oomer/14641,Oomer,"Smiling Suit Oomer, Oomer, Civilian (Adult)",54414
5_Oomer/14642,Oomer,"Socialist Soldier, Oomer, Authoritarian Left",82011
5_Oomer/14643,Oomer,"Soldado Argentino Moderno, Oomer, Argentina, Militia Forces",212448
5_Oomer/14644,Oomer,"Soldat Insurgé Belgo-Allemand, Oomer, Belgium, Germany, Bundeswehr, Belgian Armed Forces",212422
5_Oomer/14645,Oomer,"Soldier, Oomer, Futuristic, Futuristic Army",117024
5_Oomer/14646,Oomer,"Sonic e.x.e, Oomer, SEGA, Sonic the Hedgehog, Strange",309403
5_Oomer/14647,Oomer,"Soviet Paratrooper in Afghanistan, Oomer, Soviet Union, 1980-1990, Red Army",502884
5_Oomer/14648,Oomer,"Soviet Soldier, Oomer, Russian Armed Forces, Soviet Union, 1939-1945",106968
5_Oomer/14649,Oomer,"Spider Monster Feels Good, Oomer, Monster, Strange, Science",335245
5_Oomer/14650,Oomer,"Spider Oomer, Oomer, Monster, Strange, Science",680087
5_Oomer/14651,Oomer,"Spy Ooomer, Oomer, First-Person Shooter, Team Fortress 2, Video Game",40046
5_Oomer/14652,Oomer,"SS Guard (with MP40), Oomer, The Third Reich, Schutzstaffel, 1939-1945",160296
5_Oomer/14653,Oomer,"SS Officer Oomer Burning Pride Flag, Oomer, Schutzstaffel, The Third Reich, LGBT+, Authoritarian Right",144715
5_Oomer/14654,Oomer,"SS Oomer, Oomer, National-Socialism, 1939-1945, The Third Reich, Schutzstaffel",31681
5_Oomer/14655,Oomer,"SS Psycho Wojak, Oomer, National-Socialism, The Third Reich, 1939-1945",442857
5_Oomer/14656,Oomer,"SS Soldier Oomer, Oomer, The Third Reich, 1939-1945, National-Socialism, Schutzstaffel",322339
5_Oomer/14657,Oomer,"Stalin Cursed Wojak, Oomer, Authoritarian Left, Soviet Union, 1939-1945, General Secretary",49983
5_Oomer/14658,Oomer,"Starship Trooper, Oomer, Space, Futuristic",192801
5_Oomer/14659,Oomer,"Strom Thurmond, Oomer, 1939-1945, United States, Authoritarian Right, Political Figure",134247
5_Oomer/14660,Oomer,"Sturmabteilung Oomer, Oomer, 1939-1945, The Third Reich, National-Socialism",603859
5_Oomer/14661,Oomer,"Suharto, Oomer, Indonesia, President, 1970-1980",255787
5_Oomer/14662,Oomer,"Suited Blushing Oomer, Oomer, Template",245507
5_Oomer/14663,Oomer,"Suited Devil Oomer, Oomer, Template",231386
5_Oomer/14664,Oomer,"Suited Happy Oomer, Oomer, Template",135168
5_Oomer/14665,Oomer,"Suited Happy Oomer, Oomer, Template",130712
5_Oomer/14666,Oomer,"Suited Masked Oomer, Oomer, Masked",325181
5_Oomer/14667,Oomer,"Suited Psycho Oomer, Oomer, Template",135990
5_Oomer/14668,Oomer,"Suited Sunglasses Oomer, Oomer, Template",160959
5_Oomer/14669,Oomer,"Suit Oomer Thinking , Oomer, Civilian (Adult)",263395
5_Oomer/14670,Oomer,"Suit Shifter, Oomer, Civilian (Adult)",44552
5_Oomer/14671,Oomer,"Surface?…, Oomer, The Ever-Expanding Bunker, Monster",633431
5_Oomer/14672,Oomer,"SWIFT (Fortnite), Oomer, Video Game, Japan",41273
5_Oomer/14673,Oomer,"Swiss Military Grenadier, Oomer, Switzerland, Other Army (Europe)",349423
5_Oomer/14674,Oomer,"Tentacle Oomer, Oomer, Monster, Strange",348266
5_Oomer/14675,Oomer,"Terrorist Corsican , Oomer, Europe, Terrorism, France",192715
5_Oomer/14676,Oomer,"Terrorist with Pistol, Oomer, Terrorism, 1990-2000, Middle East, Militia Forces",152021
5_Oomer/14677,Oomer,"That Guy, Oomer, The Ever-Expanding Bunker, Monster",28146
5_Oomer/14678,Oomer,"The Accelerationist, Oomer, Strange",607136
5_Oomer/14679,Oomer,"The Agent, Oomer, The Ever-Expanding Bunker, Robot",43598
5_Oomer/14680,Oomer,"The Alarian Transplant, Oomer, 1821-1914",33930
5_Oomer/14681,Oomer,"The Alerian Merchant, Oomer, Fantasy, Ocean",61093
5_Oomer/14682,Oomer,"The Alerian Merchant , Oomer, Fantasy, Ocean",417561
5_Oomer/14683,Oomer,"The Antico, Oomer, Futuristic, Criminal, Cyberpunk 2077",525876
5_Oomer/14684,Oomer,"The Anti-Computer Worshipers, Oomer, The Ever-Expanding Bunker",150812
5_Oomer/14685,Oomer,"The Belter, Oomer, Futuristic, Monster",705167
5_Oomer/14686,Oomer,"The Botanist, Oomer, The Ever-Expanding Bunker, Employee",180346
5_Oomer/14687,Oomer,"The Bowler - Level 71, Oomer, The Ever-Expanding Bunker, Ocean",96059
5_Oomer/14688,Oomer,"The Calm Assistant - 74, Oomer, The Ever-Expanding Bunker, Guard (The Ever-Expanding Bunker)",75371
5_Oomer/14689,Oomer,"The Calmer - Level 74, Oomer, The Ever-Expanding Bunker, Guard (The Ever-Expanding Bunker)",96893
5_Oomer/14690,Oomer,"The Calm Guard, Oomer, The Ever-Expanding Bunker, Guard (The Ever-Expanding Bunker)",187055
5_Oomer/14691,Oomer,"The Calm Radio, Oomer, The Ever-Expanding Bunker, Interferencia (The Ever-Expanding Bunker)",350091
5_Oomer/14692,Oomer,"The Calm Worker, Oomer, The Ever-Expanding Bunker, Steampunk",339912
5_Oomer/14693,Oomer,"The Carver Monk, Oomer, Religious Authority, Christianism",205133
5_Oomer/14694,Oomer,"The Coalition Twins, Oomer, The Ever-Expanding Bunker, Robot",81558
5_Oomer/14695,Oomer,"The Coral Lord, Oomer, Monster, Ocean, Fantasy",54540
5_Oomer/14696,Oomer,"The Cultist Mercenary, Oomer, Post Apocalyptic",169376
5_Oomer/14697,Oomer,"The Demagogue, Oomer, Authoritarian Right (Political Compass), Political Compass",15544
5_Oomer/14698,Oomer,"The Designer - Level 18, Oomer, The Ever-Expanding Bunker, Worker Team (The Ever-Expanding Bunker), Worker",232367
5_Oomer/14699,Oomer,"The ''Doctor'', Oomer, The Ever-Expanding Bunker, Medical",251694
5_Oomer/14700,Oomer,"The Eastern Occupation Neocrat, Oomer, Fantasy, Futuristic",77089
5_Oomer/14701,Oomer,"The Eighty-Niner - Level 89, Oomer, The Ever-Expanding Bunker, Monster",199772
5_Oomer/14702,Oomer,"The Error, Oomer, The Ever-Expanding Bunker, Flamethrower Template",504527
5_Oomer/14703,Oomer,"The Exterminator - Level 71, Oomer, The Ever-Expanding Bunker, Ocean",151707
5_Oomer/14704,Oomer,"The Flesh Victim, Oomer, The Ever-Expanding Bunker, Monster, Flesh (The Ever-Expanding Bunker)",241253
5_Oomer/14705,Oomer,"The Foamer, Oomer, The Ever-Expanding Bunker, Monster",594058
5_Oomer/14706,Oomer,"The Foamer, Oomer, The Ever-Expanding Bunker, Monster",1245459
5_Oomer/14707,Oomer,"The Foamer, Oomer, The Ever-Expanding Bunker, Monster",1245459
5_Oomer/14708,Oomer,"The Furcoat Merchant, Oomer, The Ever-Expanding Bunker",282457
5_Oomer/14709,Oomer,"The Grabber (The Black Phone), Oomer, Movie and TV Show, Masked, Strange",79386
5_Oomer/14710,Oomer,"The Grenadier, Oomer, The Ever-Expanding Bunker, Guard (The Ever-Expanding Bunker)",145381
5_Oomer/14711,Oomer,"The Grenadier, Oomer, The Ever-Expanding Bunker, Guard (The Ever-Expanding Bunker)",221769
5_Oomer/14712,Oomer,"The Grenadier, Oomer, The Ever-Expanding Bunker, Guard (The Ever-Expanding Bunker)",221769
5_Oomer/14713,Oomer,"The Grey Org Member, Oomer, Fantasy, Futuristic",65742
5_Oomer/14714,Oomer,"The Gunnerjak, Oomer, The Ever-Expanding Bunker, Monster",90855
5_Oomer/14715,Oomer,"The Hungarian SS, Oomer, Hungary",249190
5_Oomer/14716,Oomer,"The IGNIS Problem Resolver, Oomer, The Ever-Expanding Bunker, Flamethrower Template, Robot, IGNIS (The Ever-Expanding Bunker)",311478
5_Oomer/14717,Oomer,"The Interferencia Hunter, Oomer, The Ever-Expanding Bunker, Interferencia (The Ever-Expanding Bunker)",160372
5_Oomer/14718,Oomer,"The Jacobin, Oomer, 1789-1821, Authoritarian Left, French Revolution, France",162512
5_Oomer/14719,Oomer,"The Junior Coder, Oomer, Civilian (Teenager)",150903
5_Oomer/14720,Oomer,"The Killer Oomer, Oomer, Monster",87914
5_Oomer/14721,Oomer,"The Lapsarian Master Of Whispers, Oomer, Fantasy",405419
5_Oomer/14722,Oomer,"The L-Cultist, Oomer, The Ever-Expanding Bunker, Nintendo, Video Game, Super Mario",372852
5_Oomer/14723,Oomer,"The Leaper, Oomer, Monster",275765
5_Oomer/14724,Oomer,"The Lich, Oomer, Monster, Strange",34021
5_Oomer/14725,Oomer,"The Lion of Sindria, Oomer, Futuristic, Space, Starsector",64784
5_Oomer/14726,Oomer,"The Mad Medic, Oomer, Criminal, Medical",243959
5_Oomer/14727,Oomer,"The Mirror Walker, Oomer, Monster, Strange, Fantasy",674611
5_Oomer/14728,Oomer,"The Northeaster Resistance Fighter, Oomer, Fantasy, Futuristic",105470
5_Oomer/14729,Oomer,"The Prime Shifter, Oomer, The Ever-Expanding Bunker, Monster",8821
5_Oomer/14730,Oomer,"The Psycho, Oomer, Terrorism",111154
5_Oomer/14731,Oomer,"The Punk Rebel, Oomer, Criminal",681751
5_Oomer/14732,Oomer,"The Puppet, Oomer, The Ever-Expanding Bunker, Monster",136745
5_Oomer/14733,Oomer,"The Puppet, Oomer, The Ever-Expanding Bunker, Monster",136745
5_Oomer/14734,Oomer,"The Robot Mac Worker, Oomer, Food and Drink, Brands, Robot",5812
5_Oomer/14735,Oomer,"The Robot Oomer, Oomer, Futuristic, Robot",80098
5_Oomer/14736,Oomer,"The Sans-Culotte, Oomer, 1789-1821, France, Peasant, French Revolution",33978
5_Oomer/14737,Oomer,"The Secret Police, Oomer, Post Apocalyptic",803317
5_Oomer/14738,Oomer,"The Serial Killer, Oomer, Criminal, 1970-1980",336304
5_Oomer/14739,Oomer,"The Skinwalker, Oomer, The Ever-Expanding Bunker, Flesh (The Ever-Expanding Bunker)",960162
5_Oomer/14740,Oomer,"The Skinwalker, Oomer, The Ever-Expanding Bunker, Flesh (The Ever-Expanding Bunker), Monster",275812
5_Oomer/14741,Oomer,"The Skoptsy, Oomer, Fantasy, Demon",136643
5_Oomer/14742,Oomer,"The Skoulle, Oomer, Monster, Strange",134910
5_Oomer/14743,Oomer,"The Skoulle, Oomer, Monster, Strange",13449
5_Oomer/14744,Oomer,"The Skoulle, Oomer, Monster, Strange",143583
5_Oomer/14745,Oomer,"The Skoulle, Oomer, Monster, Strange",143583
5_Oomer/14746,Oomer,"The Sprayer, Oomer, The Ever-Expanding Bunker, Guard (The Ever-Expanding Bunker)",125140
5_Oomer/14747,Oomer,"The Stone Shapers, Oomer, Fantasy",659810
5_Oomer/14748,Oomer,"The Survivalist, Oomer, Survivalism",87981
5_Oomer/14749,Oomer,"The ... Thing ?, Oomer, Monster, Strange",183246
5_Oomer/14750,Oomer,"The Trans Humanist Dealer, Oomer, Futuristic, Space, Criminal",46283
5_Oomer/14751,Oomer,"The U.V.F, Oomer, Ireland, British Armed Forces",101608
5_Oomer/14752,Oomer,"The Void Guard, Oomer, The Ever-Expanding Bunker, Guard (The Ever-Expanding Bunker), Strange, Monster",119119
5_Oomer/14753,Oomer,"The Wanderer, Oomer, The Ever-Expanding Bunker, Elite Guard (The Ever-Expanding Bunker), Injured and Dead",84127
5_Oomer/14754,Oomer,"The Weapon Tester - Level 18, Oomer, The Ever-Expanding Bunker, Science",585339
5_Oomer/14755,Oomer,"The Wojak Creature, Oomer, The Ever-Expanding Bunker, Worker Team (The Ever-Expanding Bunker), Robot",254203
5_Oomer/14756,Oomer,"Thining Oomer, Oomer, Civilian (Adult)",409818
5_Oomer/14757,Oomer,"Though, Oomer, Monster, Though",205073
5_Oomer/14758,Oomer,"Though, Oomer, Monster, Though",112780
5_Oomer/14759,Oomer,"Though, Oomer, Monster, Though",98500
5_Oomer/14760,Oomer,"Though, Oomer, Monster, Though",170754
5_Oomer/14761,Oomer,"Though, Oomer, Monster, Though",133996
5_Oomer/14762,Oomer,"Though, Oomer, Monster, Though",50134
5_Oomer/14763,Oomer,"Though, Oomer, Monster, Though",64230
5_Oomer/14764,Oomer,"Though, Oomer, Monster, Though",64785
5_Oomer/14765,Oomer,"Though, Oomer, Monster, Though",94043
5_Oomer/14766,Oomer,"Though, Oomer, Monster, Though",101188
5_Oomer/14767,Oomer,"Though, Oomer, Monster, Though",67984
5_Oomer/14768,Oomer,"Though, Oomer, Monster, Though",101633
5_Oomer/14769,Oomer,"Though, Oomer, Monster, Though",94713
5_Oomer/14770,Oomer,"Though, Oomer, Monster, Though",67086
5_Oomer/14771,Oomer,"Though, Oomer, Monster, Though",70757
5_Oomer/14772,Oomer,"Though, Oomer, Monster, Though",75438
5_Oomer/14773,Oomer,"Though, Oomer, Monster, Though",54148
5_Oomer/14774,Oomer,"Though, Oomer, Monster, Though",54840
5_Oomer/14775,Oomer,"Though, Oomer, Monster, Though",81561
5_Oomer/14776,Oomer,"Though, Oomer, Monster, Though",70530
5_Oomer/14777,Oomer,"Though, Oomer, Monster, Though",78980
5_Oomer/14778,Oomer,"Though, Oomer, Monster, Though",901527
5_Oomer/14779,Oomer,"Though, Oomer, Monster, Though",91985
5_Oomer/14780,Oomer,"Though, Oomer, Monster, Though",91985
5_Oomer/14781,Oomer,"Tin Tan, Oomer, Mexico, Music, Movie and TV Show",335329
5_Oomer/14782,Oomer,"Traumatized Oomer Soldier, Oomer, 1939-1945, National-Socialism, The Third Reich",300556
5_Oomer/14783,Oomer,"Tribal Oomer, Oomer, Autochthonous, Strange, Monster",435600
5_Oomer/14784,Oomer,"Turkey, Oomer, Ottoman Empire, Turkey",172732
5_Oomer/14785,Oomer,"Turkish Air Force Oomer, Oomer, Turkish Armed Forces, Turkey",150675
5_Oomer/14786,Oomer,"Turkish General Demonjak, Oomer, Turkish Armed Forces, Turkey",221361
5_Oomer/14787,Oomer,"Turkish General Oomer, Oomer, Turkish Armed Forces, Turkey",239926
5_Oomer/14788,Oomer,"Turkish Naval Force Oomer, Oomer, Turkish Armed Forces, Turkey, Ocean",135999
5_Oomer/14789,Oomer,"Turkish Nazi Oomer, Oomer, Turkey, National-Socialism, 1939-1945",102724
5_Oomer/14790,Oomer,"Turkish Soldier Oomer, Oomer, Turkish Armed Forces, Turkey",143060
5_Oomer/14791,Oomer,"TV Oomer, Oomer, Strange",850565
5_Oomer/14792,Oomer,"UCK Macedonia, Oomer, Macedonia, 2000-2010, Other Army (Europe)",90465
5_Oomer/14793,Oomer,"Ukrainian soldier , Oomer, Ukraine, Armed Forces of Ukraine",396682
5_Oomer/14794,Oomer,"UN Demon, Oomer, United Nations, Demon",65178
5_Oomer/14795,Oomer,"Unhappy Oomer, Oomer, Template",11846
5_Oomer/14796,Oomer,"UPA Chotovyi Wojak, Oomer, Ukraine, Armed Forces of Ukraine",140732
5_Oomer/14797,Oomer,"US commander, Oomer, United States, United States Army",235556
5_Oomer/14798,Oomer,"Usolian Soldier Psycho Oomer, Oomer, Militia Forces, 2020-2030",186674
5_Oomer/14799,Oomer,"Valery Sablin, Oomer, Soviet Union, 1939-1945, Red Army, Ocean",32867
5_Oomer/14800,Oomer,"Variant U.V.F , Oomer, Ireland, British Armed Forces",110340
5_Oomer/14801,Oomer,"Viet Cong Soldier, Oomer, Vietnam, Vietnam War, 1960-1970, People's Army of Vietnam",344052
5_Oomer/14802,Oomer,"Void Oomer, Oomer, Monster",560616
5_Oomer/14803,Oomer,"Wagner Oomer Psycho, Oomer, Russia, 2010-2020, Militia Forces",143030
5_Oomer/14804,Oomer,"War Machine, Oomer, Template",482430
5_Oomer/14805,Oomer,"Warrior Ancient Shan State, Oomer, Myanmar, Autochthonous, 1492-1789",130542
5_Oomer/14806,Oomer,"Weird Soviet Wojak, Oomer, Soviet Union, Russia",62718
5_Oomer/14807,Oomer,"Wojak Psycho Nazi, Oomer, The Third Reich, Deutsches Heer, 1939-1945",150525
5_Oomer/14808,Oomer,"Wojak von Tronje, Oomer, Knight, 476-1492",53677
5_Oomer/14809,Oomer,"Worker, Oomer, Worker",128702
5_Oomer/14810,Oomer,"WWII German Soldier, Oomer, 1939-1945",53530
5_Oomer/14811,Oomer,"Wyklety Wojak, Oomer, 1939-1945, Poland, Polish Armed Forces",34303
5_Oomer/14812,Oomer,"Xi Jinping Oomer, Oomer, China, President, 2010-2020",187974
5_Oomer/14813,Oomer,"Yang Shangkun, Oomer, China, Authoritarian Left, 1980-1990",139056
5_Oomer/14814,Oomer,"Yegor, Oomer, Post Apocalyptic",176586
5_Oomer/14815,Oomer,"Young Colonel Ustra, Oomer, Brazil, 1970-1980, Other Army (South And Central America)",88465
5_Oomer/14816,Oomer,"Yugoslav Peoples Wojak, Oomer, Yugoslavia, Yugoslav People's Army, 1970-1980",191374
5_Oomer/14817,Oomer,"Yuri Evtukovich, Oomer, Russia, 1970-1980, National-Socialism",12316
5_Oomer/14818,Oomer,"Zapista Oomer, Oomer, 1990-2000, Mexico",142638
5_Oomer/14819,Oomer,"Zhang Jue, Oomer, China, -3000-476, Mythology",114012
5_Oomer/14820,Oomer,"z-soldier, Oomer, Russian Armed Forces, Russia, 2020-2030",667261
5_Oomer/14821,Oomer,"Związek Walki Zbrojnej Oomer, Oomer, Poland, Polish Armed Forces, 1939-1945",884612
5_Pepe/3683,Pepe,"70's Doomer Pepe, Pepe, 1970-1980, United States",294574
5_Pepe/3684,Pepe,"Adolf Hitler Pepe, Pepe, 1939-1945, National-Socialism, The Third Reich, Despot, Authoritarian Right",159988
5_Pepe/3685,Pepe,"Alash Horde Pepe, Pepe, 1918-1939, Kazakhstan",432063
5_Pepe/3686,Pepe,"Alex DeLarge, Pepe, Movie and TV Show, A Clockwork Orange, United Kingdom",142098
5_Pepe/3687,Pepe,"Algerian Pepe, Pepe, Algeria, Africa",22264
5_Pepe/3688,Pepe,"Algerian Pepe Celebrate, Pepe, Algeria, Africa, Sport",129110
5_Pepe/3689,Pepe,"Algerian Soldier, Pepe, Algeria, Other Army (Africa)",569276
5_Pepe/3690,Pepe,"American Pepe, Pepe, North America, United States",245349
5_Pepe/3691,Pepe,"Ancient Chinese Pepe, Pepe, 476-1492, China",144656
5_Pepe/3692,Pepe,"Apu Vacation, Pepe, Pacific, Tourism",1538524
5_Pepe/3693,Pepe,"Australian Pepe, Pepe, Australia, Pacific",227365
5_Pepe/3694,Pepe,"Austria-Hungary Pepe, Pepe, 1914-1918, Austria-Hungarian Empire",52749
5_Pepe/3695,Pepe,"Authoritarian Right Pepe , Pepe, Authoritarian Right, Political Compass",243829
5_Pepe/3696,Pepe,"Azerbaijani pepe, Pepe, Azerbaijan, Europe",436038
5_Pepe/3697,Pepe,"Bangabhumi Gigachad, Pepe, Asia, Bangladesh",229909
5_Pepe/3698,Pepe,"Batman, Pepe, Comics, DC",87626
5_Pepe/3699,Pepe,"Belarussian Pepe, Pepe, Belarus, Europe",100688
5_Pepe/3700,Pepe,"Belgian Nazbol Pepe, Pepe, Political Compass, Belgium, Authoritarian Left, Authoritarian Right",365210
5_Pepe/3701,Pepe,"Belgians after inventing fries, Pepe, Belgian Armed Forces, Belgium",587190
5_Pepe/3702,Pepe,"Belzebuth Pepe, Pepe, Demon",330049
5_Pepe/3703,Pepe,"Bernie Sanders Pepe, Pepe, Authoritarian Left, United States, Political Figure, 2010-2020",252763
5_Pepe/3704,Pepe,"Black Elf, Pepe, Video Game, Skyrim, Fantasy, Elf",2996
5_Pepe/3705,Pepe,"BlobJak Janny, Pepe, Internet, Social Media",9380
5_Pepe/3706,Pepe,"Blue Screen Pepe, Pepe, Internet",776612
5_Pepe/3707,Pepe,"Blue Screen Pepe, Pepe, Internet",272620
5_Pepe/3708,Pepe,"Bonnie, Pepe, Video Game, Five Nights at Freddy's, Monster",41190
5_Pepe/3709,Pepe,"BonziBuddy Pepe, Pepe, Internet, Brands",175432
5_Pepe/3710,Pepe,"Bosnian Pepe, Pepe, Balkan, Bosnia and Herzegovina",489875
5_Pepe/3711,Pepe,"Brad Pitt (Once Upon a Time… in Hollywood), Pepe, United States, 1960-1970, Movie and TV Show",84382
5_Pepe/3712,Pepe,"British Colonial Pepe, Pepe, United Kingdom, Colonial, 1821-1914",928709
5_Pepe/3713,Pepe,"Brotherhood Pepe, Pepe, Post Apocalyptic, Fallout : New Vegas, Fallout",201502
5_Pepe/3714,Pepe,"Buddhist Pepe, Pepe, Buddhism, Asia",404267
5_Pepe/3715,Pepe,"Bulgarian Pepe, Pepe, Europe, Balkan, Bulgaria",99969
5_Pepe/3716,Pepe,"Canadian Honker, Pepe, North America, Canada",230308
5_Pepe/3717,Pepe,"Canadian Pepe, Pepe, North America, Canada",62309
5_Pepe/3718,Pepe,"Canadian pepe, Pepe, Canada, North America",115413
5_Pepe/3719,Pepe,"Canadian pepe, Pepe, Canada, North America",375791
5_Pepe/3720,Pepe,"Canadian Police Monte Pepe, Pepe, North America, Canada, Rescue Services",78501
5_Pepe/3721,Pepe,"Captain America, Pepe, Comics, Marvel",92342
5_Pepe/3722,Pepe,"Castillan Pepe, Pepe, Spain, Europe",321358
5_Pepe/3723,Pepe,"Catalan Pepe, Pepe, Spain, Europe, Catalonia",323748
5_Pepe/3724,Pepe,"Catalan Pepe, Pepe, Spain, Europe, Catalonia",5188
5_Pepe/3725,Pepe,"Catalonian Pepe, Pepe, Europe, Spain, Catalonia",6602
5_Pepe/3726,Pepe,"Chad Pepe, Pepe, Template",304144
5_Pepe/3727,Pepe,"Chad Pepe Apu, Pepe, Template",101114
5_Pepe/3728,Pepe,"Charlosphère Pepe, Pepe, Internet, France, 2020-2030",210725
5_Pepe/3729,Pepe,"Chica, Pepe, Video Game, Five Nights at Freddy's, Monster",171348
5_Pepe/3730,Pepe,"Chicken Pepe, Pepe, Farm",7973
5_Pepe/3731,Pepe,"Chinese Maoist Soldier, Pepe, China, Authoritarian Left, 1950-1960, People's Liberation Army",123265
5_Pepe/3732,Pepe,"Chinese Pepe, Pepe, Asia, China",61731
5_Pepe/3733,Pepe,"Chocolate Pepe, Pepe, Food and Drink, Food and Drink",1169736
5_Pepe/3734,Pepe,"Commando Manolis Bikakis, Pepe, Greece, Cyprus, 1970-1980, Hellenic Army",115406
5_Pepe/3735,Pepe,"Communist Pepe, Pepe, Authoritarian Left",95098
5_Pepe/3736,Pepe,"Confederate Pepe, Pepe, Confederate States of America, 1821-1914",249925
5_Pepe/3737,Pepe,"Cowboy Pepe, Pepe, United States, Video Game, Far West, 1918-1939",279860
5_Pepe/3738,Pepe,"Crocodile Pepe, Pepe, Australia",49003
5_Pepe/3739,Pepe,"Crying Apu, Pepe, Civilian (Teenager)",279041
5_Pepe/3740,Pepe,"Czech Pepe, Pepe, Czechia, Europe",105741
5_Pepe/3741,Pepe,"Dandy Pepe, Pepe, Political Compass, Liberal Right (Political Compass)",324884
5_Pepe/3742,Pepe,"Dante, Pepe, Italy, 1492-1789, Art",220597
5_Pepe/3743,Pepe,"Darth Maul, Pepe, Space, Futuristic, Star Wars, Movie and TV Show",41150
5_Pepe/3744,Pepe,"Darth Maul, Pepe, Star Wars, Movie and TV Show, Futuristic",260422
5_Pepe/3745,Pepe,"David Foster Wallace, Pepe, 1990-2000, Art, United States",173446
5_Pepe/3746,Pepe,"Demon Pepe, Pepe, Demon, Monster",506816
5_Pepe/3747,Pepe,"Demon Pepe, Pepe, Demon, Monster",92902
5_Pepe/3748,Pepe,"Demon Pepe, Pepe, Demon, Monster",5743
5_Pepe/3749,Pepe,"Demon Pepe, Pepe, Demon, Monster",5743
5_Pepe/3750,Pepe,"Diogenes Pepe, Pepe, Greece, Philosophy, -3000-476",988210
5_Pepe/3751,Pepe,"Djihadist Pepe, Pepe, Middle East, Islam, Terrorism",366293
5_Pepe/3752,Pepe,"Dolmio Sauce Pepe, Pepe, Food and Drink, Brands",38486
5_Pepe/3753,Pepe,"Donald Pepe, Pepe, Movie and TV Show, Disney",135339
5_Pepe/3754,Pepe,"Donald Trump, Pepe, United States, 2010-2020, President, MAGA",47142
5_Pepe/3755,Pepe,"Doomguy, Pepe, Video Game, Doom",116339
5_Pepe/3756,Pepe,"Doomguy, Pepe, Video Game, Doom",116339
5_Pepe/3757,Pepe,"Dr Pepe, Pepe, Internet, France, LGBT+, Authoritarian Right, 2020-2030",14523
5_Pepe/3758,Pepe,"Eleftherios Venizelos, Pepe, Greece, Prime Minister, 1918-1939",214339
5_Pepe/3759,Pepe,"Emperor Sukō, Pepe, Japan, -3000-476, Monarch",277510
5_Pepe/3760,Pepe,"Enbie Girl And Shroom Pepe, Pepe, Group, Civilian (Teenager)",594520
5_Pepe/3761,Pepe,"England Pepe, Pepe, Europe, United Kingdom",8352
5_Pepe/3762,Pepe,"Entrepreneur Pepe, Pepe, Corporation",18217
5_Pepe/3763,Pepe,"Feels Dank Man, Pepe, Meme, Internet",200099
5_Pepe/3764,Pepe,"Filippo Tommaso Marinetti, Pepe, Italy, Art, 1918-1939",157731
5_Pepe/3765,Pepe,"Finnish Pepe, Pepe, Scandinavia, Finland, Europe",129093
5_Pepe/3766,Pepe,"Finnish Pepe, Pepe, Scandinavia, Europe, Finland",227220
5_Pepe/3767,Pepe,"Finnish Pepe, Pepe, Europe, Finland, Scandinavia",84661
5_Pepe/3768,Pepe,"Finnish Pepe, Pepe, Finland, Scandinavia, Europe",207145
5_Pepe/3769,Pepe,"FK Crvena Zvezda Pepe, Pepe, Europe, Balkan, Serbia, Sport",614189
5_Pepe/3770,Pepe,"FLQ Pepe, Pepe, Canada, Quebec, Terrorism",277289
5_Pepe/3771,Pepe,"Foxy, Pepe, Video Game, Five Nights at Freddy's, Monster",141607
5_Pepe/3772,Pepe,"Freddy Fazbear, Pepe, Video Game, Five Nights at Freddy's, Monster",19517
5_Pepe/3773,Pepe,"Free Russian Pepe Punch, Pepe, Europe, Russia, Europe",92171
5_Pepe/3774,Pepe,"French Pepe, Pepe, France, Europe",27040
5_Pepe/3775,Pepe,"French Pepe, Pepe, France, Group",703339
5_Pepe/3776,Pepe,"French Poilu Pepe, Pepe, France, Armée Française, 1914-1918",226739
5_Pepe/3777,Pepe,"Friedrich Nietzsche Pepe, Pepe, 1821-1914, Germany, Philosophy",10455
5_Pepe/3778,Pepe,"Frodo Pepe, Pepe, Fantasy, Video Game, The Lord of the Rings",139401
5_Pepe/3779,Pepe,"gaddafi pepe , Pepe, Lybia, Despot, 1990-2000, Authoritarian Left",151430
5_Pepe/3780,Pepe,"Gay Pepe, Pepe, LGBT+",202633
5_Pepe/3781,Pepe,"Geórgios Papadópoulos, Pepe, Greece, 1970-1980, Despot, Hellenic Army",96572
5_Pepe/3782,Pepe,"Giga Marv, Pepe, Template",65076
5_Pepe/3783,Pepe,"Golden Freddy, Pepe, Video Game, Five Nights at Freddy's, Monster",222484
5_Pepe/3784,Pepe,"Greek Army Pepes, Pepe, Greece, Other Army (Europe)",309456
5_Pepe/3785,Pepe,"Greek Kasidiaris Pepe, Pepe, Greece, Criminal",282894
5_Pepe/3786,Pepe,"Greek Latinopoulou Pepe, Pepe, Greece",760019
5_Pepe/3787,Pepe,"Greek Pepe, Pepe, Greece, Europe, Balkan",232993
5_Pepe/3788,Pepe,"Grey Wolf Pepe, Pepe, Turkey, Authoritarian Right, Flag",303964
5_Pepe/3789,Pepe,"Grumpy Bear, Pepe, Cartoon, Toy",75701
5_Pepe/3790,Pepe,"Grunt_peepo, Pepe, Halo, Futuristic, Video Game",21532
5_Pepe/3791,Pepe,"Gun Pepe, Pepe, Criminal",113180
5_Pepe/3792,Pepe,"Hamlet Pepe, Pepe, Art, United Kingdom, 1492-1789",138541
5_Pepe/3793,Pepe,"Happy Frog, Pepe, Video Game, Five Nights at Freddy's, Monster",86685
5_Pepe/3794,Pepe,"Happy Frog, Pepe, Video Game, Five Nights at Freddy's, Monster",16347
5_Pepe/3795,Pepe,"Happy Frog, Pepe, Video Game, Five Nights at Freddy's, Monster",16347
5_Pepe/3796,Pepe,"Happy Pepe, Pepe, Template, Meme",20507
5_Pepe/3797,Pepe,"Happy Sunday Clothing Pepe, Pepe, 1950-1960, Civilian (Adult)",91911
5_Pepe/3798,Pepe,"Harry Potter Pepe, Pepe, Fantasy, Harry Potter, Movie and TV Show",27185
5_Pepe/3799,Pepe,"Hazmat Pepe, Pepe, Hazmat, Medical",240341
5_Pepe/3800,Pepe,"Hazmat Rage Pepe, Pepe, Hazmat",244270
5_Pepe/3801,Pepe,"Hazmat Smug Pepe, Pepe, Hazmat",397903
5_Pepe/3802,Pepe,"Headbanger Pepe, Pepe, Music, Civilian (Teenager), Template",171524
5_Pepe/3803,Pepe,"Headbanger Pepe, Pepe, Music, Civilian (Teenager), Full Body",210168
5_Pepe/3804,Pepe,"Headbanger Pepe, Pepe, Music, Civilian (Teenager), Full Body",415975
5_Pepe/3805,Pepe,"Hermann Göring Pepe, Pepe, 1939-1945, The Third Reich, National-Socialism",120801
5_Pepe/3806,Pepe,"Hezbollah Pepe, Pepe, Lebanon, Terrorism, 2010-2020",70125
5_Pepe/3807,Pepe,"Hillary Clinton, Pepe, United States, 2010-2020, Authoritarian Right, Political Figure",38355
5_Pepe/3808,Pepe,"Hitler Pepe, Pepe, Germany, 1939-1945",230657
5_Pepe/3809,Pepe,"Hobbit Pepe, Pepe, Fantasy, The Lord of the Rings, Movie and TV Show",498890
5_Pepe/3811,Pepe,"Imperator Pepe, Pepe, Roman Empire, Imperial, -3000-476",318085
5_Pepe/3812,Pepe,"Indian Pepe, Pepe, Asia, India, 476-1492",124870
5_Pepe/3813,Pepe,"Indian Smug Pepe, Pepe, Asia, India",176215
5_Pepe/3814,Pepe,"Ioánnis Metaxás Pepe, Pepe, Greece, 1939-1945, Prime Minister",195807
5_Pepe/3815,Pepe,"Iraqi Pepe, Pepe, Middle East, Iraq",232911
5_Pepe/3816,Pepe,"IRA Terrorist, Pepe, 1980-1990, Ireland, Terrorism",268429
5_Pepe/3817,Pepe,"Irish Pepe, Pepe, Ireland, Europe",201029
5_Pepe/3818,Pepe,"Israeli Pepe, Pepe, Middle East, Israel, Flag",122723
5_Pepe/3819,Pepe,"Israeli Trank Crew Pepe, Pepe, Israel, Israel Defense Forces",191398
5_Pepe/3820,Pepe,"Israel Pepe, Pepe, Israel, Judaism, Middle East",74206
5_Pepe/3821,Pepe,"Italian History Pepe, Pepe, Italy, Royal Italian Army",692188
5_Pepe/3822,Pepe,"Italian Renaissance Pepe, Pepe, 1492-1789, Italy, Nobility and Bourgeoisie",84194
5_Pepe/3823,Pepe,"Jesse McCree, Pepe, Video Game, Overwatch",221014
5_Pepe/3824,Pepe,"John Calvin, Pepe, Christianism, Protestantism, 1492-1789, Philosophy",148250
5_Pepe/3825,Pepe,"Joker, Pepe, Comics, DC, Criminal",69641
5_Pepe/3826,Pepe,"Jön Türk Pepe, Pepe, Turkey, 1914-1918, Authoritarian Right, Ottoman Army, Ottoman Empire",182926
5_Pepe/3827,Pepe,"Kamen Rider Kuuga, Pepe, Movie and TV Show, Japan",88126
5_Pepe/3828,Pepe,"Khmer Rouge Pepe, Pepe, Other Army (Asia), 1970-1980, Cambodia, Authoritarian Left",123889
5_Pepe/3829,Pepe,"Khosrow, Pepe, Iran, Monarch, 476-1492",199159
5_Pepe/3830,Pepe,"Knight, Pepe, 476-1492, Knight",6341
5_Pepe/3831,Pepe,"Knight, Pepe, 476-1492, Knight",293757
5_Pepe/3832,Pepe,"Knight, Pepe, 476-1492, Knight",396424
5_Pepe/3833,Pepe,"Knight Pepe, Pepe, 476-1492, Knight",747513
5_Pepe/3834,Pepe,"Knuckles Pepe, Pepe, Video Game, Sonic the Hedgehog, SEGA",130571
5_Pepe/3835,Pepe,"Kurdish Pepe, Pepe, Middle East, Kurdistan",188251
5_Pepe/3836,Pepe,"Kurdish Pepe, Pepe, Kurdistan",156225
5_Pepe/3837,Pepe,"Kurdish Pepe, Pepe, Kurdistan, Middle East",40835
5_Pepe/3838,Pepe,"Kurdish Pepe, Pepe, Kurdistan, Middle East",7717
5_Pepe/3839,Pepe,"KYM-Tan, Pepe, Internet, Social Media",214833
5_Pepe/3840,Pepe,"Legionnaire, Pepe, Roman Empire, Knight, -3000-476",249482
5_Pepe/3841,Pepe,"Legionnaire, Pepe, Roman Empire, Knight, -3000-476",249482
5_Pepe/3842,Pepe,"Legion Pepe, Pepe, Roman Empire, -3000-476, Knight",255775
5_Pepe/3843,Pepe,"Legion Pepe, Pepe, Roman Empire, -3000-476, Knight",167653
5_Pepe/3844,Pepe,"LGBT Pepe, Pepe, LGBT+",388209
5_Pepe/3845,Pepe,"Liberian Pepe, Pepe, Liberia, Africa",923176
5_Pepe/3846,Pepe,"Luxembourg Pepe, Pepe, Luxembourg, Europe",6036
5_Pepe/3847,Pepe,"Mad Max Pepe, Pepe, Post Apocalyptic, Futuristic",459490
5_Pepe/3848,Pepe,"Mall Cop Pepe, Pepe, Rescue Services, United States",576703
5_Pepe/3849,Pepe,"Marine Le Pen, Pepe, France, Authoritarian Right, 2010-2020, Political Figure",118741
5_Pepe/3850,Pepe,"Mexican Pepe, Pepe, Mexico, Central America",567106
5_Pepe/3851,Pepe,"Mexican Pepe, Pepe, Mexico, Central America",1187092
5_Pepe/3852,Pepe,"Mongol Pepe, Pepe, Mongolia, Asia",43624
5_Pepe/3853,Pepe,"Mongol Pepe, Pepe, -3000-476, Mongolia, Knight",348225
5_Pepe/3854,Pepe,"Montenegrin Pepe, Pepe, Europe, Balkan, Montenegro",672437
5_Pepe/3855,Pepe,"Moroccan Gamer, Pepe, Morocco, Africa",88122
5_Pepe/3856,Pepe,"Moroccan Pepe, Pepe, Morocco, Africa",159701
5_Pepe/3857,Pepe,"Moroccan Soldier, Pepe, Morocco, Other Army (Africa)",796103
5_Pepe/3858,Pepe,"Morocco dab , Pepe, Africa, Morocco",57727
5_Pepe/3859,Pepe,"Morocco pepe , Pepe, Africa, Morocco",87705
5_Pepe/3860,Pepe,"Morty Smith Pepe, Pepe, Cartoon, Rick and Morty",260172
5_Pepe/3861,Pepe,"Muslim Pepe, Pepe, Middle East, Islam",141924
5_Pepe/3862,Pepe,"Nader Chah (نادر شاه), Pepe, Monarch, Iran, 1492-1789, Middle East",818895
5_Pepe/3863,Pepe,"Nato Masked USA Pepe, Pepe, United States, North America, Masked, United States Army",252761
5_Pepe/3864,Pepe,"NCR Pepe, Pepe, Post Apocalyptic, Fallout : New Vegas, New California Republic",180142
5_Pepe/3865,Pepe,"Neo-Fascist Pepe, Pepe, Authoritarian Right (Political Compass), Political Compass, Criminal",623203
5_Pepe/3866,Pepe,"Nepali Hoodie, Pepe, Nepal, Asia",876025
5_Pepe/3867,Pepe,"Nerdy Pepe, Pepe, Internet",148693
5_Pepe/3868,Pepe,"New Zealand Pepe, Pepe, New Zealand, Pacific",235835
5_Pepe/3869,Pepe,"Nightmare Freddy, Pepe, Video Game, Five Nights at Freddy's, Monster",659336
5_Pepe/3870,Pepe,"Nikolaos Plastiras, Pepe, Greece, 1950-1960, Prime Minister",141363
5_Pepe/3871,Pepe,"Norway Pepe, Pepe, Norway, Scandinavia, Europe",151217
5_Pepe/3872,Pepe,"Nun Pepe, Pepe, Christianism, Religious Authority",198296
5_Pepe/3873,Pepe,"Old Pepe, Pepe, Civilian (Eldery), Civilian (Eldery)",96538
5_Pepe/3874,Pepe,"Oomer Pepe Unzipping, Pepe, Strange",188192
5_Pepe/3875,Pepe,"Orthodox Priest Pepe, Pepe, Orthodox, Christianism, Greece, Religious Authority",129792
5_Pepe/3876,Pepe,"Pakistani Pepe, Pepe, Asia, Pakistan",61884
5_Pepe/3877,Pepe,"Pakistan Pepe, Pepe, Pakistan, Asia",180916
5_Pepe/3878,Pepe,"Pakistan Pepe, Pepe, Pakistan, Asia",269622
5_Pepe/3879,Pepe,"Pan-Arabist Pepe , Pepe, Middle East, Syria, Egypt, Jordan",48653
5_Pepe/3880,Pepe,"Patrick Bateman Murder, Pepe, American Psycho, Movie and TV Show",177613
5_Pepe/3881,Pepe,"Patrick Bateman Smug Pepe, Pepe, Movie and TV Show, American Psycho",210224
5_Pepe/3882,Pepe,"Pepe And Enbie Girl, Pepe, Civilian (Teenager), Group",138204
5_Pepe/3883,Pepe,"Pepe And Enbie Girl, Pepe, Civilian (Teenager), Group",556539
5_Pepe/3884,Pepe,"Pepe Asian, Pepe, Asia, China",50094
5_Pepe/3885,Pepe,"Pepe Baby Yoda, Pepe, Futuristic, Space, Star Wars",544673
5_Pepe/3886,Pepe,"Pepe Cigarette Lighter, Pepe, Corporation",228202
5_Pepe/3887,Pepe,"Pepe Cigarette Shrug, Pepe, Corporation",183183
5_Pepe/3888,Pepe,"Pepe Civitas Belgique, Pepe, Christianism, Authoritarian Right, Belgium",444138
5_Pepe/3889,Pepe,"Pepe Egyptian Mamluk Knight, Pepe, Knight, Egypt, 476-1492",537581
5_Pepe/3890,Pepe,"Pepe Family, Pepe, Group, Family",674682
5_Pepe/3891,Pepe,"Pepe Floyd, Pepe, Music",386707
5_Pepe/3892,Pepe,"Pepe FPMR. Frente Patriótico Manuel Rodriguez, Pepe, Chile, Authoritarian Left, 1980-1990",1537011
5_Pepe/3893,Pepe,"Pepe Free Arabian Legion, Pepe, Iraq, 1939-1945, Syria",779988
5_Pepe/3894,Pepe,"Pepe Gawr Gura, Pepe, Youtube, Virtual Youtuber, Japan",210275
5_Pepe/3895,Pepe,"Pepe Genius, Pepe, Movie and TV Show, Disney",302477
5_Pepe/3896,Pepe,"Pepe Ghoul, Pepe, Post Apocalyptic, Fallout",216886
5_Pepe/3897,Pepe,"Pepe Grey Chad, Pepe, Meme, Internet",16014
5_Pepe/3898,Pepe,"Pepe HitlerJungen, Pepe, Deutsches Heer, 1939-1945, National-Socialism, The Third Reich",400110
5_Pepe/3899,Pepe,"Pepe Icecream, Pepe, Food and Drink, Civilian (Teenager)",361209
5_Pepe/3900,Pepe,"Pepe Iron Man, Pepe, Comics, Marvel",33978
5_Pepe/3901,Pepe,"Pepejak, Pepe, Strange",140760
5_Pepe/3902,Pepe,"Pepe Khajiit, Pepe, Video Game, Skyrim, Fantasy",5031
5_Pepe/3903,Pepe,"Pepe Law Enforcement, Pepe, Rescue Services, Group",187148
5_Pepe/3904,Pepe,"Pepe le Poilu, Pepe, 1914-1918, France",203286
5_Pepe/3905,Pepe,"Pepe Mashti Iranian National, Pepe, Iran, Authoritarian Right",722890
5_Pepe/3906,Pepe,"Pepe Mudjadinh, Pepe, Asia, Terrorism, Afghanistan",138505
5_Pepe/3907,Pepe,"Pepe P.I.S, Pepe, Poland, Authoritarian Right, Political Figure",83364
5_Pepe/3908,Pepe,"Pepe playing with Enbie Girl Booba, Pepe, NSFW, GIF",39625
5_Pepe/3909,Pepe,"Pepe Policeman, Pepe, 2000-2010, Rescue Services, United Kingdom",237514
5_Pepe/3910,Pepe,"Pepe seljuk solider, Pepe, Iran, Knight, 476-1492",78480
5_Pepe/3911,Pepe,"Pepe Stalin, Pepe, Soviet Union, General Secretary, Authoritarian Left, 1945-1950",255174
5_Pepe/3912,Pepe,"Pepe The Frog, Pepe, Full Body",126546
5_Pepe/3913,Pepe,"Pepe Usada Pekora, Pepe, Youtube, Virtual Youtuber, Japan",255422
5_Pepe/3914,Pepe,"Pepe Venom, Pepe, Comics, Marvel",74708
5_Pepe/3915,Pepe,"Pepe Venom, Pepe, Comics, Marvel",192107
5_Pepe/3916,Pepe,"Pepe Venom, Pepe, Comics, Marvel",192107
5_Pepe/3917,Pepe,"Pepe Volkssturm, Pepe, 1939-1945, The Third Reich, National-Socialism",22399
5_Pepe/3918,Pepe,"Pepe With A Cat, Pepe, Civilian (Teenager)",342836
5_Pepe/3919,Pepe,"Peptuluh, Pepe, Demon, Monster",71585
5_Pepe/3920,Pepe,"Persian Pepe, Pepe, Iran, -3000-476",413201
5_Pepe/3921,Pepe,"Peter Griffin Pepe, Pepe, Cartoon, Family Guy",16223
5_Pepe/3922,Pepe,"Picard Pepe, Pepe, Space, Star Trek",181523
5_Pepe/3923,Pepe,"Piranha Flower Pepe, Pepe, Video Game, Nintendo, Super Mario",145860
5_Pepe/3924,Pepe,"Pirate Pepe, Pepe, Ocean, 1492-1789, Pirate",181728
5_Pepe/3925,Pepe,"Plantation Pepe, Pepe, Confederate States of America, 1821-1914",268487
5_Pepe/3926,Pepe,"Polish Teen Pepe, Pepe, Europe, Poland",178925
5_Pepe/3927,Pepe,"Pope Pepe, Pepe, Vatican, Christianism, Religious Authority",290756
5_Pepe/3928,Pepe,"Pope Pepe, Pepe, Vatican, Christianism, Religious Authority",19822
5_Pepe/3929,Pepe,"Pope Pepe, Pepe, Christianism, Vatican, Religious Authority",9280
5_Pepe/3930,Pepe,"Psycho MAGA Pepe, Pepe, Injured and Dead, Authoritarian Right, MAGA, 2020-2030, United States",230576
5_Pepe/3931,Pepe,"Psycho Pepe, Pepe, Injured and Dead, Authoritarian Right",25722
5_Pepe/3932,Pepe,"Punching Algerian pepe, Pepe, Algeria, Africa",268203
5_Pepe/3933,Pepe,"Punching Algerian Pepe, Pepe, Algeria, Africa, Sport",176782
5_Pepe/3934,Pepe,"Puritan Pepe, Pepe, United Kingdom, 1492-1789",314158
5_Pepe/3935,Pepe,"Puritan Pepe, Pepe, United Kingdom, 1492-1789, Protestantism",18684
5_Pepe/3936,Pepe,"Puritan Pepe, Pepe, Christianism, Protestantism, United Kingdom",197931
5_Pepe/3937,Pepe,"Puritan Pepe, Pepe, United Kingdom, 1492-1789, Protestantism",18684
5_Pepe/3938,Pepe,"Quebec Pepe, Pepe, Quebec, North America, Canada",459764
5_Pepe/3939,Pepe,"Red Alert, Pepe, Video Game, Futuristic",1417725
5_Pepe/3940,Pepe,"Reddit Smug Pepe, Pepe, Internet, Brands, Social Media",5578
5_Pepe/3941,Pepe,"Rick Sanchez Pepe, Pepe, Cartoon, Rick and Morty",16551
5_Pepe/3942,Pepe,"Robert E. Lee, Pepe, Confederate States of America, 1821-1914, Confederate States Army, American Civil War",10368
5_Pepe/3943,Pepe,"Rude Pepe, Pepe, Civilian (Teenager)",134234
5_Pepe/3944,Pepe,"Russian Pepe, Pepe, Russia, Europe",101549
5_Pepe/3945,Pepe,"Sad ""Leo"" TMNT, Pepe, Comics",250260
5_Pepe/3946,Pepe,"Samurai Pepe, Pepe, Japan, Knight, 476-1492",488188
5_Pepe/3947,Pepe,"Sanghi Pepe, Pepe, India, Hinduism, Asia",133730
5_Pepe/3948,Pepe,"Saudi Pepe, Pepe, Middle East, Saudi Arabia",69179
5_Pepe/3949,Pepe,"Scared Muslim Pepe, Pepe, Middle East, Islam",27689
5_Pepe/3950,Pepe,"Scorpion, Pepe, Video Game, Mortal Kombat",276878
5_Pepe/3951,Pepe,"Scott Cawthon, Pepe, Video Game, Five Nights at Freddy's",64111
5_Pepe/3952,Pepe,"Scottish Bagpipe Pepe, Pepe, Scotland, United Kingdom",625743
5_Pepe/3953,Pepe,"Scottish Pepe Anonymous, Pepe, Scotland, United Kingdom, Europe",445140
5_Pepe/3954,Pepe,"Semit Pepe, Pepe, -3000-476, Middle East, Judaism, Israel",16289
5_Pepe/3955,Pepe,"Serbian Stalker, Pepe, Europe, Balkan, Serbia",582998
5_Pepe/3956,Pepe,"Sleeping Pepe, Pepe, Civilian (Teenager)",64688
5_Pepe/3957,Pepe,"Smug Catalan, Pepe, Spain, Europe, Catalonia",527991
5_Pepe/3958,Pepe,"Smug CNT-FAI Pepe, Pepe, Anarchism, Spanish Civil War, 1918-1939, Liberal Left, Spain",284183
5_Pepe/3959,Pepe,"Smug Egyptian Pepe, Pepe, Egypt, Africa",25408
5_Pepe/3960,Pepe,"Smug Empire Of Portugal Pepe, Pepe, Portugal, Colonial, 1492-1789",260092
5_Pepe/3961,Pepe,"Smug European Union Pepe, Pepe, Europe, European Union",169044
5_Pepe/3962,Pepe,"Smug Joseph Stalin, Pepe, Authoritarian Left, Soviet Union, General Secretary, 1939-1945",64682
5_Pepe/3963,Pepe,"Smug Narwhal, Pepe, Ocean",82323
5_Pepe/3964,Pepe,"Smug Ottoman, Pepe, 1492-1789, Ottoman Empire, Group",266661
5_Pepe/3965,Pepe,"Smug Pepe, Pepe, Template",64066
5_Pepe/3966,Pepe,"Smug Pepe Algeria, Pepe, Algeria, Africa",449581
5_Pepe/3967,Pepe,"Smug Pepe Courrier, Pepe, Post Apocalyptic, Fallout : New Vegas",221008
5_Pepe/3968,Pepe,"Smug Pepe Max Stirner, Pepe, Germany, Liberal Right, Anarchism, Philosophy, 1821-1914",110871
5_Pepe/3969,Pepe,"Smug Pepe Narendra Modī, Pepe, India, Prime Minister, 2010-2020",177018
5_Pepe/3970,Pepe,"Smug Portuguese Empire, Pepe, Portugal, 1492-1789, Colonial",539467
5_Pepe/3971,Pepe,"Smug Portuguese Pepe, Pepe, Europe, Portugal",1656411
5_Pepe/3972,Pepe,"Smug Rick Sanchez Pepe, Pepe, Cartoon, Rick and Morty",418675
5_Pepe/3973,Pepe,"Smug Sisko Pepe, Pepe, Space, Star Trek",165510
5_Pepe/3974,Pepe,"Solid Snake Pepe, Pepe, Video Game, Metal Gear Solid, Nintendo",105290
5_Pepe/3975,Pepe,"Sonic Pepe, Pepe, Video Game, SEGA, Sonic the Hedgehog",358840
5_Pepe/3976,Pepe,"Spanish Pepe, Pepe, Spain, Europe",322436
5_Pepe/3977,Pepe,"Springtrap, Pepe, Video Game, Five Nights at Freddy's, Monster",315293
5_Pepe/3978,Pepe,"Stephen Hawking Pepe, Pepe, United Kingdom, Science, 2010-2020",131599
5_Pepe/3979,Pepe,"Suwako Moriya, Pepe, Video Game, Touhou Project",276434
5_Pepe/3980,Pepe,"Sweden Pepe, Pepe, Europe, Scandinavia, Sweden",127687
5_Pepe/3981,Pepe,"Swiss Pepe, Pepe, Europe, Switzerland",452969
5_Pepe/3982,Pepe,"Swiss Pepe, Pepe, Europe, Switzerland",211235
5_Pepe/3983,Pepe,"Taliban Pepe, Pepe, Afghanistan, Terrorism",174845
5_Pepe/3984,Pepe,"Technoblade Pepe, Pepe, Video Game, Internet, Youtube, Minecraft",192650
5_Pepe/3985,Pepe,"Thanos Pepe, Pepe, Marvel, Comics",3368
5_Pepe/3986,Pepe,"The Dragon, Pepe, Fantasy",66676
5_Pepe/3987,Pepe,"Thieft Pepe, Pepe, Fantasy",87029
5_Pepe/3988,Pepe,"Tintin, Pepe, Tintin",118135
5_Pepe/3989,Pepe,"Tourist Teen Pepe, Pepe, Tourism",615789
5_Pepe/3990,Pepe,"Trad Wife Pepe, Pepe, Template",336994
5_Pepe/3991,Pepe,"Trans Pepe, Pepe, LGBT+",116009
5_Pepe/3992,Pepe,"Trotskyte Pepe, Pepe, Authoritarian Left (Political Compass), Political Compass",52508
5_Pepe/3993,Pepe,"Turkish Pepe, Pepe, Europe, Turkey, Authoritarian Right",107667
5_Pepe/3994,Pepe,"Turkish Pepe, Pepe, Europe, Turkey, Food and Drink",853350
5_Pepe/3995,Pepe,"Ukrainian Anarchist, Pepe, Ukraine, Anarchism, 1914-1918, Liberal Left",496435
5_Pepe/3996,Pepe,"Ukrainian Officer, Pepe, Ukraine, Armed Forces of Ukraine, 1990-2000",59500
5_Pepe/3997,Pepe,"Ukrainian Pepe, Pepe, Europe, Ukraine",264274
5_Pepe/3998,Pepe,"Ulster Policeman, Pepe, Ireland, Rescue Services, Europe",473512
5_Pepe/3999,Pepe,"Ulysses S. Grant, Pepe, United States, American Civil War, 1821-1914, President",10359
5_Pepe/4000,Pepe,"United Kingdom Pepe, Pepe, Europe, United Kingdom",96782
5_Pepe/4001,Pepe,"Ustaše do a little trolling , Pepe, Croatia , Serbia, 1939-1945, Injured and Dead",1469883
5_Pepe/4002,Pepe,"Vietnam War US Troop, Pepe, United States Army, 1960-1970, Vietnam War, United States",561688
5_Pepe/4003,Pepe,"Vietnam War US Troop, Pepe, United States Army, 1960-1970, Vietnam War, United States",561688
5_Pepe/4004,Pepe,"Viking Vs Monk, Pepe, 476-1492, Christianism, Viking, Religious Authority",523967
5_Pepe/4005,Pepe,"VKBO Pepe, Pepe, Russian Armed Forces, Russia",263028
5_Pepe/4006,Pepe,"Warkari, Pepe, Hinduism, India",159180
5_Pepe/4007,Pepe,"Witch, Pepe, Fantasy",9186
5_Pepe/4008,Pepe,"Wizard, Pepe, Fantasy",173669
5_Pepe/4009,Pepe,"Wojak Disguised, Pepe, Festivity, Strange",147674
5_Pepe/4010,Pepe,"Wojak The Frog, Pepe, Template",18478
5_Pepe/4011,Pepe,"Yoda, Pepe, Movie and TV Show, Futuristic, Star Wars, Space",119556
5_Pepe/4012,Pepe,"Yoda, Pepe, Movie and TV Show, Futuristic, Star Wars, Space",151133
5_Pepe/4013,Pepe,"Z Russian Pepe, Pepe, Russia, Russian Armed Forces, 2020-2030",317521
5_Pepe/4014,Pepe,"ZSU Pepe, Pepe, Ukraine, Armed Forces of Ukraine",239199
5_Poljak/11108,Poljak,"4Chan Poljak, Poljak, Internet",102460
5_Poljak/11109,Poljak,"Ancient Chinese Knight, Poljak, Knight, China, 476-1492",12010
5_Poljak/11110,Poljak,"Angry Brown Poljak, Poljak, Injured and Dead",142568
5_Poljak/11111,Poljak,"Angry Poljak, Poljak, Template",27087
5_Poljak/11112,Poljak,"Armenian Poljak, Poljak, Armenia",15389
5_Poljak/11113,Poljak,"Arthur Poljak, Poljak, Cartoon",15152
5_Poljak/11114,Poljak,"Azerbaijani Poljak, Poljak, Azerbaijan, Europe",15360
5_Poljak/11115,Poljak,"Bald Poljak, Poljak, Template",12347
5_Poljak/11116,Poljak,"Bald Poljak, Poljak, Civilian (Adult)",101370
5_Poljak/11117,Poljak,"Bernie Supporter Poljak, Poljak, 2010-2020, United States, Liberal Left",80630
5_Poljak/11118,Poljak,"Black Poljak, Poljak, Template, Template",23665
5_Poljak/11119,Poljak,"Black Poljak, Poljak, Template",22650
5_Poljak/11120,Poljak,"Black Poljak, Poljak, United States",1322425
5_Poljak/11121,Poljak,"Black Poljak, Poljak, Civilian (Adult)",206746
5_Poljak/11122,Poljak,"Black Poljak, Poljak, Civilian (Adult)",12097
5_Poljak/11123,Poljak,"Bruce Poljak, Poljak, Pacific, Australia",148908
5_Poljak/11124,Poljak,"Buff Chudjak, Poljak, Sport",101016
5_Poljak/11125,Poljak,"Cesare Merzagora, Poljak, Italy, Liberal Right, 1960-1970",99531
5_Poljak/11126,Poljak,"Charles Lindbergh, Poljak, United States, 1918-1939, Authoritarian Right",78602
5_Poljak/11127,Poljak,"Chinese Canadian Poljak, Poljak, Canada, China, LGBT+",208543
5_Poljak/11128,Poljak,"Commie Poljak, Poljak, Authoritarian Left (Political Compass), Soviet Union, Political Compass",35358
5_Poljak/11129,Poljak,"Crying Brown Poljak, Poljak, South America, Civilian (Adult)",36643
5_Poljak/11130,Poljak,"Crying French Poljak Soldier, Poljak, France, Armée Française, 2020-2030",361082
5_Poljak/11131,Poljak,"Crying Poljak, Poljak, Template",15407
5_Poljak/11132,Poljak,"Crying Rabbi, Poljak, Judaism, Religious Authority",30353
5_Poljak/11133,Poljak,"Crying Smug Masked Poljak, Poljak, Masked",96986
5_Poljak/11134,Poljak,"Dumb Nazi Chud, Poljak, Authoritarian Right, National-Socialism",130219
5_Poljak/11135,Poljak,"Eduardo Haedo, Poljak, Uruguay, 1960-1970, Liberal Right, President",28920
5_Poljak/11136,Poljak,"Exploding Brain Poljak, Poljak, Template, Template",313335
5_Poljak/11137,Poljak,"Felipe I, Poljak, Spain, Monarch, 476-1492",906963
5_Poljak/11138,Poljak,"Feral Chud, Poljak, Cartoon, Full Body",571557
5_Poljak/11139,Poljak,"Fernando Cosentino, Poljak, Argentina, 1980-1990",97112
5_Poljak/11140,Poljak,"Fernando VII, Poljak, Spain, Monarch, 1789-1821, 1821-1914",407102
5_Poljak/11141,Poljak,"Frank Grimes, Poljak, Cartoon, The Simpsons",35428
5_Poljak/11142,Poljak,"Fred (SpongeBob SquarePants), Poljak, Cartoon, SpongeBob SquarePants, Ocean",466367
5_Poljak/11143,Poljak,"Friedrich Ebert, Poljak, Germany, 1918-1939, Liberal Left, Prime Minister",28661
5_Poljak/11144,Poljak,"Friedrich Ebert jr., Poljak, Germany, Authoritarian Left, 1970-1980, President",132108
5_Poljak/11145,Poljak,"Friedrich Nietzsche Poljak, Poljak, Philosophy, Germany, 1821-1914",10961
5_Poljak/11146,Poljak,"German poljak with sputh chile native, Poljak, Chile",96546
5_Poljak/11147,Poljak,"Happy Poljak, Poljak, Civilian (Adult)",9265
5_Poljak/11148,Poljak,"Hitler Poljak, Poljak, The Third Reich, 1939-1945, National-Socialism, Despot",35029
5_Poljak/11149,Poljak,"ifunny.co Chan, Poljak, Internet",282034
5_Poljak/11150,Poljak,"Incel Gif, Poljak, GIF",51418
5_Poljak/11151,Poljak,"Indian Poljak, Poljak, India, Asia, Hinduism",55295
5_Poljak/11152,Poljak,"Internet Corrupted Poljak, Poljak, Internet",109095
5_Poljak/11153,Poljak,"Itachi, Poljak, Anime, Naruto",51989
5_Poljak/11154,Poljak,"Janny Crying, Poljak, Internet, Social Media",52050
5_Poljak/11155,Poljak,"Janny Poljak, Poljak, Internet, Social Media",9277
5_Poljak/11156,Poljak,"Knight Poljak, Poljak, 476-1492, Knight",264057
5_Poljak/11157,Poljak,"KYM-Tan, Poljak, Internet, Social Media",11669
5_Poljak/11158,Poljak,"Legion Poljak, Poljak, Post Apocalyptic, Fallout : New Vegas, The Legion",75106
5_Poljak/11159,Poljak,"Leonid Brezhnev, Poljak, Authoritarian Left, Soviet Union, General Secretary, 1970-1980",79966
5_Poljak/11160,Poljak,"Long Face Poljak, Poljak, Template",5741
5_Poljak/11161,Poljak,"Luna Loud (The Loud House), Poljak, Cartoon",32533
5_Poljak/11162,Poljak,"MAGA Poljak, Poljak, 2010-2020, United States, Authoritarian Right, MAGA",96068
5_Poljak/11163,Poljak,"Mario Poljak, Poljak, Video Game, Nintendo, Super Mario",138661
5_Poljak/11164,Poljak,"Masked Black Poljak, Poljak, Masked",136033
5_Poljak/11165,Poljak,"Matrix Poljak, Poljak, Movie and TV Show, Matrix",19523
5_Poljak/11166,Poljak,"Menajem Beguim, Poljak, Israel, 1970-1980, Authoritarian Right, Prime Minister",94209
5_Poljak/11167,Poljak,"Milhouse Van Houten, Poljak, The Simpsons, Cartoon",11113
5_Poljak/11168,Poljak,"Muslim Poljak, Poljak, Middle East, Islam",102728
5_Poljak/11169,Poljak,"Mustache Poljak, Poljak, Template",107374
5_Poljak/11170,Poljak,"Native African Poljak, Poljak, Autochthonous, Africa",250558
5_Poljak/11171,Poljak,"Nazi Soldier Poljak, Poljak, National-Socialism, The Third Reich, Schutzstaffel, 1939-1945",153971
5_Poljak/11172,Poljak,"Non-Shaved Poljak, Poljak, Civilian (Adult)",20235
5_Poljak/11173,Poljak,"Non-Shaved Poljak, Poljak, Civilian (Adult)",62552
5_Poljak/11174,Poljak,"Orhun Kayaalp, Poljak, Turkey, Youtube",192218
5_Poljak/11175,Poljak,"Playstation Poljak, Poljak, Video Game",99013
5_Poljak/11176,Poljak,"Poljak, Poljak, Template",42409
5_Poljak/11177,Poljak,"Poljak Chad, Poljak, Template",67547
5_Poljak/11178,Poljak,"Poljak Chuck, Poljak, Cartoon, The Simpsons, Meme",14948
5_Poljak/11179,Poljak,"Poljak Copium, Poljak, Liberal Left",107335
5_Poljak/11180,Poljak,"Poljak Finding Love, Poljak, Group, LGBT+",218200
5_Poljak/11181,Poljak,"Poljak Gif, Poljak, Internet, GIF",61270
5_Poljak/11182,Poljak,"Poljak Sneed, Poljak, Cartoon, The Simpsons, Meme",14192
5_Poljak/11183,Poljak,"Pope Poljak, Poljak, Christianism, Religious Authority",19925
5_Poljak/11184,Poljak,"Pumpkin Poljak, Poljak, Festivity, Farm",66243
5_Poljak/11185,Poljak,"Punched Poljak, Poljak, Injured and Dead",170080
5_Poljak/11186,Poljak,"Reddit Poljak, Poljak, Internet, Brands, Social Media",22573
5_Poljak/11187,Poljak,"Russian Poljak, Poljak, Russia",151276
5_Poljak/11188,Poljak,"Schutzstaffel Soldier Poljak, Poljak, National-Socialism, Schutzstaffel, The Third Reich, 1939-1945",175571
5_Poljak/11189,Poljak,"Seething Feral Chud, Poljak, Cartoon, Full Body",599338
5_Poljak/11190,Poljak,"Sergey Taboritsky, Poljak, Russia, 1960-1970, National-Socialism, Political Figure",46287
5_Poljak/11191,Poljak,"Sikh Khalistani Pajeet Soyjak, Poljak, Sikhism, India",1102340
5_Poljak/11192,Poljak,"SJW Poljak, Poljak, Liberal Left, LGBT+",78619
5_Poljak/11193,Poljak,"Sniper Poljak, Poljak, 2000-2010, Militia Forces",533454
5_Poljak/11194,Poljak,"Soy Poljak, Poljak, Template",13996
5_Poljak/11195,Poljak,"SS Poljak, Poljak, National-Socialism, The Third Reich, 1939-1945, Schutzstaffel",94442
5_Poljak/11196,Poljak,"Stella (Angry Birds), Poljak, Video Game",11568
5_Poljak/11197,Poljak,"Tennis Ball Poljak, Poljak, Sport",12678
5_Poljak/11198,Poljak,"Trad Wife Poljak, Poljak, Template",26814
5_Poljak/11199,Poljak,"Transgender Poljak, Poljak, LGBT+",13643
5_Poljak/11200,Poljak,"Trans MtF Poljak, Poljak, LGBT+",106169
5_Poljak/11201,Poljak,"Trans MtF Poljak, Poljak, LGBT+",104266
5_Poljak/11202,Poljak,"Twink Poljak, Poljak, Template",152624
5_Poljak/11203,Poljak,"Twitter Poljak, Poljak, Internet, Brands, Social Media",32550
5_Poljak/11204,Poljak,"Viking Poljak, Poljak, Viking, Scandinavia, 476-1492",210668
5_Poljak/11205,Poljak,"Waluigi Poljak, Poljak, Nintendo, Video Game",124793
5_Poljak/11206,Poljak,"Wheat Poljak, Poljak, 476-1492, Farm, Peasant",24100
5_Poljak/11207,Poljak,"Wooden Poljak, Poljak, Farm",438731
5_Poljak/11208,Poljak,"Xbox Poljak, Poljak, Video Game",44158
5_Poljak/11209,Poljak,"Yellow Poljak, Poljak, Strange",9141
5_Poljak/11210,Poljak,"Yotsuba Koiwai , Poljak, Anime, Yotsuba",30650
5_Poljak/11211,Poljak,"Zoomer Poljak, Poljak, Template",69306
5_Rage/9301,Rage,"1812 War Rage American, Rage, United States, United States Army, 1789-1821",53961
5_Rage/9302,Rage,"1939 Polish Mad Wojak, Rage, Poland, 1939-1945, Polish Armed Forces",46041
5_Rage/9303,Rage,"Abdullah Öcalan Rage, Rage, Kurdistan, Turkey, Authoritarian Left",142963
5_Rage/9304,Rage,"Adolf Hitler, Rage, 1939-1945, The Third Reich, National-Socialism, Despot",376764
5_Rage/9305,Rage,"Adrian Shepard, Rage, Video Game, Half Life",11504
5_Rage/9306,Rage,"Alex Rage, Rage, Militia Forces",56894
5_Rage/9307,Rage,"Almohada warrior, Rage, Morocco",260772
5_Rage/9308,Rage,"Ambushed!, Rage, Vietnam War, United States, United States Army, 1960-1970",96517
5_Rage/9309,Rage,"Andrés de Santa Cruz, Rage, Peru, Bolivia, Despot, 1821-1914, Peruvian Armed Forces",148684
5_Rage/9310,Rage,"Angery, Rage, Strange",946612
5_Rage/9311,Rage,"Angry Intharacha, Rage, Monarch, Thailand, 476-1492",99790
5_Rage/9312,Rage,"Angry Johnny Joestar, Rage, Anime, JoJo's Bizarre Adventure",178445
5_Rage/9313,Rage,"Angstrom Levy, Rage, Comics, Invincible",49854
5_Rage/9314,Rage,"Augusto Pinochet Rage, Rage, Authoritarian Right, Chile, 1970-1980, Despot",75934
5_Rage/9315,Rage,"Black Blood Rage, Rage, Injured and Dead",295002
5_Rage/9316,Rage,"Blue Flame, Rage, Strange",405486
5_Rage/9317,Rage,"Blue Rage, Rage, Authoritarian Right (Political Compass), Political Compass",78309
5_Rage/9318,Rage,"Blurry Deformed Rage, Rage, Strange",105880
5_Rage/9319,Rage,"Blurry Deformed Rage, Rage, Strange",247060
5_Rage/9320,Rage,"Blurry Deformed Rage, Rage, Injured and Dead, Strange",65470
5_Rage/9321,Rage,"Blurry Deformed Rage, Rage, Injured and Dead, Strange",65470
5_Rage/9322,Rage,"Blurry Rage, Rage, Template",206602
5_Rage/9323,Rage,"Brrrrrr Rage, Rage, 2000-2010, United States, Corporation, Liberal Right",116526
5_Rage/9324,Rage,"Burning Rage Melting, Rage, Strange",265444
5_Rage/9325,Rage,"Burning Rage Melting, Rage, Strange",592150
5_Rage/9326,Rage,"Burning Rage Melting, Rage, Strange",592150
5_Rage/9327,Rage,"Captain Smollett, Rage, Treasure Island, Cartoon, Ocean, Pirate",180876
5_Rage/9328,Rage,"CEO Rage, Rage, Corporation",238066
5_Rage/9329,Rage,"Charge rage, Rage, Template",264380
5_Rage/9330,Rage,"Chinese soldier 1967, Rage, China, People's Liberation Army",249692
5_Rage/9331,Rage,"Christmas Rage, Rage, Festivity",113587
5_Rage/9332,Rage,"Colorado (Guión Rojo) , Rage, Paraguay, President, Authoritarian Right, 1821-1914",137675
5_Rage/9333,Rage,"Copeservative, Rage, Authoritarian Right, Masked, MAGA, United States, 2020-2030",111837
5_Rage/9334,Rage,"Crusader, Rage, Knight, 476-1492",189783
5_Rage/9335,Rage,"Crying Corporation Masked Communism, Rage, Corporation, Brands, Masked",216303
5_Rage/9336,Rage,"Crying Rage ArtHoe, Rage, Template",1003841
5_Rage/9337,Rage,"Crying Rage Full Face, Rage, Template",53481
5_Rage/9338,Rage,"Crying Rage, Rage, Template",48314
5_Rage/9339,Rage,"Dead Black Rage, Rage, Injured and Dead, Strange",254618
5_Rage/9340,Rage,"Dead Skeleton Rage, Rage, Injured and Dead",64697
5_Rage/9341,Rage,"Destroyed Rage, Rage, Strange",199893
5_Rage/9342,Rage,"Distorded Rage, Rage, GIF",67022
5_Rage/9343,Rage,"D'Ken, Rage, Comics, Marvel",114336
5_Rage/9344,Rage,"Drill Instructor, Rage, United States, 1970-1980, United States Army",547288
5_Rage/9345,Rage,"Economic Crisis Rage, Rage, Liberal Left, 2000-2010",22947
5_Rage/9346,Rage,"Extanding Neck Rage, Rage, Template",104008
5_Rage/9347,Rage,"Fire Rage, Rage, Strange",78003
5_Rage/9348,Rage,"Flag-Smasher, Rage, Comics, Marvel",81289
5_Rage/9349,Rage,"FLQ Crying, Rage, Quebec",299338
5_Rage/9350,Rage,"French Soldier During The Battle Of Trafalgar, Rage, France, 1789-1821, Grande Armée",48105
5_Rage/9351,Rage,"fuck idependence, Rage, Spain",159627
5_Rage/9352,Rage,"General Zod, Rage, Comics, DC",262339
5_Rage/9353,Rage,"Gimp, Rage, Civilian (Adult), NSFW",7041
5_Rage/9354,Rage,"Glitch Rage, Rage, Monster",400866
5_Rage/9355,Rage,"Glitch Rage, Rage, Monster",865700
5_Rage/9356,Rage,"Glitch Rage, Rage, Monster",865700
5_Rage/9357,Rage,"Happy Smug Mateo de Toro Zambrano, Rage, Chile, 1789-1821, Other Army (South And Central America)",437549
5_Rage/9358,Rage,"Hawaiian Warrior Angry Punch, Rage, Autochthonous, 1789-1821, Pacific",154606
5_Rage/9359,Rage,"Hazmat Rage, Rage, Hazmat",265646
5_Rage/9360,Rage,"Hogslayer, Rage, The Ever-Expanding Bunker",308191
5_Rage/9361,Rage,"Imperial Guard Grenadier, Rage, France, 1789-1821, Grande Armée",208052
5_Rage/9362,Rage,"Intensive Crying Wojak, Rage, Template",7979
5_Rage/9363,Rage,"Jack, Rage, Belgium, Music, Civilian (Teenager)",522635
5_Rage/9364,Rage,"Jean-Luc Mélenchon, Rage, 2010-2020, France, Liberal Left, Political Figure",79966
5_Rage/9365,Rage,"Jean Luc Melenchon, Rage, France, Liberal Left, 2010-2020, Political Figure",141380
5_Rage/9366,Rage,"Jewish Rage, Rage, Judaism, Israel",89249
5_Rage/9367,Rage,"Ku Klux Klan Rage, Rage, Authoritarian Right, United States, Criminal",89057
5_Rage/9368,Rage,"Lamu (Urusei Yatsura), Rage, Anime",22962
5_Rage/9369,Rage,"Lieutnant, Rage, Ocean, The Ever-Expanding Bunker, Futuristic Army",239066
5_Rage/9370,Rage,"Lot Of Rage, Rage, Group",1887881
5_Rage/9371,Rage,"Mega Rage Soviet Soldier, Rage, 1939-1945, Red Army, Soviet Union",24308
5_Rage/9372,Rage,"Melted Rage, Rage, Strange",465623
5_Rage/9373,Rage,"Melting Rage, Rage, Strange",93043
5_Rage/9374,Rage,"Melting Rage, Rage, Strange",143664
5_Rage/9375,Rage,"Melting Rage, Rage, Strange",143664
5_Rage/9376,Rage,"Meteor Rage, Rage, Space",71451
5_Rage/9377,Rage,"Multiple Shotgun, Rage, Injured and Dead",452651
5_Rage/9378,Rage,"Oni, Rage, Mythology, Japan, Demon",101650
5_Rage/9379,Rage,"Orion, Rage, Comics, DC",59456
5_Rage/9380,Rage,"Outraged Hazmat, Rage, Post Apocalyptic, Hazmat",103618
5_Rage/9381,Rage,"Pakistani Soldier Throat-Cutting Pashtunistani, Rage, Pakistan, Other Army (Asia), Group",1503224
5_Rage/9382,Rage,"Papacito , Rage, Authoritarian Right, France, Internet, 2020-2030",145176
5_Rage/9383,Rage,"penguinz0, Rage, Internet, Youtube",106326
5_Rage/9384,Rage,"Pinkie Pie Rage, Rage, Cartoon, My Little Pony",965306
5_Rage/9385,Rage,"Pink Rage Cyclops, Rage, Strange",89993
5_Rage/9386,Rage,"Punk, Rage, Music, United Kingdom",201565
5_Rage/9387,Rage,"Punk, Rage, Music, United Kingdom, Full Body",311284
5_Rage/9388,Rage,"Rage, Rage, Template",27934
5_Rage/9389,Rage,"Rage, Rage, Template",8473
5_Rage/9390,Rage,"Rage Albert Einstein, Rage, Science, Switzerland, Judaism",715316
5_Rage/9391,Rage,"Rage American WWI Soldier, Rage, United States Army, 1914-1918, United States",582010
5_Rage/9392,Rage,"Rage Anarchist, Rage, Anarchism",16485
5_Rage/9393,Rage,"Rage AuthLeft, Rage, Authoritarian Left (Political Compass), Political Compass",68022
5_Rage/9394,Rage,"Rage AuthRight, Rage, Authoritarian Right (Political Compass), Political Compass, National-Socialism",83762
5_Rage/9395,Rage,"Rage Blobjak, Rage, Template",178012
5_Rage/9396,Rage,"Rage Boomer, Rage, Template",88830
5_Rage/9397,Rage,"Rage Brain Blue Flare, Rage, Template",639267
5_Rage/9398,Rage,"Rage Brainiaks, Rage, Template",282621
5_Rage/9399,Rage,"Rage Brainlet, Rage, Brainlet",174256
5_Rage/9400,Rage,"Rage Camel, Rage, Middle East, Africa",320970
5_Rage/9401,Rage,"Rage Canadian, Rage, North America, Canada",312918
5_Rage/9402,Rage,"Rage Carrying His Own Brain Flare, Rage, Template",84911
5_Rage/9403,Rage,"Rage Clown, Rage, Circus",195810
5_Rage/9404,Rage,"Rage Construction Worker, Rage, Worker, Worker Team (The Ever-Expanding Bunker), The Ever-Expanding Bunker",158481
5_Rage/9405,Rage,"Rage Cube Brain, Rage, Template",326846
5_Rage/9406,Rage,"Rage Future Glass, Rage, Futuristic",101489
5_Rage/9407,Rage,"Rage German Operator , Rage, Germany, Deutsches Heer",436466
5_Rage/9408,Rage,"Rage Head Twisted, Rage, Strange",53471
5_Rage/9409,Rage,"Rage Japanese Soldier, Rage, Japan, 1939-1945, Imperial Japanese Army",268175
5_Rage/9410,Rage,"Rage Joshua Graham, Rage, Post Apocalyptic, Fallout : New Vegas",11673
5_Rage/9411,Rage,"Rage Masked Smug, Rage, Masked",1018301
5_Rage/9412,Rage,"Rage Mayan, Rage, Guatemala, Autochthonous, 1492-1789",206947
5_Rage/9413,Rage,"Rage McWorker, Rage, Brands, Food and Drink, Employee",234270
5_Rage/9414,Rage,"Rage Melting, Rage, Strange",6592
5_Rage/9415,Rage,"Rage Melting, Rage, Strange",513604
5_Rage/9416,Rage,"Rage Melting, Rage, Strange",599474
5_Rage/9417,Rage,"Rage Melting, Rage, Strange",630047
5_Rage/9418,Rage,"Rage Melting, Rage, Strange",630047
5_Rage/9419,Rage,"Rage Melting Withered, Rage, Injured and Dead, Strange",654028
5_Rage/9420,Rage,"Rage Mosaic, Rage, Art, Art",151105
5_Rage/9421,Rage,"Rage Mouse, Rage, Farm",14472
5_Rage/9422,Rage,"Rage Normal, Rage, Template",6515
5_Rage/9423,Rage,"Rage Pharaoh Ancient Egypt, Rage, Ancient Egypt, -3000-476, Monarch",565033
5_Rage/9424,Rage,"Rage Pixel, Rage, Strange",363940
5_Rage/9425,Rage,"Rage Pixel Skin Melting, Rage, Injured and Dead",8816
5_Rage/9426,Rage,"Rage Plutarco Elias Calles, Rage, Mexico, President, 1918-1939",124166
5_Rage/9427,Rage,"Rage, Rage, Template",220794
5_Rage/9428,Rage,"Rage Priest of Amun Ancient Egypt, Rage, Ancient Egypt, -3000-476, Religious Authority",616469
5_Rage/9429,Rage,"Rage Pulling His Hair, Rage, Civilian (Eldery)",289464
5_Rage/9430,Rage,"Rage Screaming, Rage, Template",45426
5_Rage/9431,Rage,"Rage Singing, Rage, Music",203395
5_Rage/9432,Rage,"Rage Sitting On His Own Brain, Rage, Template",92480
5_Rage/9433,Rage,"Rage Smashing Head On Computer, Rage, Civilian (Adult)",112508
5_Rage/9434,Rage,"Rage Smile, Rage, Strange",224773
5_Rage/9435,Rage,"Rage Sonic, Rage, SEGA, Video Game, Sonic the Hedgehog",172799
5_Rage/9436,Rage,"Rage SS officer, Rage, 1939-1945, The Third Reich, National-Socialism",281601
5_Rage/9437,Rage,"Rage Strange, Rage, Monster, Strange",455753
5_Rage/9438,Rage,"Rage Street Fighter Fan, Rage, Video Game, Street Fighter",90582
5_Rage/9439,Rage,"Rage Stretched, Rage, Strange",62763
5_Rage/9440,Rage,"Rage Strong, Rage, Sport",104564
5_Rage/9441,Rage,"Rage Suicide Masked Smug, Rage, Masked, Injured and Dead",246450
5_Rage/9442,Rage,"Rage Suicide Wojak, Rage, Injured and Dead",316915
5_Rage/9443,Rage,"Rage Supermarket Employee, Rage, Food and Drink, Employee",109200
5_Rage/9444,Rage,"Rage Table, Rage, Civilian (Adult)",144559
5_Rage/9445,Rage,"Rage Thanos Snap, Rage, Comics, Marvel",517468
5_Rage/9446,Rage,"Rage: The man who hates flags., Rage, Flag",118997
5_Rage/9447,Rage,"Rage Ultramarine, Rage, Video Game, Warhammer",506737
5_Rage/9448,Rage,"Rage USA Printing Money, Rage, United States, 2000-2010, Corporation",450064
5_Rage/9449,Rage,"Rage Wehrmacht Soldier, Rage, Deutsches Heer, 1939-1945, The Third Reich",35726
5_Rage/9450,Rage,"Rage With Bag, Rage, Brainlet",153327
5_Rage/9451,Rage,"Rage With Chad Mask, Rage, Masked",120865
5_Rage/9452,Rage,"Rage With Glasses, Rage, Template",272706
5_Rage/9453,Rage,"Raging Leojak, Rage, Template",44094
5_Rage/9454,Rage,"Red Flame Rage, Rage, Strange",389295
5_Rage/9455,Rage,"RED RAGE BLUR, Rage, Strange",386001
5_Rage/9456,Rage,"Red Rage, Rage, Template",109959
5_Rage/9457,Rage,"Ren Amamiya, Rage, Video Game, Personna",361082
5_Rage/9458,Rage,"Richard Nixon, Rage, United States, President, 1970-1980",66737
5_Rage/9459,Rage,"SCP-682, Rage, SCP Foundation, Monster, Strange",37460
5_Rage/9460,Rage,"Sequids, Rage, Comics, Invincible",42767
5_Rage/9461,Rage,"Simon Bolivar, Rage, Venezuela, Colombia, President, 1789-1821, Authoritarian Right",336567
5_Rage/9462,Rage,"Smooth Rage, Rage, Template",57206
5_Rage/9463,Rage,"Smooth Rage, Rage, Template",204049
5_Rage/9464,Rage,"Smooth Rage, Rage, Masked, Masked",40124
5_Rage/9465,Rage,"Smooth Rage, Rage, Masked, Masked",40124
5_Rage/9466,Rage,"Snowflame, Rage, Comics, DC",705777
5_Rage/9467,Rage,"Soy Rage, Rage, Template",281078
5_Rage/9468,Rage,"Spiral Rage, Rage, Strange",52418
5_Rage/9469,Rage,"Spy In Chaos Outfit, Rage, Futuristic Army, SCP Foundation",363418
5_Rage/9470,Rage,"Struggling Rage by a Bear, Rage, Meme, Injured and Dead, Group",808320
5_Rage/9471,Rage,"Tabinshwehti King Toungoo Dynasty Early, Rage, Myanmar, 1492-1789, Monarch, Autochthonous",340090
5_Rage/9472,Rage,"Tank Dempsey, Rage, Video Game, First-Person Shooter, Call Of Duty, United States",299793
5_Rage/9473,Rage,"The Barbaros Traditionalist, Rage, Fantasy, Ocean, Monster",321081
5_Rage/9474,Rage,"The Cryonic, Rage, Futuristic",555549
5_Rage/9475,Rage,"The Game Of The Scarf, Rage, Injured and Dead, Sport",254912
5_Rage/9476,Rage,"The Rage Soldier, Rage, Post Apocalyptic, Futuristic Army",140621
5_Rage/9477,Rage,"The Rage Whirler, Rage, The Ever-Expanding Bunker, Monster, Whirler (The Ever-Expanding Bunker)",6943
5_Rage/9478,Rage,"The Robot Rage, Rage, Post Apocalyptic, Robot",86284
5_Rage/9479,Rage,"Trans-Communist Extremist, Rage, Liberal Left, LGBT+, Authoritarian Left",103930
5_Rage/9480,Rage,"T-Rex Rage, Rage, -3000",184102
5_Rage/9481,Rage,"Túpac Amaru II, Rage, Peru, Peruvian Armed Forces, Colonial, Spain",216895
5_Rage/9482,Rage,"Twilight Sparkle Rage, Rage, Cartoon, My Little Pony, Brainlet",189705
5_Rage/9483,Rage,"Ukranian Soldier, Rage, Ukraine, Armed Forces of Ukraine",188862
5_Rage/9484,Rage,"Ultra Rage, Rage, Strange",68261
5_Rage/9485,Rage,"UN French Peacekeeper, Rage, United Nations, France",178908
5_Rage/9486,Rage,"Wojak Giga Rage, Rage, Masked",487525
5_Rage/9487,Rage,"Wojak Rage vs FUUUUUUU, Rage, Civilian (Teenager), Injured and Dead, Meme, Group",417608
5_Rage/9488,Rage,"Wolverine , Rage, Comics, Marvel, Full Body",622070
5_Rage/9489,Rage,"Zef, Rage, Music, Criminal, South Africa",842764
5_Rage/9490,Rage,"Zenitsu Agatsuma, Rage, Anime, Demon Slayer",162997
5_Shroomjak/11212,Shroomjak,"Adolf Shritler, Shroomjak, National-Socialism, Despot, The Third Reich, 1939-1945",63739
5_Shroomjak/11213,Shroomjak,"Afungus, Shroomjak, Video Game, Among Us, Space",63071
5_Shroomjak/11214,Shroomjak,"Afungus, Shroomjak, Video Game, Among Us, Space",9532
5_Shroomjak/11215,Shroomjak,"Aki, Shroomjak, Anime, Girls Und Panzer",13442
5_Shroomjak/11216,Shroomjak,"Anarchist Shroomjak, Shroomjak, Liberal Left, Anarchism",749781
5_Shroomjak/11217,Shroomjak,"Andrew Ryan, Shroomjak, Video Game, Bioshock, Ocean, Steampunk",63863
5_Shroomjak/11218,Shroomjak,"Beelzebub, Shroomjak, Mythology, Demon",24046
5_Shroomjak/11219,Shroomjak,"Big Daddy, Shroomjak, Video Game, Bioshock, Ocean, Steampunk",138059
5_Shroomjak/11220,Shroomjak,"Black Girl Shroomjak, Shroomjak, Template",97088
5_Shroomjak/11221,Shroomjak,"Blue Cap, Shroomjak, Strange",4184
5_Shroomjak/11222,Shroomjak,"Blushing Shroomjak, Shroomjak, Template",11051
5_Shroomjak/11223,Shroomjak,"Breloom, Shroomjak, Video Game, Nintendo, Pokemon",48393
5_Shroomjak/11224,Shroomjak,"Burgur Shroom, Shroomjak, Video Game, Halo, Internet",229088
5_Shroomjak/11225,Shroomjak,"Chad Goomjak, Shroomjak, Super Mario, Video Game, Nintendo",605738
5_Shroomjak/11226,Shroomjak,"Droomer, Shroomjak, Template",158504
5_Shroomjak/11227,Shroomjak,"Droomer, Shroomjak, Template",222494
5_Shroomjak/11228,Shroomjak,"Droomer Girl, Shroomjak, Template",141636
5_Shroomjak/11229,Shroomjak,"Droomer, Shroomjak, Template",222494
5_Shroomjak/11230,Shroomjak,"Esoteric Mushroom Pepe, Shroomjak, National-Socialism, Authoritarian Right",261562
5_Shroomjak/11231,Shroomjak,"Esoteric mushroom Pepe, Shroomjak, National-Socialism",295506
5_Shroomjak/11232,Shroomjak,"Esoteric Nazism Shroomjak, Shroomjak, National-Socialism",13640
5_Shroomjak/11233,Shroomjak,"Eyes Girl Shroomjak, Shroomjak, Fantasy, Strange, Monster",1109504
5_Shroomjak/11234,Shroomjak,"Frog Shroomjak, Shroomjak, Farm",190635
5_Shroomjak/11235,Shroomjak,"Garfunkel Shroomjak, Shroomjak, Garfield, Cartoon",86043
5_Shroomjak/11236,Shroomjak,"Girly Shroomjak, Shroomjak, Civilian (Adult)",17059
5_Shroomjak/11237,Shroomjak,"Goomjak, Shroomjak, Nintendo, Super Mario, Video Game",483397
5_Shroomjak/11238,Shroomjak,"Hasidic Mushroom, Shroomjak, Judaism, Israel",103498
5_Shroomjak/11239,Shroomjak,"IGNIS Shroomjak, Shroomjak, The Ever-Expanding Bunker, IGNIS (The Ever-Expanding Bunker)",209272
5_Shroomjak/11240,Shroomjak,"IGNIS Shroomjak, Shroomjak, The Ever-Expanding Bunker, IGNIS (The Ever-Expanding Bunker), Group",418231
5_Shroomjak/11241,Shroomjak,"Jewish Shroomjak, Shroomjak, Judaism, Israel",76991
5_Shroomjak/11242,Shroomjak,"Makima Shroomjak, Shroomjak, Anime, Chainsaw Man",39113
5_Shroomjak/11243,Shroomjak,"Marisa Kirisame, Shroomjak, Video Game, Touhou Project",11450
5_Shroomjak/11244,Shroomjak,"Mikko, Shroomjak, Anime, Girls Und Panzer",22190
5_Shroomjak/11245,Shroomjak,"Morpheus Shroom, Shroomjak, Matrix, Futuristic, Movie and TV Show",38580
5_Shroomjak/11246,Shroomjak,"Morty Smith, Shroomjak, Cartoon, Rick and Morty",18931
5_Shroomjak/11247,Shroomjak,"Mushroom Hivemind Workers, Shroomjak, The Ever-Expanding Bunker, Worker Team (The Ever-Expanding Bunker), Worker, Group",290702
5_Shroomjak/11248,Shroomjak,"Natasha Nyanners, Shroomjak, Japan, Virtual Youtuber, Youtube",69273
5_Shroomjak/11249,Shroomjak,"Ninja Shroomjak, Shroomjak, 476-1492, Knight, Japan",7568
5_Shroomjak/11250,Shroomjak,"Nuclear Shroomjak, Shroomjak, Post Apocalyptic",696268
5_Shroomjak/11251,Shroomjak,"Old Psychedelic Mushroom Man, Shroomjak, Liberal Left",253592
5_Shroomjak/11252,Shroomjak,"Orthodox Shroomjak, Shroomjak, Orthodox, Christianism",3880
5_Shroomjak/11253,Shroomjak,"Painting Shroomjak, Shroomjak, Strange, Art",1251205
5_Shroomjak/11254,Shroomjak,"Painting Shroomjak, Shroomjak, Strange, Art",5211124
5_Shroomjak/11255,Shroomjak,"Painting Shroomjak, Shroomjak, Strange, Art",3473477
5_Shroomjak/11256,Shroomjak,"Psychedelic Mushroom Man, Shroomjak, Liberal Left",448120
5_Shroomjak/11257,Shroomjak,"Scoomer, Shroomjak, Template",85610
5_Shroomjak/11258,Shroomjak,"Scoomer, Shroomjak, Template",77758
5_Shroomjak/11259,Shroomjak,"Scoomer, Shroomjak, Template",77758
5_Shroomjak/11260,Shroomjak,"Shard Girl, Shroomjak, Template",127143
5_Shroomjak/11261,Shroomjak,"ShGroomer, Shroomjak, Template",36809
5_Shroomjak/11262,Shroomjak,"Shratan Shroomjak, Shroomjak, Demon",6918
5_Shroomjak/11263,Shroomjak,"Shredded, Shroomjak, Full Body",33257
5_Shroomjak/11264,Shroomjak,"Shreminist, Shroomjak, Liberal Left (Political Compass), Political Compass",4438
5_Shroomjak/11265,Shroomjak,"Shresus , Shroomjak, -3000-476, Christianism",7130
5_Shroomjak/11266,Shroomjak,"Shrigachad, Shroomjak, Internet, Internet",87949
5_Shroomjak/11267,Shroomjak,"Shrigma Phobos, Shroomjak, Futuristic, Robot",105985
5_Shroomjak/11268,Shroomjak,"Shrociopath, Shroomjak, Template",223600
5_Shroomjak/11269,Shroomjak,"Shroker, Shroomjak, DC, Comics, Criminal",236714
5_Shroomjak/11270,Shroomjak,"Shroom and Pepe, Shroomjak, Template",889072
5_Shroomjak/11271,Shroomjak,"Shroom Couple, Shroomjak, Group, Family",269331
5_Shroomjak/11272,Shroomjak,"Shroomer, Shroomjak, Template",240575
5_Shroomjak/11273,Shroomjak,"ShroomFace, Shroomjak, Internet, Meme",36534
5_Shroomjak/11274,Shroomjak,"Shroom Family, Shroomjak, Group, Family",298406
5_Shroomjak/11275,Shroomjak,"ShroomJak Black, Shroomjak, Template",5141
5_Shroomjak/11276,Shroomjak,"Shroomjak Comforting Wojak, Shroomjak, Group, Template",93007
5_Shroomjak/11277,Shroomjak,"Shroomjak PiS, Shroomjak, Poland, Authoritarian Right, Political Figure",22953
5_Shroomjak/11278,Shroomjak,"ShroomJak, Shroomjak, Template",25384
5_Shroomjak/11279,Shroomjak,"ShroomJak With a Phone, Shroomjak, Internet",134858
5_Shroomjak/11280,Shroomjak,"Shroomjak with Wine, Shroomjak, Civilian (Adult), Food and Drink",99492
5_Shroomjak/11281,Shroomjak,"Shroom Palestine, Shroomjak, Terrorism, Palestine, 1990-2000",83349
5_Shroomjak/11282,Shroomjak,"Shroomstuck, Shroomjak, Internet",96903
5_Shroomjak/11283,Shroomjak,"Shroom Toad, Shroomjak, Video Game, Nintendo, Super Mario",15306
5_Shroomjak/11284,Shroomjak,"Shroomtron, Shroomjak, Video Game, Fallout, Full Body, Post Apocalyptic, Robot",70388
5_Shroomjak/11285,Shroomjak,"Slugma, Shroomjak, Farm",11957
5_Shroomjak/11286,Shroomjak,"Solid Snake Shroomjak, Shroomjak, Nintendo, Video Game, Metal Gear Solid",35384
5_Shroomjak/11287,Shroomjak,"The Deathcap, Shroomjak, The Ever-Expanding Bunker, Group",289354
5_Shroomjak/11288,Shroomjak,"The Shrad, Shroomjak, Template",7981
5_Shroomjak/11289,Shroomjak,"Thomas Jefferson, Shroomjak, United States, President, 1789-1821, Authoritarian Right",1045762
5_Shroomjak/11290,Shroomjak,"Thulean Shroomjak, Shroomjak, National-Socialism, Authoritarian Right",267825
5_Shroomjak/11291,Shroomjak,"Tiroom, Shroomjak, Template",122952
5_Shroomjak/11292,Shroomjak,"Toad Shroyjak, Shroomjak, Nintendo, Video Game, Super Mario, Super Mario",671392
5_Shroomjak/11293,Shroomjak,"Tricky Phase 3, Shroomjak, Strange, Demon",66701
5_Shroomjak/11294,Shroomjak,"Truffle Shroomjak, Shroomjak, Video Game, Terraria",179020
5_Shroomjak/11295,Shroomjak,"Truffle (Terraria), Shroomjak, Video Game, Terraria",188792
5_Shroomjak/11296,Shroomjak,"Twinkshroom, Shroomjak, Template",84403
5_Shroomjak/11297,Shroomjak,"Viet Cong Shroomjak Soldier, Shroomjak, Vietnam, Vietnam War, 1960-1970, People's Army of Vietnam",228164
5_Shroomjak/11298,Shroomjak,"VineShrauce, Shroomjak, Youtube, Internet",30750
5_Smugjak/504,Smugjak,"1775 American Soldier, Smugjak, United States, 1492-1789, United States Army",27136
5_Smugjak/505,Smugjak,"1950's US Army , Smugjak, 1950-1960, United States, United States Army",322635
5_Smugjak/506,Smugjak,"1970s Guamanian soldier, Smugjak, Micronesia, United States, 1970-1980",153582
5_Smugjak/507,Smugjak,"2000s Romanian Chad Wojak, Smugjak, Romania, Civilian (Adult)",48251
5_Smugjak/508,Smugjak,"Abdul Salam Jalloud, Smugjak, Lybia, Prime Minister, 1970-1980",189358
5_Smugjak/509,Smugjak,"Abilay Khan, Smugjak, Kazakhstan, 1492-1789",62506
5_Smugjak/510,Smugjak,"Accurate Haugwitz, Smugjak, 1939-1945, Germany",227342
5_Smugjak/511,Smugjak,"Adam West Batman, Smugjak, Comics, DC",48743
5_Smugjak/512,Smugjak,"Afghan Parchamite, Smugjak, Afghanistan, Other Army (Asia), 1980-1990, Authoritarian Left",252145
5_Smugjak/513,Smugjak,"Alan B'stard, Smugjak, 2010-2020, United Kingdom",69048
5_Smugjak/514,Smugjak,"Albanian Fascist Militia Smugjak, Smugjak, Albania, 1939-1945, Italy",27902
5_Smugjak/515,Smugjak,"Alberto Fujimori, Smugjak, Peru, Authoritarian Right, 1980-1990, President",210322
5_Smugjak/516,Smugjak,"Alex COVID-19, Smugjak, Militia Forces",67575
5_Smugjak/517,Smugjak,"Alfredo Baldomir, Smugjak, Uruguay, 1939-1945, Liberal Right, President",334123
5_Smugjak/518,Smugjak,"Amalgam Denial, Smugjak, Worker, The Ever-Expanding Bunker, Worker Team (The Ever-Expanding Bunker)",102856
5_Smugjak/519,Smugjak,"Amish Man, Smugjak, Farm, United States, Peasant",407221
5_Smugjak/520,Smugjak,"Among Us Red, Smugjak, Video Game, Hazmat, Among Us, Space",145731
5_Smugjak/521,Smugjak,"Andrés de Santa Cruz, Smugjak, Peru, Bolivia, Despot, 1821-1914, Peruvian Armed Forces",324971
5_Smugjak/522,Smugjak,"Apostate Prophet, Smugjak, Youtube, United States, Germany, Turkey",83263
5_Smugjak/523,Smugjak,"Aristocrat Smug, Smugjak, 1821-1914, Nobility and Bourgeoisie",255392
5_Smugjak/524,Smugjak,"Armand Calinescu, Smugjak, Romania, 1918-1939, President",51006
5_Smugjak/525,Smugjak,"Armenian NSS, Smugjak, Armenia, Other Army (Caucasus), 1990-2000",896026
5_Smugjak/526,Smugjak,"Armenian Soldier, Smugjak, Armenia, Other Army (Caucasus)",440190
5_Smugjak/527,Smugjak,"Arthur Phillip, Smugjak, United Kingdom, Ocean, Australia, 1789-1821",283956
5_Smugjak/528,Smugjak,"Augusto Pinochet, Smugjak, Chile, Authoritarian Right, 1970-1980, Despot",250921
5_Smugjak/529,Smugjak,"Augustus, Smugjak, Roman Empire, -3000-476, Imperial",37268
5_Smugjak/530,Smugjak,"Austrian Landswehr, Smugjak, 1914-1918, Austria-Hungarian Empire, Austro-Hungarian Armed Forces",575862
5_Smugjak/531,Smugjak,"Ayutthaya Prince, Smugjak, Thailand, Other Sovereign Title, 1492-1789",11812
5_Smugjak/532,Smugjak,"Bachir Gemayel, Smugjak, Christianism, Lebanon, Christianism",214872
5_Smugjak/533,Smugjak,"Bad Hand, Smugjak, Hunt: Showdown, Video Game, Far West, 1821-1914",405354
5_Smugjak/534,Smugjak,"Bad Luck Brian, Smugjak, Meme, 2010-2020",63291
5_Smugjak/535,Smugjak,"Balli Kombëtar Smug, Smugjak, Albania, 1939-1945, National-Socialism",56801
5_Smugjak/536,Smugjak,"Batman (Adam West), Smugjak, Comics, DC",48646
5_Smugjak/537,Smugjak,"Bearded Communist, Smugjak, Authoritarian Left (Political Compass), Political Compass",40301
5_Smugjak/538,Smugjak,"Benito Juarez, Smugjak, Mexico, 1821-1914, President",119487
5_Smugjak/539,Smugjak,"Benito Nardone, Smugjak, Uruguay, 1960-1970, Liberal Right, President",117089
5_Smugjak/540,Smugjak,"Benjamin Netanyahu, Smugjak, Authoritarian Right, Prime Minister, Judaism, Israel, 2010-2020",127991
5_Smugjak/541,Smugjak,"Benny, Smugjak, Post Apocalyptic, Fallout : New Vegas",19178
5_Smugjak/542,Smugjak,"Benny Safdie (Stars At Noon), Smugjak, Movie and TV Show, 1980-1990, Tourism",239044
5_Smugjak/543,Smugjak,"Bento António Gonçalves, Smugjak, 1918-1939, Portugal, Spanish Civil War",105850
5_Smugjak/544,Smugjak,"Berlin Invader (Thinking), Smugjak, Red Army, Soviet Union, 1939-1945",24129
5_Smugjak/545,Smugjak,"Bernard Drainville , Smugjak, Quebec, Political Figure, 2010-2020",144814
5_Smugjak/546,Smugjak,"Bernardino Caballero, Smugjak, Paraguay, President, Authoritarian Right, 1821-1914",163055
5_Smugjak/547,Smugjak,"Bill Clinton, Smugjak, United States, President, 1990-2000",49776
5_Smugjak/548,Smugjak,"Black Plague Medic, Smugjak, 476-1492, Medical",98818
5_Smugjak/549,Smugjak,"Bohemian Smugjak, Smugjak, Czechia, Christianism, 1492-1789",302147
5_Smugjak/550,Smugjak,"Bolesław Bierut, Smugjak, Poland, General Secretary, Authoritarian Left, 1945-1950",292050
5_Smugjak/551,Smugjak,"British Commodore, Smugjak, 1492-1789, United Kingdom, Ocean",118874
5_Smugjak/552,Smugjak,"British Teenager, Smugjak, United Kingdom, Europe",108894
5_Smugjak/553,Smugjak,"Bulgarian Orthodox Priest, Smugjak, Bulgaria, Orthodox",393710
5_Smugjak/554,Smugjak,"Business man, Smugjak, Corporation",53349
5_Smugjak/555,Smugjak,"Captain Jack Harkness, Smugjak, Doctor Who, Futuristic",74593
5_Smugjak/556,Smugjak,"Caral Priest, Smugjak, Peru, Autochthonous, South America",333272
5_Smugjak/557,Smugjak,"Carlos Ibáñez del Campo, Smugjak, Chile, President, 1950-1960",221977
5_Smugjak/558,Smugjak,"Carlos Pellegrini, Smugjak, Argentina, Political Figure, 1821-1914, Liberal Right",239070
5_Smugjak/559,Smugjak,"César Torrès, Smugjak, France, Movie and TV Show, 1960-1970",22905
5_Smugjak/560,Smugjak,"CGT Syndicalist, Smugjak, Worker, France, Authoritarian Left, 2010-2020, Political Figure",117743
5_Smugjak/561,Smugjak,"Charles Louis (Napoléon III) Napoléon Bonaparte, Smugjak, France, President, Imperial, 1821-1914, Authoritarian Right",115212
5_Smugjak/562,Smugjak,"Charles Louis (Napoléon III) Napoléon Bonaparte, Smugjak, France, President, Imperial, 1821-1914, Authoritarian Right",115212
5_Smugjak/563,Smugjak,"Charles Trenet, Smugjak, 1945-1950, France, Music",119618
5_Smugjak/564,Smugjak,"Chechen Rebel, Smugjak, 1990-2000, Chechnya",1437721
5_Smugjak/565,Smugjak,"Chilean Prussian Soldier , Smugjak, Chile, 1821-1914, Prussia",96659
5_Smugjak/566,Smugjak,"Christopher Nolan, Smugjak, Movie and TV Show, 2010-2020, United States",45026
5_Smugjak/567,Smugjak,"Ciaphas Cain, Smugjak, Video Game, Futuristic Army, Futuristic, Warhammer",258025
5_Smugjak/568,Smugjak,"Ciaphas Cain With Tanna, Smugjak, Video Game, Futuristic Army, Warhammer, Futuristic",840982
5_Smugjak/569,Smugjak,"Classy Smugjak, Smugjak, Civilian (Eldery)",195660
5_Smugjak/570,Smugjak,"Clown Smug, Smugjak, Circus",158537
5_Smugjak/571,Smugjak,"Coco (Deeeep.io), Smugjak, Internet, Ocean, Masked",7297
5_Smugjak/572,Smugjak,"Commandante Rojo Lluch, Smugjak, Spanish Civil War, Spanish Republican Army, 1918-1939, Spain, Republican Side (Spanish Civil War)",597681
5_Smugjak/573,Smugjak,"Commander Cody, Smugjak, Movie and TV Show, Futuristic, Star Wars, Space",55648
5_Smugjak/574,Smugjak,"Commander Cody, Smugjak, Movie and TV Show, Futuristic, Star Wars, Space",59517
5_Smugjak/575,Smugjak,"Commander Cody, Smugjak, Movie and TV Show, Futuristic, Star Wars, Space",59517
5_Smugjak/576,Smugjak,"Confederate Smugjak, Smugjak, American Civil War, Confederate States of America, 1821-1914, Confederate States Army",288171
5_Smugjak/577,Smugjak,"Conquistador, Smugjak, Spain, Portugal, Colonial, 1492-1789",145482
5_Smugjak/578,Smugjak,"Conquistador, Smugjak, Spain, Portugal, Colonial, 1492-1789",119870
5_Smugjak/579,Smugjak,"Cornifer, Smugjak, Video Game, Hollow Knight",130469
5_Smugjak/580,Smugjak,"Crazy troljak, Smugjak, Internet, Meme",633574
5_Smugjak/581,Smugjak,"Crusader, Smugjak, Knight, 476-1492",53527
5_Smugjak/582,Smugjak,"Crying Mario Mask, Smugjak, Nintendo, Video Game, Masked, Super Mario",76458
5_Smugjak/583,Smugjak,"Crying Masked Smug Quebecker, Smugjak, North America, Canada, Quebec, Masked, Liberal Right (Political Compass)",44847
5_Smugjak/584,Smugjak,"Curaca of the Caral culture, Smugjak, Peru, Autochthonous",332100
5_Smugjak/585,Smugjak,"CyberPunk Citizen, Smugjak, Cyberpunk 2077, Futuristic",1496005
5_Smugjak/586,Smugjak,"Damian Wayne, Smugjak, Comics, DC",881481
5_Smugjak/587,Smugjak,"Daniel Ortega , Smugjak, Revolution, Nicaragua, Authoritarian Left, 1980-1990, Political Figure",59254
5_Smugjak/588,Smugjak,"Dante Alighieri Depict you burning in Hell, Smugjak, Italy, Art, 1492-1789",468959
5_Smugjak/589,Smugjak,"Darkstar Ben 10, Smugjak, Cartoon, Ben 10, Masked",91629
5_Smugjak/590,Smugjak,"David, Smugjak, Judaism, Israel, Mythology, -3000-476",61281
5_Smugjak/591,Smugjak,"Dead Josef Gangl, Smugjak, 1939-1945, Deutsches Heer, The Third Reich, Injured and Dead",105359
5_Smugjak/592,Smugjak,"Deidara, Smugjak, Anime, Naruto",130826
5_Smugjak/593,Smugjak,"Deng Yi, Smugjak, Taiwan, Other Army (Asia), 1960-1970",32382
5_Smugjak/594,Smugjak,"Diving Suit Wojak, Smugjak, Ocean, 1821-1914",12690
5_Smugjak/595,Smugjak,"Dmitri Yazov Smug, Smugjak, Russia, 1970-1980, Political Figure",176097
5_Smugjak/596,Smugjak,"@Dolf H'tlēr, Smugjak, 1939-1945, The Third Reich, National-Socialism, Despot",102321
5_Smugjak/597,Smugjak,"Doomguy, Smugjak, Video Game, Doom",99547
5_Smugjak/598,Smugjak,"Douglas MacArthur, Smugjak, United States, United States Army, 1939-1945, Philippines",184052
5_Smugjak/599,Smugjak,"Dream Wojak, Smugjak, Minecraft, Internet, Youtube, Video Game, Masked",81796
5_Smugjak/600,Smugjak,"Dr.Livesey, Smugjak, Cartoon, Treasure Island, Pirate, Ocean",357927
5_Smugjak/601,Smugjak,"Eduardo Frei Montalva, Smugjak, Chile, President, Other Army (South And Central America), 1960-1970",233511
5_Smugjak/602,Smugjak,"Edward Longshanks Smugjak, Smugjak, Knight, Christianism, United Kingdom, 476-1492",248587
5_Smugjak/603,Smugjak,"Empresario, Smugjak, Criminal, Italy",63316
5_Smugjak/604,Smugjak,"En (Dorohedoro), Smugjak, Anime",25041
5_Smugjak/605,Smugjak,"Ennard, Smugjak, Video Game, Five Nights at Freddy's, Monster",212288
5_Smugjak/606,Smugjak,"Eternal Emilitia, Smugjak, Video Game, Hollow Knight",100247
5_Smugjak/607,Smugjak,"Étienne-Alexandre Bernier, Smugjak, France, 1789-1821, Christianism, French Revolution",117831
5_Smugjak/608,Smugjak,"Fernando I, Smugjak, Portugal, Monarch, 476-1492",379352
5_Smugjak/609,Smugjak,"Fernando VI, Smugjak, Spain, Monarch, 1492-1789",366987
5_Smugjak/610,Smugjak,"Ferrik Jurgen, Smugjak, Video Game, Futuristic Army, Warhammer, Futuristic",240418
5_Smugjak/611,Smugjak,"Fidel Castro Smug, Smugjak, Cuba, Authoritarian Left, Revolution, 1960-1970, General Secretary",92288
5_Smugjak/612,Smugjak,"Filippo Tommaso Marinetti, Smugjak, Italy, 1918-1939, Art",122849
5_Smugjak/613,Smugjak,"Finland Map, Smugjak, Europe, Scandinavia, Finland, Map",5034
5_Smugjak/614,Smugjak,"Finnish Winter War Officer, Smugjak, 1939-1945, Finland, Finnish Defence Forces",887199
5_Smugjak/615,Smugjak,"Flesh Monster Smug, Smugjak, The Ever-Expanding Bunker",179117
5_Smugjak/616,Smugjak,"Football Fanatic, Smugjak, Sport, Criminal",217867
5_Smugjak/617,Smugjak,"Francisco Solano López, Smugjak, Paraguay, Despot, 1821-1914",175713
5_Smugjak/618,Smugjak,"François Duvalier, Smugjak, Despot, Authoritarian Right, Haiti, 1960-1970",17761
5_Smugjak/619,Smugjak,"Franc-Tireur, Smugjak, 1939-1945, France, French Resistance",21573
5_Smugjak/620,Smugjak,"Frank West (Dead Rising), Smugjak, Video Game, Civilian (Adult)",103973
5_Smugjak/621,Smugjak,"French Based General, Smugjak, Armée Française, France, 1939-1945",15377
5_Smugjak/622,Smugjak,"French Napoleonic Soldier, Smugjak, France, 1789-1821, Grande Armée",36570
5_Smugjak/623,Smugjak,"French Officer, Smugjak, France, Armée Française, 1914-1918",51480
5_Smugjak/624,Smugjak,"French Revolutionary Soldier , Smugjak, France, 1789-1821, Grande Armée, French Revolution",174050
5_Smugjak/625,Smugjak,"French Smug, Smugjak, 1939-1945, France, Armée Française",31298
5_Smugjak/626,Smugjak,"Fresh, Smugjak, Video Game, Civilian (Teenager)",75612
5_Smugjak/627,Smugjak,"Fresh, Smugjak, Video Game, Civilian (Teenager), Full Body",154720
5_Smugjak/628,Smugjak,"Gambit, Smugjak, Comics, DC",120462
5_Smugjak/629,Smugjak,"Gas Rifle Enjoyer (SWAT 4), Smugjak, Video Game, Rescue Services",233336
5_Smugjak/630,Smugjak,"Gawr Gura, Smugjak, Japan, Virtual Youtuber, Youtube",38960
5_Smugjak/631,Smugjak,"Gawr Gura, Smugjak, Japan, Virtual Youtuber, Youtube",39265
5_Smugjak/632,Smugjak,"Gawr Gura, Smugjak, Japan, Virtual Youtuber, Youtube",39265
5_Smugjak/633,Smugjak,"George Armstrong Custer, Smugjak, 1821-1914, American Civil War, United States Army, United States",64013
5_Smugjak/634,Smugjak,"George I of Greece, Smugjak, Greece, Monarch, 1821-1914",116559
5_Smugjak/635,Smugjak,"Georges Clemenceau, Smugjak, France, 1914-1918, Prime Minister",16949
5_Smugjak/636,Smugjak,"Georges Marchais, Smugjak, France, Authoritarian Left, 1970-1980, General Secretary",61672
5_Smugjak/637,Smugjak,"Georgian Partisan, Smugjak, Georgia, Other Army (Caucasus)",132842
5_Smugjak/638,Smugjak,"German Officer Wojak, Smugjak, The Third Reich, Schutzstaffel, 1939-1945",143439
5_Smugjak/639,Smugjak,"German ww2 wojak, Smugjak, Germany, Authoritarian Right",406028
5_Smugjak/640,Smugjak,"Gilgit Scouts , Smugjak, Group, Pakistan, Other Army (Asia)",876021
5_Smugjak/641,Smugjak,"Gimsley, Smugjak, Video Game, Pokemon",432522
5_Smugjak/642,Smugjak,"Giovanni Gronchi, Smugjak, Italy, Liberal Right, 1950-1960",145962
5_Smugjak/643,Smugjak,"Good ol days Wojak, Smugjak, 1821-1914, Peasant",191859
5_Smugjak/644,Smugjak,"Gracchus Babeuf, Smugjak, France, 1789-1821, Authoritarian Left, French Revolution",90310
5_Smugjak/645,Smugjak,"Gran Duque Juan de Luxemburgo, Smugjak, Luxembourg, 1960-1970, Monarch",153943
5_Smugjak/646,Smugjak,"Greek Soldier, Smugjak, Hellenic Army, Greece",445388
5_Smugjak/647,Smugjak,"Green Libyan Soldier Smugjack, Smugjak, Lybia, 1970-1980",194451
5_Smugjak/648,Smugjak,"Grigoriy Azarenok, Smugjak, Belarus, 2020-2030",213764
5_Smugjak/649,Smugjak,"Groomer Jew, Smugjak, Judaism",77985
5_Smugjak/650,Smugjak,"Gulf War British Army Wojak, Smugjak, 1990-2000, United Kingdom, British Armed Forces",402495
5_Smugjak/651,Smugjak,"Gus Hall, Smugjak, United States, 1960-1970, General Secretary, Authoritarian Left",100517
5_Smugjak/652,Smugjak,"Hamengkubuwana I, Smugjak, Indonesia, Monarch, 1492-1789",221576
5_Smugjak/653,Smugjak,"Han Solo, Smugjak, Movie and TV Show, Futuristic, Star Wars, Space",465238
5_Smugjak/654,Smugjak,"Happy Hispanic, Smugjak, Spain",167257
5_Smugjak/655,Smugjak,"Happy Smugjak sir Cecil Chubb, Smugjak, 1914-1918, United Kingdom, Nobility and Bourgeoisie",327473
5_Smugjak/656,Smugjak,"Happy Smug Mateo de Toro Zambrano, Smugjak, Chile, Political Figure, 1789-1821",237472
5_Smugjak/657,Smugjak,"Happy Smug NCR Trooper, Smugjak, Post Apocalyptic, Fallout : New Vegas, New California Republic",304076
5_Smugjak/658,Smugjak,"Happy Smug, Smugjak, Template",15979
5_Smugjak/659,Smugjak,"Heinz Guderian, Smugjak, 1939-1945, The Third Reich, Deutsches Heer",31431
5_Smugjak/660,Smugjak,"Hermann Göring, Smugjak, The Third Reich, 1939-1945, National-Socialism",190498
5_Smugjak/661,Smugjak,"Heroic Fantasy Guy, Smugjak, Fantasy",68851
5_Smugjak/662,Smugjak,"Herrah The Beast, Smugjak, Video Game, Hollow Knight",106577
5_Smugjak/663,Smugjak,"HitlerJugend , Smugjak, 1939-1945, The Third Reich, National-Socialism",63624
5_Smugjak/664,Smugjak,"Hui-Neng Smug Wojak, Smugjak, China, Buddhism, 476-1492, Religious Authority",78389
5_Smugjak/665,Smugjak,"Hungarian Autochthonous, Smugjak, Hungary, Asia, 476-1492",461621
5_Smugjak/666,Smugjak,"Hungarian Honved, Smugjak, 1914-1918, Austria-Hungarian Empire, Austro-Hungarian Armed Forces",580605
5_Smugjak/667,Smugjak,"Hungarian Smugjak, Smugjak, Europe, Hungary",20985
5_Smugjak/668,Smugjak,"Hussen, Smugjak, The Ever-Expanding Bunker, Interferencia (The Ever-Expanding Bunker)",217307
5_Smugjak/669,Smugjak,"Hussen, Smugjak, The Ever-Expanding Bunker, Interferencia (The Ever-Expanding Bunker)",188532
5_Smugjak/670,Smugjak,"Hussen, Smugjak, The Ever-Expanding Bunker, Interferencia (The Ever-Expanding Bunker)",207616
5_Smugjak/671,Smugjak,"Hussen, Smugjak, The Ever-Expanding Bunker, Interferencia (The Ever-Expanding Bunker)",207616
5_Smugjak/672,Smugjak,"Ichiban Kasuga, Smugjak, Video Game, Yakuza (Ryū ga Gotoku)",29579
5_Smugjak/673,Smugjak,"IGNIS Injured Soldier, Smugjak, The Ever-Expanding Bunker, IGNIS (The Ever-Expanding Bunker), Injured and Dead",366186
5_Smugjak/674,Smugjak,"IGNIS Smugjak Soldier, Smugjak, The Ever-Expanding Bunker, IGNIS (The Ever-Expanding Bunker)",399623
5_Smugjak/675,Smugjak,"IGNIS Tourism, Smugjak, The Ever-Expanding Bunker, IGNIS (The Ever-Expanding Bunker)",436075
5_Smugjak/676,Smugjak,"Imran khan, Smugjak, Pakistan, Prime Minister",192785
5_Smugjak/677,Smugjak,"Injured Punching Smugjak, Smugjak, Injured and Dead, Template",150368
5_Smugjak/678,Smugjak,"Iraqi Special Operator, Smugjak, Iraq, Other Army (Middle East), Middle East",76666
5_Smugjak/679,Smugjak,"IRA Wojak, Smugjak, Ireland, 1980-1990, Terrorism",64990
5_Smugjak/680,Smugjak,"ISIS soldier, Smugjak, Terrorism, Middle East",142932
5_Smugjak/681,Smugjak,"Ivan Mazepa Ukrainian Hetman, Smugjak, Armed Forces of Ukraine, Ukraine, 1492-1789",316412
5_Smugjak/682,Smugjak,"Jacques Chaban-Delmas, Smugjak, France, Authoritarian Right, Prime Minister, 1970-1980",16154
5_Smugjak/683,Smugjak,"James Bond Wojak, Smugjak, Movie and TV Show",138893
5_Smugjak/684,Smugjak,"Japanese Airman, Smugjak, Japan, 1939-1945, Imperial Japanese Army",59213
5_Smugjak/685,Smugjak,"Jimmy MacNuggets, Smugjak, United States, Food and Drink, Farm",60062
5_Smugjak/686,Smugjak,"Jimmy Olsen, Smugjak, Comics, Marvel",180284
5_Smugjak/687,Smugjak,"Joker, Smugjak, Comics, DC, Criminal",65351
5_Smugjak/688,Smugjak,"José Santos Zelaya, Smugjak, Nicaragua, President, Revolution, 1821-1914",40521
5_Smugjak/689,Smugjak,"JSchlatt, Smugjak, Youtube, Minecraft, Internet",92568
5_Smugjak/690,Smugjak,"Juan Bialet Massé, Smugjak, Argentina, 1821-1914",308029
5_Smugjak/691,Smugjak,"Juan Bordaberry, Smugjak, Uruguay, 1970-1980, Authoritarian Right",211904
5_Smugjak/692,Smugjak,"Juan de Amezaga, Smugjak, Uruguay, 1939-1945, Liberal Right, President",152224
5_Smugjak/693,Smugjak,"Juan Manuel de Rosas II, Smugjak, Argentina, Other Army (South And Central America), 1821-1914, Political Figure",51858
5_Smugjak/694,Smugjak,"June 5th is me b-day, Smugjak, Festivity",49243
5_Smugjak/695,Smugjak,"Karim (Heuss l'Enfoiré)Djeriou, Smugjak, 2010-2020, France, Music",129977
5_Smugjak/696,Smugjak,"KingHaugwitz, Smugjak, Video Game",253472
5_Smugjak/697,Smugjak,"Knight Smug, Smugjak, 476-1492, Knight",225110
5_Smugjak/698,Smugjak,"La Fouine (Young), Smugjak, Music, France, 2010-2020, Morocco",98390
5_Smugjak/699,Smugjak,"Legion, Smugjak, Demon, Monster",224481
5_Smugjak/700,Smugjak,"Legion, Smugjak, Demon, Monster",224481
5_Smugjak/701,Smugjak,"Le Licentist, Smugjak, Fantasy, Futuristic",99837
5_Smugjak/702,Smugjak,"Leon Trotsky , Smugjak, Authoritarian Left, Soviet Union, Philosophy, 1918-1939",143592
5_Smugjak/703,Smugjak,"Leon Trotsky, Smugjak, Authoritarian Left, Soviet Union, Philosophy, 1918-1939",105067
5_Smugjak/704,Smugjak,"Lion's Guard of Sindria, Smugjak, Futuristic, Space, Starsector",233889
5_Smugjak/705,Smugjak,"Lorgar Aurelian, Smugjak, Video Game, Futuristic, Warhammer",90294
5_Smugjak/706,Smugjak,"Luca, Smugjak, Japan",69663
5_Smugjak/707,Smugjak,"Luffy Smug, Smugjak, Anime, Pirate, One Piece, Ocean",74774
5_Smugjak/708,Smugjak,"Lumière Brothers, Smugjak, Movie and TV Show, France, 1821-1914",154267
5_Smugjak/709,Smugjak,"MACV SOG, Smugjak, 1960-1970, Vietnam War, United States, United States Army",268257
5_Smugjak/710,Smugjak,"Male Feminist Smug, Smugjak, Liberal Left",49454
5_Smugjak/711,Smugjak,"Manuel Oribe, Smugjak, Uruguay, 1821-1914, Liberal Right, President",92587
5_Smugjak/712,Smugjak,"Mao Zedong, Smugjak, China, General Secretary, Authoritarian Left, 1950-1960",68797
5_Smugjak/713,Smugjak,"Martín García Óñez de Loyola, Smugjak, Peru, Chile, Spain, Colonial",286753
5_Smugjak/714,Smugjak,"Mask Wojak Jhin, Smugjak, Video Game, League of Legends, Masked",95125
5_Smugjak/715,Smugjak,"Matteo Salvini, Smugjak, Italy, Authoritarian Right, Prime Minister, 2010-2020",140580
5_Smugjak/716,Smugjak,"Max, Smugjak, Civilian (Adult)",201224
5_Smugjak/717,Smugjak,"Medieval Rightist, Smugjak, Political Compass, Authoritarian Right (Political Compass), 476-1492",247381
5_Smugjak/718,Smugjak,"Mentuhotep II Smug Pharaoh Ancient Egypt, Smugjak, Ancient Egypt, -3000-476, Monarch",159997
5_Smugjak/719,Smugjak,"Michael Heseltine, Smugjak, United Kingdom, 1990-2000, Political Figure",120111
5_Smugjak/720,Smugjak,"Militia Forces, Smugjak, Militia Forces",28493
5_Smugjak/721,Smugjak,"Ming Warrior Wojak, Smugjak, China, Knight, 476-1492",78814
5_Smugjak/722,Smugjak,"Morpheus, Smugjak, Matrix, Futuristic, Movie and TV Show",255577
5_Smugjak/723,Smugjak,"Morpheus , Smugjak, Matrix, Futuristic, Movie and TV Show",258317
5_Smugjak/724,Smugjak,"Muammar Gaddafi smug , Smugjak, Lybia, 1970-1980, Authoritarian Left, President",161602
5_Smugjak/725,Smugjak,"My BOS Character, Smugjak, Post Apocalyptic, Fallout",268249
5_Smugjak/726,Smugjak,"Mykoreandic, Smugjak, Korea, Youtube",252346
5_Smugjak/727,Smugjak,"Napoléon at the Siege of Toulon, Smugjak, 1789-1821, France, Grande Armée, French Revolution",20325
5_Smugjak/728,Smugjak,"Napoléon Bonaparte, Smugjak, France, Imperial, 1789-1821",7245
5_Smugjak/729,Smugjak,"Napoléon Bonaparte, Smugjak, France, Imperial, 1789-1821, Masked",373906
5_Smugjak/730,Smugjak,"Napoléon Bonaparte, Smugjak, France, Imperial, 1789-1821, Masked",373906
5_Smugjak/731,Smugjak,"Napoleonic Guy, Smugjak, France, Imperial, 1789-1821",672070
5_Smugjak/732,Smugjak,"Napoleonic Guy, Smugjak, France, 1789-1821, Imperial, 1789-1821",714146
5_Smugjak/733,Smugjak,"Napoleonic Guy, Smugjak, France, 1789-1821, Imperial, 1789-1821",714146
5_Smugjak/734,Smugjak,"Narmer-Menes King Ancient Egypt, Smugjak, Ancient Egypt, -3000-476, Monarch",191959
5_Smugjak/735,Smugjak,"Nationalist Turk, Smugjak, Turkey, Authoritarian Right",274608
5_Smugjak/736,Smugjak,"Nationalist Turk, Smugjak, Turkey",97582
5_Smugjak/737,Smugjak,"Nazi Khilafatist , Smugjak, Islam, Bosnia and Herzegovina, Europe",127694
5_Smugjak/738,Smugjak,"Neon Smug SS, Smugjak, 1939-1945, The Third Reich, National-Socialism, Schutzstaffel",224107
5_Smugjak/739,Smugjak,"Nepali Wojak, Smugjak, Asia, Nepal",32018
5_Smugjak/740,Smugjak,"Néstor Perl, Smugjak, Argentina, 1980-1990",161975
5_Smugjak/741,Smugjak,"Niceto Alcalá-Zamora, Smugjak, Spanish Civil War, President, 1918-1939, Spain, Republican Side (Spanish Civil War)",585804
5_Smugjak/742,Smugjak,"Niko Bellic, Smugjak, Grand Theft Auto, Video Game, Criminal",35670
5_Smugjak/743,Smugjak,"Noah and his Ark, Smugjak, -3000-476, Mythology, Christianism, Ocean",105956
5_Smugjak/744,Smugjak,"Nuka World Raider, Smugjak, Post Apocalyptic, Fallout",230688
5_Smugjak/745,Smugjak,"NVA East German (Cold War) Soldier , Smugjak, 1960-1970, Bundeswehr, Germany",768033
5_Smugjak/746,Smugjak,"NVA East German (Cold War) Soldier , Smugjak, 1960-1970, Bundeswehr, Germany",787813
5_Smugjak/747,Smugjak,"OSS 117 (Jean Dujardin), Smugjak, Movie and TV Show, France, 1950-1960",16659
5_Smugjak/748,Smugjak,"Ottoman Wojak, Smugjak, Ottoman Empire",114662
5_Smugjak/749,Smugjak,"Ottoman Wojak, Smugjak, Ottoman Empire, Turkey",82800
5_Smugjak/750,Smugjak,"Pakistani Colonel, Smugjak, Pakistan, Other Army (Asia)",207019
5_Smugjak/751,Smugjak,"Papa Doc Smug, Smugjak, Authoritarian Right, 1960-1970, Haiti, Despot",160343
5_Smugjak/752,Smugjak,"Pashtunistan Soldier, Smugjak, Militia Forces, Afghanistan, 1980-1990",160270
5_Smugjak/753,Smugjak,"Paul Allen, Smugjak, Movie and TV Show, American Psycho",110859
5_Smugjak/754,Smugjak,"Pedro de Valdivia, Smugjak, Chile, Political Figure, Colonial, 1492-1789",384822
5_Smugjak/755,Smugjak,"Pedro Sanchez, Smugjak, Spain, Prime Minister, 2010-2020",184010
5_Smugjak/756,Smugjak,"Pedro Varela, Smugjak, Uruguay, 1821-1914, Liberal Right, President",255286
5_Smugjak/757,Smugjak,"Peruvian Division General, Smugjak, Peru, Peruvian Armed Forces, Masked",290990
5_Smugjak/758,Smugjak,"Peruvian Jungle Soldier, Smugjak, Peru, Peruvian Armed Forces, 1821-1914",71968
5_Smugjak/759,Smugjak,"Peruvian Officer of the Escort Squadron on Horse, Smugjak, Peru, Peruvian Armed Forces",458424
5_Smugjak/760,Smugjak,"Peruvian Soldier of the Cazadores del Cuzco Line Battalion, Smugjak, Peru, Peruvian Armed Forces",198442
5_Smugjak/761,Smugjak,"Peter Laola, Smugjak, Ireland, Australia, Authoritarian Right, 1821-1914",351314
5_Smugjak/762,Smugjak,"Pharaoh Thutmose III, Smugjak, Ancient Egypt, Monarch, -3000-476",410433
5_Smugjak/763,Smugjak,"Philip II of Spain, Smugjak, Spain, Monarch, 1492-1789",107708
5_Smugjak/764,Smugjak,"Pibun Songkram, Smugjak, Thailand, 1939-1945, Prime Minister",75140
5_Smugjak/765,Smugjak,"Pierre Desproges, Smugjak, 1960-1970, France",92498
5_Smugjak/766,Smugjak,"Pierre Koenig, Smugjak, France, 1939-1945, Armée Française, French Resistance",19970
5_Smugjak/767,Smugjak,"Pierre Poilievre, Smugjak, Canada, Political Figure, Liberal Right",112131
5_Smugjak/768,Smugjak,"Pindi Boi, Smugjak, Pakistan, Brands",180160
5_Smugjak/769,Smugjak,"Plastic Man, Smugjak, Comics, DC",108928
5_Smugjak/770,Smugjak,"Plutarco Elias Calles, Smugjak, Mexico, President, 1918-1939",216554
5_Smugjak/771,Smugjak,"Polish Nobleman Smirk , Smugjak, Poland, 1492-1789, Nobility and Bourgeoisie",71293
5_Smugjak/772,Smugjak,"Pool Glasses Wojak, Smugjak, Ocean, Tourism",133141
5_Smugjak/773,Smugjak,"Prince Paul of Yugoslavia, Smugjak, Yugoslavia, Monarch, 1918-1939",219671
5_Smugjak/774,Smugjak,"Punching Kakuzu Smugjak, Smugjak, Anime, Naruto",21687
5_Smugjak/775,Smugjak,"Punching Wojak, Smugjak, Template",15284
5_Smugjak/776,Smugjak,"Purple Guy, Smugjak, Video Game, Five Nights at Freddy's",781405
5_Smugjak/777,Smugjak,"Purple Man, Smugjak, Comics, Marvel",108042
5_Smugjak/778,Smugjak,"Rabbi, Smugjak, Judaism, Judaism",146784
5_Smugjak/779,Smugjak,"Rafael Correa, Smugjak, Ecuador, President, 2010-2020, Liberal left",134777
5_Smugjak/780,Smugjak,"Raiden, Smugjak, Video Game, Metal Gear Solid, Futuristic, Robot",120177
5_Smugjak/781,Smugjak,"Raúl Lastiri, Smugjak, Argentina, 1970-1980, Authoritarian Right, President",113246
5_Smugjak/782,Smugjak,"Redhook Brahms, Smugjak, Fantasy",13129
5_Smugjak/783,Smugjak,"Redrew Bill, Smugjak, Internet, Youtube",261405
5_Smugjak/784,Smugjak,"Redskin Full Boy, Smugjak, France, Authoritarian Left, 1980-1990, Full Body",960083
5_Smugjak/785,Smugjak,"Relic Seeker Lemm, Smugjak, Video Game, Hollow Knight",102934
5_Smugjak/786,Smugjak,"Revolutionnary Army French Soldier, Smugjak, 1789-1821, France, Grande Armée, French Revolution",33475
5_Smugjak/787,Smugjak,"Rhett Butler , Smugjak, Movie and TV Show, 1918-1939",293496
5_Smugjak/788,Smugjak,"Richard Nixon , Smugjak, United States, President, 1970-1980",140253
5_Smugjak/789,Smugjak,"Rich Businessman, Smugjak, Liberal Right (Political Compass), Political Compass, Corporation",829140
5_Smugjak/790,Smugjak,"Robert La Follette, Smugjak, 1821-1914, United States, Authoritarian Right, Political Figure",445582
5_Smugjak/791,Smugjak,"Roger Goodel, Smugjak, Sport",89644
5_Smugjak/792,Smugjak,"Romanian Soldier, Smugjak, 1939-1945, Romanian Armed Forces, Romania",23979
5_Smugjak/793,Smugjak,"Ronald McDonald, Smugjak, Brands, Food and Drink",4590
5_Smugjak/794,Smugjak,"Ronald Reagan, Smugjak, United States, President, 1980-1990",46598
5_Smugjak/795,Smugjak,"Ronnie James Dio, Smugjak, Music",73750
5_Smugjak/796,Smugjak,"Rude Boy black , Smugjak, Music, 1970-1980, Jamaica, United Kingdom",405776
5_Smugjak/797,Smugjak,"Rude Boy White, Smugjak, Music, 1970-1980, Jamaica, United Kingdom",224620
5_Smugjak/798,Smugjak,"Russia Masked Soviet, Smugjak, Russia, Masked, Soviet Union",93340
5_Smugjak/799,Smugjak,"Russian ww1 Smug, Smugjak, Imperial Russian Army, 1914-1918, Russia",54139
5_Smugjak/800,Smugjak,"Sacrieur (Dofus), Smugjak, Fantasy, Elf, Video Game",84419
5_Smugjak/801,Smugjak,"Saddam Hussein, Smugjak, 1990-2000, Iraq, President",96751
5_Smugjak/802,Smugjak,"Saudi Arabia Smug, Smugjak, Middle East, Saudi Arabia",37521
5_Smugjak/803,Smugjak,"Saudi Smug, Smugjak, Saudi Arabia, Middle East",334202
5_Smugjak/804,Smugjak,"Saul Goodman, Smugjak, Movie and TV Show, Breaking Bad, Rescue Services",18881
5_Smugjak/805,Smugjak,"Scott Ian , Smugjak, Full Body, Music",262921
5_Smugjak/806,Smugjak,"Serbian Soldier, Smugjak, Serbia, Serbian Armed Forces",157192
5_Smugjak/807,Smugjak,"Serbian Traditional Fez Wojak, Smugjak, Europe, Balkan, Serbia",52312
5_Smugjak/808,Smugjak,"Serbian Traditional Wojak, Smugjak, Europe, Balkan, Serbia",57008
5_Smugjak/809,Smugjak,"Shikikan (Girls Frontline), Smugjak, Anime",81934
5_Smugjak/810,Smugjak,"Shovel American GI, Smugjak, United States, 1939-1945, United States Army",120119
5_Smugjak/811,Smugjak,"Siegfreid Muller, Smugjak, Germany, Militia Forces, 1970-1980, Congo",18879
5_Smugjak/812,Smugjak,"Sir Paracas, Smugjak, Peru, Autochthonous, South America",1842088
5_Smugjak/813,Smugjak,"Skaut, Smugjak, Poland, Europe",167730
5_Smugjak/814,Smugjak,"Sly, Smugjak, Video Game, Hollow Knight",96912
5_Smugjak/815,Smugjak,"Smug Adolf Hitler, Smugjak, The Third Reich, National-Socialism, 1939-1945, Despot",286759
5_Smugjak/816,Smugjak,"Smug Agustín de Iturbide, Smugjak, Mexico, Imperial, 1821-1914",318938
5_Smugjak/817,Smugjak,"Smug American WWI Soldier, Smugjak, United States Army, 1914-1918, United States",149976
5_Smugjak/818,Smugjak,"Smug Aristocrat, Smugjak, Nobility and Bourgeoisie, 1821-1914",58316
5_Smugjak/819,Smugjak,"Smug Authleft, Smugjak, Authoritarian Left (Political Compass), Political Compass",66191
5_Smugjak/820,Smugjak,"Smug AuthRight, Smugjak, Authoritarian Right (Political Compass), Political Compass, National-Socialism",67712
5_Smugjak/821,Smugjak,"Smug Avatar, Smugjak, Cartoon, The Last Airbender",126514
5_Smugjak/822,Smugjak,"Smug Ayiop, Smugjak, Lybia, 2020-2030, Civilian (Teenager), Authoritarian Left",231240
5_Smugjak/823,Smugjak,"Smug Black Businessman, Smugjak, Liberal Right, Corporation",42595
5_Smugjak/824,Smugjak,"Smug Bosniak ww1, Smugjak, Bosnia and Herzegovina, Armed Forces of Bosnia and Herzegovina, 1914-1918",27251
5_Smugjak/825,Smugjak,"Smug Businessman, Smugjak, Corporation",80253
5_Smugjak/826,Smugjak,"Smug Chasseur Alpin, Smugjak, 1914-1918, France, Armée Française",723766
5_Smugjak/827,Smugjak,"Smug China, Smugjak, China, Asia",38735
5_Smugjak/828,Smugjak,"Smug Civilian, Smugjak, Civilian (Adult)",214192
5_Smugjak/829,Smugjak,"Smug Communist, Smugjak, Liberal Left, Authoritarian Left, Political Compass, Revolution",145182
5_Smugjak/830,Smugjak,"Smug Coomer, Smugjak, Template",83893
5_Smugjak/831,Smugjak,"Smug Demon, Smugjak, Demon",195761
5_Smugjak/832,Smugjak,"Smug Denji, Smugjak, Anime, Chainsaw Man",139889
5_Smugjak/833,Smugjak,"Smug East German Officer, Smugjak, Bundeswehr, 1960-1970, Germany",149926
5_Smugjak/834,Smugjak,"Smug Fed, Smugjak, Rescue Services",45683
5_Smugjak/835,Smugjak,"Smug Fidel Castro , Smugjak, Authoritarian Left, 1950-1960, Revolution, Cuba, General Secretary",369774
5_Smugjak/836,Smugjak,"Smug Gamer, Smugjak, Video Game, Brands",53710
5_Smugjak/837,Smugjak,"Smug German Trained Divisions Wojak, Smugjak, Taiwan, The Third Reich, 1939-1945, Deutsches Heer",54510
5_Smugjak/838,Smugjak,"Smuggler, Smugjak, The Ever-Expanding Bunker",438888
5_Smugjak/839,Smugjak,"Smuggler, Smugjak, The Ever-Expanding Bunker",397011
5_Smugjak/840,Smugjak,"Smug Huey Long, Smugjak, United States, Authoritarian Left, 1918-1939, Political Figure",94667
5_Smugjak/841,Smugjak,"Smug Imperator, Smugjak, -3000-476, Roman Empire, Imperial",429914
5_Smugjak/842,Smugjak,"Smug Imperator, Smugjak, -3000-476, Group, Roman Empire, Imperial",339044
5_Smugjak/843,Smugjak,"Smug Imperator, Smugjak, -3000-476, Group, Roman Empire, Imperial",339044
5_Smugjak/844,Smugjak,"Smug Iron Man , Smugjak, Marvel, Comics",37666
5_Smugjak/845,Smugjak,"Smugjak Anton Denikin, Smugjak, Imperial Russian Army, 1914-1918, Russia",133894
5_Smugjak/846,Smugjak,"Smugjak Masked, Smugjak, Masked",133733
5_Smugjak/847,Smugjak,"Smug Jewjack, Smugjak, Judaism, Israel",80296
5_Smugjak/848,Smugjak,"Smug Jordanian, Smugjak, Middle East, Jordan",1203754
5_Smugjak/849,Smugjak,"Smug Josip Broz Tito , Smugjak, Yugoslavia, 1950-1960, Authoritarian Left, President",379088
5_Smugjak/850,Smugjak,"Smug Josip Broz Tito (with glasses), Smugjak, Yugoslavia, 1950-1960, Authoritarian Left, President",388365
5_Smugjak/851,Smugjak,"Smug Lenin Wojak, Smugjak, Philosophy, 1914-1918, Soviet Union",35091
5_Smugjak/852,Smugjak,"Smug Lionel Messi, Smugjak, Sport, Argentina",279989
5_Smugjak/853,Smugjak,"Smug Martin Luther, Smugjak, Christianism, Protestantism, Germany, 1492-1789",9889
5_Smugjak/854,Smugjak,"Smug Masked Crying, Smugjak, Masked",172482
5_Smugjak/855,Smugjak,"Smug Mateo de Toro Zambrano, Smugjak, Chile, Political Figure, 1789-1821",340132
5_Smugjak/856,Smugjak,"Smug McWorker, Smugjak, Brands, Food and Drink, Employee",127703
5_Smugjak/857,Smugjak,"Smug Medes , Smugjak, -3000-476, Iraq, Kurdistan, Middle East",151260
5_Smugjak/858,Smugjak,"Smug Michel Foucault, Smugjak, 1970-1980, France, Philosophy",362649
5_Smugjak/859,Smugjak,"Smug Moustache Man, Smugjak, Civilian (Adult)",29361
5_Smugjak/860,Smugjak,"Smug Mr House, Smugjak, Post Apocalyptic, Fallout : New Vegas",78115
5_Smugjak/861,Smugjak,"Smug Noble, Smugjak, 1492-1789, Nobility and Bourgeoisie",95019
5_Smugjak/862,Smugjak,"Smug Noble, Smugjak, 1492-1789, Nobility and Bourgeoisie",124850
5_Smugjak/863,Smugjak,"Smug Ontario, Smugjak, Canada, Map, Authoritarian Left (Political Compass), North America, Political Compass",21234
5_Smugjak/864,Smugjak,"Smug Papyrus , Smugjak, Video Game, Undertale",179742
5_Smugjak/865,Smugjak,"Smug Patrick Bateman, Smugjak, American Psycho",78010
5_Smugjak/866,Smugjak,"Smug Patrick Bateman, Smugjak, American Psycho, Movie and TV Show",45034
5_Smugjak/867,Smugjak,"Smug Pedro II - Peter II of Brazil, Smugjak, Brazil, 1821-1914, Imperial",72474
5_Smugjak/868,Smugjak,"Smug Peruvian Grenadier, Smugjak, Peru, Peruvian Armed Forces, 1821-1914",61879
5_Smugjak/869,Smugjak,"Smug Peter the Great, Smugjak, Russia, Imperial, 1492-1789",194627
5_Smugjak/870,Smugjak,"Smug Pharaoh Ancient Egypt, Smugjak, Ancient Egypt, -3000-476, Monarch",226878
5_Smugjak/871,Smugjak,"Smug Polish Partisan, Smugjak, Poland, Polish Armed Forces, 1939-1945",19214
5_Smugjak/872,Smugjak,"Smug Prince Charles, Smugjak, United Kingdom, 2010-2020, Monarch",247901
5_Smugjak/873,Smugjak,"Smug Prussian, Smugjak, Prussia, Royal Prussian Army, 1821-1914",59259
5_Smugjak/874,Smugjak,"Smug Robotic Human, Smugjak, The Ever-Expanding Bunker, Robot",86966
5_Smugjak/875,Smugjak,"Smug Russian Soldier, Smugjak, Russia, Russian Armed Forces, 2020-2030",96451
5_Smugjak/876,Smugjak,"Smug Rutherford B. Hayes, Smugjak, President, United States, 1821-1914",177351
5_Smugjak/877,Smugjak,"Smug Scientific, Smugjak, Science, Medical",83950
5_Smugjak/878,Smugjak,"Smug Soviet Soldier, Smugjak, Revolution, Soviet Union, 1939-1945",7143
5_Smugjak/879,Smugjak,"Smug Soyjak, Smugjak, Civilian (Adult)",104618
5_Smugjak/880,Smugjak,"Smug Special Ops Wehrmacht, Smugjak, 1939-1945, Deutsches Heer, The Third Reich",445608
5_Smugjak/881,Smugjak,"Smug Swain, Smugjak, Video Game, League of Legends",80593
5_Smugjak/882,Smugjak,"Smug Totenkopfverbände Officer, Smugjak, 1939-1945, The Third Reich, Schutzstaffel",38967
5_Smugjak/883,Smugjak,"Smug TransHumanist, Smugjak, Futuristic, Cyberpunk 2077",109358
5_Smugjak/884,Smugjak,"Smug Tuxedo, Smugjak, Nobility and Bourgeoisie, Liberal Right (Political Compass)",216160
5_Smugjak/885,Smugjak,"Smug Tuxedo, Smugjak, Nobility and Bourgeoisie",108616
5_Smugjak/886,Smugjak,"Smug Tuxedo, Smugjak, Nobility and Bourgeoisie",301084
5_Smugjak/887,Smugjak,"Smug Tuxedo, Smugjak, Nobility and Bourgeoisie",301084
5_Smugjak/888,Smugjak,"Smug Vacancer, Smugjak, Tourism",82191
5_Smugjak/889,Smugjak,"Smug Vacancer, Smugjak, Tourism",336209
5_Smugjak/890,Smugjak,"Smug Vacancer, Smugjak, Tourism",325731
5_Smugjak/891,Smugjak,"Smug Vacancer, Smugjak, Tourism",325731
5_Smugjak/892,Smugjak,"Smug Vladimir Lenin, Smugjak, Authoritarian Left, 1914-1918, Philosophy, General Secretary",151641
5_Smugjak/893,Smugjak,"Smug Vulpes Inculta, Smugjak, Post Apocalyptic, Fallout : New Vegas, The Legion",241549
5_Smugjak/894,Smugjak,"Smug Wang Mang, Smugjak, -3000-476, Imperial, China",119086
5_Smugjak/895,Smugjak,"Smug Wehrmacht Wojak, Smugjak, 1939-1945, Deutsches Heer, The Third Reich",30187
5_Smugjak/896,Smugjak,"Smug Wojak, Smugjak, Template",6033
5_Smugjak/897,Smugjak,"Smug Yugoslav Partisan , Smugjak, Yugoslavia, Yugoslav People's Army, 1939-1945",321599
5_Smugjak/898,Smugjak,"Snif Top Hat, Smugjak, Nobility and Bourgeoisie",194001
5_Smugjak/899,Smugjak,"Sophisticated Wojak, Smugjak, Nobility and Bourgeoisie",89128
5_Smugjak/900,Smugjak,"Soviet Soldier, Smugjak, 1939-1945, Soviet Union, Red Army",188050
5_Smugjak/901,Smugjak,"Space Commander, Smugjak, Movie and TV Show, Futuristic, Space",117770
5_Smugjak/902,Smugjak,"Space Commander, Smugjak, Movie and TV Show, Futuristic, Space",124160
5_Smugjak/903,Smugjak,"Space Commander LGBT, Smugjak, Movie and TV Show, Futuristic, Space, LGBT+",136107
5_Smugjak/904,Smugjak,"Space Commander, Smugjak, Movie and TV Show, Futuristic, Space",124160
5_Smugjak/905,Smugjak,"Spamton Cope, Smugjak, Video Game, Undertale, Masked",82428
5_Smugjak/906,Smugjak,"Spanish Empire and Viceroyalty of Peru: are you winning son?, Smugjak, Peru, Spain, 1492-1789, Colonial, Group",306183
5_Smugjak/907,Smugjak,"Spanish Falangist From Civil War, Smugjak, Nationalist Side (Spanish Civil War), 1918-1939, Spain, Spanish Civil War, Authoritarian Right",732352
5_Smugjak/908,Smugjak,"Spanish Inquisition, Smugjak, Spain, Christianism, 1492-1789",80607
5_Smugjak/909,Smugjak,"Star Trek Spaceship Wojak, Smugjak, Space, Star Trek",116510
5_Smugjak/910,Smugjak,"Steampunk , Smugjak, Steampunk",604617
5_Smugjak/911,Smugjak,"StereoStrings, Smugjak, Militia Forces",61543
5_Smugjak/912,Smugjak,"Suitman, Smugjak, Nobility and Bourgeoisie",400017
5_Smugjak/913,Smugjak,"Sun Liren, Smugjak, Taiwan, Other Army (Asia), 1960-1970",27762
5_Smugjak/914,Smugjak,"Tarzan, Smugjak, Movie and TV Show, Disney",139939
5_Smugjak/915,Smugjak,"Taskmaster, Smugjak, Comics, Marvel",21007
5_Smugjak/916,Smugjak,"Tecktonik Dancer, Smugjak, France, Music",868194
5_Smugjak/917,Smugjak,"The Auto-Craft, Smugjak, Fantasy, Futuristic",142058
5_Smugjak/918,Smugjak,"The Banker, Smugjak, The Ever-Expanding Bunker",151052
5_Smugjak/919,Smugjak,"The Beyonder, Smugjak, Comics, Marvel",141839
5_Smugjak/920,Smugjak,"The Coalition Leader, Smugjak, The Ever-Expanding Bunker",294543
5_Smugjak/921,Smugjak,"The Coalition Leader, Smugjak, The Ever-Expanding Bunker",681718
5_Smugjak/922,Smugjak,"The Commisar, Smugjak, The Ever-Expanding Bunker",217180
5_Smugjak/923,Smugjak,"The Commissary, Smugjak, Fantasy",554239
5_Smugjak/924,Smugjak,"The Corpo, Smugjak, Futuristic, Space, Cyberpunk 2077",948283
5_Smugjak/925,Smugjak,"The Corporate, Smugjak, Corporation",311598
5_Smugjak/926,Smugjak,"The Councilor, Smugjak, Futuristic, Space",1048971
5_Smugjak/927,Smugjak,"The Cult Leader, Smugjak, Criminal",381835
5_Smugjak/928,Smugjak,"The Enhanced, Smugjak, Monster",232676
5_Smugjak/929,Smugjak,"The Faker - Level 89, Smugjak, The Ever-Expanding Bunker",481406
5_Smugjak/930,Smugjak,"The Free Marketer, Smugjak, Cyberpunk 2077, Futuristic, Space",517111
5_Smugjak/931,Smugjak,"The Gay Space Commander, Smugjak, Futuristic, LGBT+, Space",408955
5_Smugjak/932,Smugjak,"The Holiday Enjoyer, Smugjak, The Ever-Expanding Bunker, Festivity",163726
5_Smugjak/933,Smugjak,"The Interstellar Drug Cartel, Smugjak, Futuristic, Space, Criminal",505613
5_Smugjak/934,Smugjak,"The Interstellar Red Cross, Smugjak, Futuristic, Space, Medical",448251
5_Smugjak/935,Smugjak,"The Lead Soldier Engineer Futurist, Smugjak, Futuristic, Space, Robot",276223
5_Smugjak/936,Smugjak,"The Police, Smugjak, Post Apocalyptic, Rescue Services",832299
5_Smugjak/937,Smugjak,"The Private Space Trader, Smugjak, Futuristic, Space",677256
5_Smugjak/938,Smugjak,"The Robot Smug, Smugjak, Futuristic, Robot",21720
5_Smugjak/939,Smugjak,"The Signposter, Smugjak, Worker, The Ever-Expanding Bunker, Worker Team (The Ever-Expanding Bunker)",120641
5_Smugjak/940,Smugjak,"The Smug Computerist, Smugjak, The Ever-Expanding Bunker",268051
5_Smugjak/941,Smugjak,"The Twicher, Smugjak, Monster, Injured and Dead",347335
5_Smugjak/942,Smugjak,"The Windows 12, Smugjak, Futuristic, Robot",132716
5_Smugjak/943,Smugjak,"Thomas Wolsey, Smugjak, 476-1492, United Kingdom, Religious Authority, Protestantism",24160
5_Smugjak/944,Smugjak,"Titoist, Smugjak, Yugoslavia, Authoritarian Left (Political Compass), 1970-1980, Political Compass",513857
5_Smugjak/945,Smugjak,"Tommy Vercetti, Smugjak, Criminal, Grand Theft Auto, Video Game",475132
5_Smugjak/946,Smugjak,"Tony Blair, Smugjak, United Kingdom, 2000-2010, Prime Minister",91604
5_Smugjak/947,Smugjak,"Tribal Smug Wojak, Smugjak, Autochthonous",140534
5_Smugjak/948,Smugjak,"Tunisian Soldier, Smugjak, Tunisia, Other Army (Africa)",94540
5_Smugjak/949,Smugjak,"Turkish Wojak Wine, Smugjak, Turkish Armed Forces, Turkey",249228
5_Smugjak/950,Smugjak,"UCK soldier, Smugjak, Albania",156301
5_Smugjak/951,Smugjak,"Ustasha Officer, Smugjak, Croatia, 1939-1945, Other Army (Europe)",195475
5_Smugjak/952,Smugjak,"Ustaški Časnik, Smugjak, Croatia, 1939-1945, Croatian Armed Forces",95368
5_Smugjak/953,Smugjak,"Vault 21 Dweller , Smugjak, Post Apocalyptic, Fallout : New Vegas",157431
5_Smugjak/954,Smugjak,"Vicente Lopez y Planes, Smugjak, Argentina, 1821-1914",306621
5_Smugjak/955,Smugjak,"Volfas Kaganas of  the1st Infantry Regiment of the Lithuanian Grand Duke Gediminas, Smugjak, Lithuania, Other Army (Europe), 1939-1945",85280
5_Smugjak/956,Smugjak,"Wehrmacht Officer, Smugjak, 1939-1945, The Third Reich, Deutsches Heer",26423
5_Smugjak/957,Smugjak,"Wendell Willkie, Smugjak, United States, Authoritarian Right, 1939-1945, Political Figure",288264
5_Smugjak/958,Smugjak,"West Mexican Confederate Major Doomer Wojak, Smugjak, Other Army (South And Central America), Mexico, 1939-1945",133260
5_Smugjak/959,Smugjak,"William Mckinley, Smugjak, 1821-1914, United States",112377
5_Smugjak/960,Smugjak,"Wine Mommy Smug, Smugjak, Food and Drink",29334
5_Smugjak/961,Smugjak,"Wojak Couple, Smugjak, Group, Family",31903
5_Smugjak/962,Smugjak,"Wojak With Suit HD, Smugjak, Corporation",166600
5_Smugjak/963,Smugjak,"WWII Portuguese , Smugjak, Portugal, Other Army (Europe), 1939-1945",572818
5_Smugjak/964,Smugjak,"X-Wing Pilot, Smugjak, Star Wars, Space, Masked",101692
5_Smugjak/965,Smugjak,"Yellow Diamond, Smugjak, Cartoon, Steven Universe, Masked",124637
5_Smugjak/966,Smugjak,"Yevhen Konovalets, Smugjak, Ukraine, The Third Reich, 1939-1945",49498
5_Smugjak/967,Smugjak,"Yoshikage Kira and Diavolo and Smug Dio Brando Laughing at Crying Cars, Smugjak, Anime, JoJo's Bizarre Adventure, Group",352673
5_Smugjak/968,Smugjak,"Young Leon Trotsky Smug, Smugjak, 1918-1939, Soviet Union, Philosophy",128653
5_Smugjak/969,Smugjak,"Young Muammar Gaddafi, Smugjak, 1970-1980, Authoritarian Left, Lybia, Despot",17305
5_Smugjak/970,Smugjak,"Yu Narukami, Smugjak, Video Game, Personna",22792
5_Smugjak/971,Smugjak,"YurlMakarov, Smugjak, Video Game",117311
5_Smugjak/972,Smugjak,"ZAKouroboros, Smugjak, Internet",199616
5_Smugjak/973,Smugjak,"Zoot Smugjak, Smugjak, 1939-1945, Music, United States, Full Body",913845
5_Soyjak/2487,Soyjak,"Abdul Razzaq Bakush , Soyjak, Lybia, Meme, Internet",212991
5_Soyjak/2488,Soyjak,"Afro American Soyjak, Soyjak, United States",311878
5_Soyjak/2489,Soyjak,"Ahegao Japanese Soyjak, Soyjak, Japan, NSFW",31075
5_Soyjak/2490,Soyjak,"Albert Einstein, Soyjak, Judaism, Science, Switzerland",267584
5_Soyjak/2491,Soyjak,"Alexander The Great, Soyjak, Macedonia, Imperial, -3000-476",103197
5_Soyjak/2492,Soyjak,"Alex DeLarge, Soyjak, Movie and TV Show, A Clockwork Orange, United Kingdom, Criminal",520418
5_Soyjak/2493,Soyjak,"American Soyjak Big Smile, Soyjak, United States, North America",80424
5_Soyjak/2494,Soyjak,"Anakin Skywalker, Soyjak, Star Wars, Movie and TV Show, Futuristic",356476
5_Soyjak/2495,Soyjak,"ancient tunisian (carthaginian), Soyjak, Tunisia, -3000-476",101398
5_Soyjak/2496,Soyjak,"Angry Anime Soyjak, Soyjak, Anime",66626
5_Soyjak/2497,Soyjak,"Angry Fake RoboJak, Soyjak, Robot",5142
5_Soyjak/2498,Soyjak,"Angry Feminist, Soyjak, Liberal Left, 2010-2020",14160
5_Soyjak/2499,Soyjak,"Angry Protester, Soyjak, Civilian (Adult)",59378
5_Soyjak/2500,Soyjak,"Angry SJW, Soyjak, Liberal Left (Political Compass), Political Compass",113015
5_Soyjak/2501,Soyjak,"Angry Soy Boomer, Soyjak, Template",42820
5_Soyjak/2502,Soyjak,"Angry Soyjak, Soyjak, Template",54865
5_Soyjak/2503,Soyjak,"Angry Soyjak, Soyjak, Template",10558
5_Soyjak/2504,Soyjak,"Angry Soyjak, Soyjak, Template",10558
5_Soyjak/2505,Soyjak,"Angry Soy Teen, Soyjak, Civilian (Teenager)",9060
5_Soyjak/2506,Soyjak,"Anti-Nintendo Soyjak, Soyjak, Nintendo, Pirate",105368
5_Soyjak/2507,Soyjak,"Ash [Rainbox Six Siege], Soyjak, Video Game, Tom Clancy's Rainbow Six: Siege, Rescue Services, Israel",148685
5_Soyjak/2508,Soyjak,"Augusto Pinochet, Soyjak, Chile, Authoritarian Right, Despot, 1970-1980",235842
5_Soyjak/2509,Soyjak,"Authleft Soyjak, Soyjak, Authoritarian Left",49531
5_Soyjak/2510,Soyjak,"Authright Soyjak, Soyjak, Political Compass, Authoritarian Right (Political Compass)",63590
5_Soyjak/2511,Soyjak,"Autoritarian, Soyjak, Political Compass, Authoritarian Left (Political Compass), Authoritarian Right (Political Compass)",496531
5_Soyjak/2512,Soyjak,"Autoritarian, Soyjak, Political Compass, Authoritarian Left (Political Compass), Authoritarian Right (Political Compass)",496531
5_Soyjak/2513,Soyjak,"Bahraini Soyjak, Soyjak, Middle East, Bahrain",252795
5_Soyjak/2514,Soyjak,"Bald Smooth Wide Soyjak, Soyjak, Template",49655
5_Soyjak/2515,Soyjak,"Belgium Soyjak, Soyjak, Sport, Belgium",35988
5_Soyjak/2516,Soyjak,"Ben 10, Soyjak, Cartoon, Ben 10",10394
5_Soyjak/2517,Soyjak,"Blond Soyjak, Soyjak, Civilian (Adult)",411977
5_Soyjak/2518,Soyjak,"Blue Beetle (Ted Kord), Soyjak, Comics, DC",246547
5_Soyjak/2519,Soyjak,"Bondunnists, Soyjak, Fantasy",10954
5_Soyjak/2520,Soyjak,"Brazilian Soyjak, Soyjak, South America, Brazil",58782
5_Soyjak/2521,Soyjak,"Buff Giga Chad Soyjak, Soyjak, Internet",49009
5_Soyjak/2522,Soyjak,"Buff Soyjak, Soyjak, Civilian (Adult)",7342
5_Soyjak/2523,Soyjak,"Buff Soyjak, Soyjak, Civilian (Adult)",6195
5_Soyjak/2524,Soyjak,"Buff Soyjak, Soyjak, Sport",48928
5_Soyjak/2525,Soyjak,"Buff Soyjak, Soyjak, Sport",48928
5_Soyjak/2526,Soyjak,"Carlos Fischer, Soyjak, Uruguay, 1950-1960, Liberal Right, President",66903
5_Soyjak/2527,Soyjak,"CIA Soyjak, Soyjak, 1950-1960, Rescue Services, United States",178019
5_Soyjak/2528,Soyjak,"Cimo, Soyjak, Video Game, Touhou Project",15834
5_Soyjak/2529,Soyjak,"Cirno, Soyjak, Video Game, Touhou Project",330233
5_Soyjak/2530,Soyjak,"CNR, Soyjak, Armenia, Terrorism",118520
5_Soyjak/2531,Soyjak,"Communication Guy, Soyjak, The Ever-Expanding Bunker, Employee",232170
5_Soyjak/2532,Soyjak,"Conquistador, Soyjak, Spain, South America, Colonial, 1492-1789",244813
5_Soyjak/2533,Soyjak,"Conquistador, Soyjak, Spain, South America, Colonial, 1492-1789",245541
5_Soyjak/2534,Soyjak,"Conquistador Rage, Soyjak, Spain, South America, Colonial, 1492-1789",260583
5_Soyjak/2535,Soyjak,"Conquistador Smug, Soyjak, Spain, South America, Colonial, 1492-1789",253103
5_Soyjak/2536,Soyjak,"Crazy Clown Soyjak, Soyjak, Circus",96750
5_Soyjak/2537,Soyjak,"Crazy Soyjak, Soyjak, Template",14781
5_Soyjak/2538,Soyjak,"Croatian Soldier, Soyjak, Croatia, 1939-1945, The Third Reich",74156
5_Soyjak/2539,Soyjak,"Crusader, Soyjak, 476-1492, Knight, Full Body",188853
5_Soyjak/2540,Soyjak,"Crusader, Soyjak, 476-1492, Knight, Full Body",182377
5_Soyjak/2541,Soyjak,"Crusader, Soyjak, 476-1492, Knight",113753
5_Soyjak/2542,Soyjak,"Crying Chinese, Soyjak, Asia, China",43504
5_Soyjak/2543,Soyjak,"Crying Cyborg, Soyjak, Video Game, Robot",89292
5_Soyjak/2544,Soyjak,"Crying Ender Dragon, Soyjak, Video Game, Minecraft",142841
5_Soyjak/2545,Soyjak,"Crying Janny, Soyjak, Internet, Social Media",424714
5_Soyjak/2546,Soyjak,"Crying Japanese Soyjak, Soyjak, Japan, Imperial Japanese Army, 1939-1945",91400
5_Soyjak/2547,Soyjak,"Crying Luigi, Soyjak, Nintendo, Video Game, Super Mario",53681
5_Soyjak/2548,Soyjak,"Crying Muslim Soyjak, Soyjak, Middle East, Islam",267381
5_Soyjak/2549,Soyjak,"Crying Muslim Soyjak, Soyjak, Middle East, Islam",440785
5_Soyjak/2550,Soyjak,"Crying Muslim Soyjak, Soyjak, Middle East, Islam",440785
5_Soyjak/2551,Soyjak,"Crying Obi Wan Kenobi, Soyjak, Movie and TV Show, Futuristic, Star Wars, Space",315793
5_Soyjak/2552,Soyjak,"Crying Phoenician, Soyjak, -3000-476, Middle East, Syria, Lebanon",40412
5_Soyjak/2553,Soyjak,"Crying Sad Soyjak, Soyjak, Template",129925
5_Soyjak/2554,Soyjak,"Crying Schutzstaffel Officer, Soyjak, The Third Reich, 1939-1945, Schutzstaffel, National-Socialism",234460
5_Soyjak/2555,Soyjak,"Crying Shirt and Suit Soyjak, Soyjak, Civilian (Adult)",72826
5_Soyjak/2556,Soyjak,"Crying Soldier, Soyjak, Video Game, Team Fortress 2",69896
5_Soyjak/2557,Soyjak,"Crying Soviet Soldier, Soyjak, 1939-1945, Soviet Union, Red Army, Red Army",66875
5_Soyjak/2558,Soyjak,"Crying Soviet Soldier, Soyjak, 1939-1945, Soviet Union, Red Army, Red Army",66875
5_Soyjak/2559,Soyjak,"Crying Soy American, Soyjak, United States, North America",269165
5_Soyjak/2560,Soyjak,"Crying Soy Imperator, Soyjak, -3000-476, Roman Empire, Imperial",131736
5_Soyjak/2561,Soyjak,"Crying Soyjak Openning A Door, Soyjak, Civilian (Adult)",47626
5_Soyjak/2562,Soyjak,"Crying Soyjak, Soyjak, Template",174805
5_Soyjak/2563,Soyjak,"Crying Soy Pirate, Soyjak, Pirate, 1492-1789, Ocean",222096
5_Soyjak/2564,Soyjak,"Crying Soy Salvador Allende, Soyjak, Chile, 1970-1980, Authoritarian Left, President",353763
5_Soyjak/2565,Soyjak,"Crying Soy Teen, Soyjak, Civilian (Teenager)",128181
5_Soyjak/2566,Soyjak,"Crying Trainer, Soyjak, Video Game, Nintendo, Pokemon",231674
5_Soyjak/2567,Soyjak,"Crying Trainer, Soyjak, Video Game, Nintendo, Pokemon",231674
5_Soyjak/2568,Soyjak,"Crying Vladimir Putin, Soyjak, Russia, Authoritarian Right, President, 2020-2030",47557
5_Soyjak/2569,Soyjak,"Crying Wehrmacht Soyjak, Soyjak, 1939-1945, Deutsches Heer, The Third Reich",52618
5_Soyjak/2570,Soyjak,"Crying Wehrmacht Soyjak, Soyjak, 1939-1945, Deutsches Heer, The Third Reich",128541
5_Soyjak/2571,Soyjak,"Crying Wehrmacht Soyjak, Soyjak, 1939-1945, Deutsches Heer, The Third Reich",128541
5_Soyjak/2572,Soyjak,"Crying Women, Soyjak, Civilian (Adult)",160386
5_Soyjak/2573,Soyjak,"Crying Zuko, Soyjak, Cartoon, The Last Airbender",49130
5_Soyjak/2574,Soyjak,"Cursed Soy, Soyjak, Strange",25363
5_Soyjak/2575,Soyjak,"Dazzler, Soyjak, Germany, Marvel",38980
5_Soyjak/2576,Soyjak,"Demonic Crying Soyjak, Soyjak, Demon",131641
5_Soyjak/2577,Soyjak,"Dennis Rader, Soyjak, Criminal, United States, 2000-2010",227332
5_Soyjak/2578,Soyjak,"Despair Soyjak, Soyjak, Template",245493
5_Soyjak/2579,Soyjak,"Disapointed Wide Smoth Soyjak, Soyjak, Template",73685
5_Soyjak/2580,Soyjak,"Discord Soyjak, Soyjak, Internet, Brands, Social Media",168974
5_Soyjak/2581,Soyjak,"Disneyland Wide Mouth Soyjak, Soyjak, Disney, Brands",40314
5_Soyjak/2582,Soyjak,"Disney Soyjak, Soyjak, Disney",12911
5_Soyjak/2583,Soyjak,"Domino's Pizza Soyjak, Soyjak, Food and Drink, Brands",9608
5_Soyjak/2584,Soyjak,"Donald Trump, Soyjak, MAGA, Liberal Right, President, United States, 2010-2020",149363
5_Soyjak/2585,Soyjak,"Doubting Soyjak, Soyjak, Template",72786
5_Soyjak/2586,Soyjak,"DPR soyjak, Soyjak, Militia Forces, 2020-2030, Ukraine",124969
5_Soyjak/2587,Soyjak,"Duck (Don't hug me I'm scared), Soyjak, Music, Movie and TV Show, Don't hug me I'm scared",501786
5_Soyjak/2588,Soyjak,"Egyptian Pharaoh, Soyjak, Ancient Egypt, -3000-476, Monarch",200431
5_Soyjak/2589,Soyjak,"Egyptian Pharaoh with Pschent, Soyjak, Ancient Egypt, -3000-476, Monarch",40412
5_Soyjak/2590,Soyjak,"Elio Di Rupo, Soyjak, Belgium, Prime Minister, 2010-2020, Liberal Left",93038
5_Soyjak/2591,Soyjak,"Elite Force Soyjak, Soyjak, Militia Forces, Rescue Services",302530
5_Soyjak/2592,Soyjak,"Emo Soyjak, Soyjak, 2000-2010",12478
5_Soyjak/2593,Soyjak,"Engineer Soyjak, Soyjak, Video Game, Team Fortress 2, Worker",511263
5_Soyjak/2594,Soyjak,"Ernesto Che Guevara, Soyjak, Revolution, Cuba, 1960-1970, Authoritarian Left",179954
5_Soyjak/2595,Soyjak,"Escaping Greek Soyjak, Soyjak, Greece, -3000-476, Mythology",538097
5_Soyjak/2596,Soyjak,"European Union Glasses, Soyjak, European Union, Europe",339232
5_Soyjak/2597,Soyjak,"Fate UBW Archer Wojak, Soyjak, Anime, Fate",55221
5_Soyjak/2598,Soyjak,"Fat Soyjak Schutzstaffel, Soyjak, Schutzstaffel, National-Socialism, 1939-1945, The Third Reich",37130
5_Soyjak/2599,Soyjak,"Female Soyjak, Soyjak, Civilian (Adult)",695015
5_Soyjak/2600,Soyjak,"FemAnon, Soyjak, Civilian (Teenager)",246899
5_Soyjak/2601,Soyjak,"FemAnon, Soyjak, Civilian (Teenager)",246899
5_Soyjak/2602,Soyjak,"Feminist Kurdish, Soyjak, Liberal Left, Kurdistan, Middle East",898660
5_Soyjak/2603,Soyjak,"Fishjak, Soyjak, Ocean",107273
5_Soyjak/2604,Soyjak,"Flag Antifa, Soyjak, Liberal Left, Flag",138376
5_Soyjak/2605,Soyjak,"French Soyjak, Soyjak, Europe, France",275735
5_Soyjak/2606,Soyjak,"French Soyjak, Soyjak, France, 2000-2010, Europe",94363
5_Soyjak/2607,Soyjak,"Fundamentalist Muslim, Soyjak, Islam, Terrorism",354017
5_Soyjak/2608,Soyjak,"Furry LGBT Soyjak, Soyjak, LGBT+, Liberal Left, Nekomimi",1234303
5_Soyjak/2609,Soyjak,"Gamer Soy Smooth Chad, Soyjak, Video Game, Internet",305557
5_Soyjak/2610,Soyjak,"German Officer, Soyjak, Royal Prussian Army, 1918-1939, Germany",17189
5_Soyjak/2611,Soyjak,"German Officer, Soyjak, Royal Prussian Army, 1918-1939, Germany",17189
5_Soyjak/2612,Soyjak,"German SS Soyjak, Soyjak, 1939-1945, The Third Reich, National-Socialism",1236676
5_Soyjak/2613,Soyjak,"Greek Soyjak, Soyjak, Greece, -3000-476, Philosophy",79729
5_Soyjak/2614,Soyjak,"Happy Weeb Soyjak, Soyjak, Japan, Anime",119868
5_Soyjak/2615,Soyjak,"HaRambam, Soyjak, Judaism, Philosophy",417352
5_Soyjak/2616,Soyjak,"HcRinge Head, Soyjak, The Ever-Expanding Bunker, Robot",93518
5_Soyjak/2617,Soyjak,"Head Surgeon Head, Soyjak, The Ever-Expanding Bunker, Robot",98769
5_Soyjak/2618,Soyjak,"Heavy Soyjak, Soyjak, Video Game, Team Fortress 2",180057
5_Soyjak/2619,Soyjak,"Hipster , Soyjak, 2000-2010, Civilian (Adult)",927129
5_Soyjak/2620,Soyjak,"Holy Roman Emperor, Soyjak, Germany, 476-1492, Imperial",87407
5_Soyjak/2621,Soyjak,"Indian Soyjak, Soyjak, India, Asia",18872
5_Soyjak/2622,Soyjak,"Infinite Tumor Wojak, Soyjak, Strange",215116
5_Soyjak/2623,Soyjak,"Infinite Tumor Wojak, Soyjak, Strange",185945
5_Soyjak/2624,Soyjak,"Infinite Tumor Wojak, Soyjak, Strange",185945
5_Soyjak/2625,Soyjak,"Injured Cyclop, Soyjak, Mythology, Injured and Dead, Monster",98335
5_Soyjak/2626,Soyjak,"Injured Soyjak, Soyjak, Injured and Dead",54868
5_Soyjak/2627,Soyjak,"Injured Soyjak, Soyjak, Injured and Dead",105289
5_Soyjak/2628,Soyjak,"Injured Soyjak, Soyjak, Injured and Dead",211122
5_Soyjak/2629,Soyjak,"Italian Soyjak, Soyjak, Italy, Europe",119721
5_Soyjak/2630,Soyjak,"Izuku Midoriya, Soyjak, Anime, My Hero Academia",72218
5_Soyjak/2631,Soyjak,"Japanese Soyjak, Soyjak, 1939-1945, Japan, Asia",9105
5_Soyjak/2632,Soyjak,"Jared Leto joker, Soyjak, Comics, DC",101471
5_Soyjak/2633,Soyjak,"Jay (Lego Ninjago), Soyjak, Cartoon, Toy",172426
5_Soyjak/2634,Soyjak,"Jean Loring , Soyjak, Comics, DC",267241
5_Soyjak/2635,Soyjak,"Jiyuna Soy GIF, Soyjak, Internet, Youtube, United States, GIF",32737
5_Soyjak/2636,Soyjak,"Joker, Soyjak, Comics, DC, Criminal",332171
5_Soyjak/2637,Soyjak,"Joker, Soyjak, Comics, DC, Criminal",73050
5_Soyjak/2638,Soyjak,"Jorgnar Brothers, Soyjak, Fantasy",111542
5_Soyjak/2639,Soyjak,"Joseph Goebbels, Soyjak, 1939-1945, The Third Reich",145174
5_Soyjak/2640,Soyjak,"Junko, Soyjak, Video Game, Touhou Project",10703
5_Soyjak/2641,Soyjak,"Kaiji (Tobaku Mokushiroku Kaiji), Soyjak, Anime",113615
5_Soyjak/2642,Soyjak,"Kang The Conqueror, Soyjak, Comics, Marvel",72399
5_Soyjak/2643,Soyjak,"Karen WAOW Soyjak, Soyjak, Civilian (Adult)",39182
5_Soyjak/2644,Soyjak,"Kimon Georgiev, Soyjak, Bulgaria, Authoritarian Left, 1939-1945, Political Figure",32367
5_Soyjak/2645,Soyjak,"King Juan III, Soyjak, Nationalist Side (Spanish Civil War), Spanish Civil War, 1918-1939, Spain, Monarch",325450
5_Soyjak/2646,Soyjak,"King Of The Hill Bill Dauterive Wojak, Soyjak, Cartoon, Texas",59948
5_Soyjak/2647,Soyjak,"Knuckles Soyjak, Soyjak, SEGA, Video Game, Sonic the Hedgehog",13707
5_Soyjak/2648,Soyjak,"Koishi Komeiji, Soyjak, Video Game, Touhou Project",9758
5_Soyjak/2649,Soyjak,"Kratos Soyjak, Soyjak, Video Game, Mythology, -3000-476, God Of War",159877
5_Soyjak/2650,Soyjak,"Kuwaiti Soyjak, Soyjak, Middle East, Kuwait",207470
5_Soyjak/2651,Soyjak,"KYM-Tan, Soyjak, Internet, Social Media",64364
5_Soyjak/2652,Soyjak,"Latuff, Soyjak, Palestine, United States, LGBT+",72026
5_Soyjak/2653,Soyjak,"Leeds United Football Club Soyjak, Soyjak, United Kingdom, Sport",112141
5_Soyjak/2654,Soyjak,"Leni Riefenstahl, Soyjak, Movie and TV Show, 1939-1945, Germany",41745
5_Soyjak/2655,Soyjak,"LGBT Persian, Soyjak, LGBT+, Iran, Liberal Left (Political Compass)",519617
5_Soyjak/2656,Soyjak,"Liberal Left Soyjak, Soyjak, LGBT+, Liberal Left",173264
5_Soyjak/2657,Soyjak,"Liberal Left Soy Teen, Soyjak, Liberal Left",474802
5_Soyjak/2658,Soyjak,"Libleft Soyjak, Soyjak, Political Compass, Liberal Left",41806
5_Soyjak/2659,Soyjak,"LibLeft Soyjak Group, Soyjak, Political Compass, Group, Liberal Left",172986
5_Soyjak/2660,Soyjak,"Libright Soyjak, Soyjak, Political Compass, Liberal Right (Political Compass)",51200
5_Soyjak/2661,Soyjak,"Link Soyjak, Soyjak, Video Game, The Legend of Zelda, Nintendo",277512
5_Soyjak/2662,Soyjak,"Litteraly Me Soyjak, Soyjak, Civilian (Adult)",49640
5_Soyjak/2663,Soyjak,"Lloyd (Lego Ninjago), Soyjak, Toy, Cartoon",106015
5_Soyjak/2664,Soyjak,"Lockstin (gnoggin), Soyjak, United States, Internet, Youtube, Pokemon",20781
5_Soyjak/2665,Soyjak,"Long Mouth Crying Soyjak, Soyjak, Template",244287
5_Soyjak/2666,Soyjak,"Luwian, Soyjak, -3000-476, Turkey",185253
5_Soyjak/2667,Soyjak,"Luxembourgish Officer, Soyjak, 1939-1945, Luxembourg, Other Army (Europe)",69500
5_Soyjak/2668,Soyjak,"Maga Soyjak, Soyjak, MAGA, Authoritarian Right, United States, 2010-2020",211730
5_Soyjak/2669,Soyjak,"Maga Soy Nazi, Soyjak, MAGA, United States, Authoritarian Right, National-Socialism, 2010-2020",151599
5_Soyjak/2670,Soyjak,"Marlton Johnson, Soyjak, Video Game, First-Person Shooter, Call Of Duty",254142
5_Soyjak/2671,Soyjak,"Medicalised Soyjak, Soyjak, Medical",348764
5_Soyjak/2672,Soyjak,"Medic Soyjak, Soyjak, Medical, Science",24060
5_Soyjak/2673,Soyjak,"Messy Soyjak, Soyjak, Civilian (Adult)",34617
5_Soyjak/2674,Soyjak,"Metal Fan Soyjak, Soyjak, Music",152438
5_Soyjak/2675,Soyjak,"MetalHead Soyjak, Soyjak, Music",194940
5_Soyjak/2676,Soyjak,"Michelle Bachellet in 2014, Soyjak, 2010-2020, Chile",36368
5_Soyjak/2677,Soyjak,"Mickey Mouse, Soyjak, Disney, Cartoon",105043
5_Soyjak/2678,Soyjak,"Miyamoto, Soyjak, Video Game, Nintendo, Brands",57093
5_Soyjak/2679,Soyjak,"Monkeyjak Soy Baboon, Soyjak, Africa",489867
5_Soyjak/2680,Soyjak,"Moon, Soyjak, Space",32767
5_Soyjak/2681,Soyjak,"Moon, Soyjak, Space",285804
5_Soyjak/2682,Soyjak,"Moon, Soyjak, Space",368403
5_Soyjak/2683,Soyjak,"Moonstone, Soyjak, Comics, Marvel",228873
5_Soyjak/2684,Soyjak,"Mouse Soyjak, Soyjak, Farm",14708
5_Soyjak/2685,Soyjak,"Mr Spock, Soyjak, Star Trek, Space",49283
5_Soyjak/2686,Soyjak,"Muslim Soyjak, Soyjak, Middle East, Islam",13221
5_Soyjak/2687,Soyjak,"Muslim Soyjak, Soyjak, Middle East, Islam",185637
5_Soyjak/2688,Soyjak,"Muslim Soyjak, Soyjak, Islam",10742
5_Soyjak/2689,Soyjak,"Muslim Soyjak, Soyjak, Middle East, Islam",185637
5_Soyjak/2690,Soyjak,"Nazbol Soyjak, Soyjak, Authoritarian Left (Political Compass), Authoritarian Right (Political Compass), Flag, Political Compass",108048
5_Soyjak/2691,Soyjak,"Neo Nazi Soyjak, Soyjak, National-Socialism, Authoritarian Right (Political Compass), Political Compass",63348
5_Soyjak/2692,Soyjak,"Neptune, Soyjak, Space",542759
5_Soyjak/2693,Soyjak,"Nerd Head, Soyjak, The Ever-Expanding Bunker, Robot",104652
5_Soyjak/2694,Soyjak,"Nestor Makhno, Soyjak, Ukraine, Anarchism, 1914-1918",15541
5_Soyjak/2695,Soyjak,"Newspaper Zombie, Soyjak, Video Game, Plants vs. Zombies",36238
5_Soyjak/2696,Soyjak,"Newspaper Zombie, Soyjak, Video Game, Plants vs. Zombies",39504
5_Soyjak/2697,Soyjak,"Newspaper Zombie, Soyjak, Video Game, Plants vs. Zombies",39504
5_Soyjak/2698,Soyjak,"Nintendo-Labo Soyjak, Soyjak, Video Game, Nintendo",311341
5_Soyjak/2699,Soyjak,"Nintendo Labo Soyjak, Soyjak, Nintendo, Video Game",145442
5_Soyjak/2700,Soyjak,"Nintend Soyjak, Soyjak, Brands, Nintendo",68754
5_Soyjak/2701,Soyjak,"NKVD Caporal, Soyjak, Red Army, Soviet Union, 1939-1945",199709
5_Soyjak/2702,Soyjak,"No Beard Long Mouth Soyjak, Soyjak, Civilian (Adult)",285676
5_Soyjak/2703,Soyjak,"Norvegian Soyjak, Soyjak, Scandinavia, Europe, Norway",52576
5_Soyjak/2704,Soyjak,"Not So Happy Weeb Soyjak, Soyjak, Japan, Anime",123253
5_Soyjak/2705,Soyjak,"Not So Happy Weeb Soyjak, Soyjak, Japan, Anime",118331
5_Soyjak/2706,Soyjak,"Not So Happy Weeb Soyjak, Soyjak, Japan, Anime",118331
5_Soyjak/2707,Soyjak,"Ottoman Soyjak, Soyjak, Ottoman Empire",40780
5_Soyjak/2708,Soyjak,"Pacific Settler, Soyjak, Pacific, Ocean, Autochthonous",333179
5_Soyjak/2709,Soyjak,"Pacific Settler, Soyjak, Pacific, Ocean, Autochthonous",333179
5_Soyjak/2710,Soyjak,"Palestinian Nationalist , Soyjak, Middle East, Palestine, Militia Forces",56445
5_Soyjak/2711,Soyjak,"Patchouli Knowledge, Soyjak, Video Game, Touhou Project",102797
5_Soyjak/2712,Soyjak,"Pensive Soyjak, Soyjak, Template",118582
5_Soyjak/2713,Soyjak,"Perry The Platypus, Soyjak, Cartoon, Phineas and Ferb",81980
5_Soyjak/2714,Soyjak,"Pikachu Soyjak, Soyjak, Video Game, Pokemon, Nintendo",29627
5_Soyjak/2715,Soyjak,"Pissed Arabist, Soyjak, Middle East, Saudi Arabia, Palestine, Egypt, Syria",22585
5_Soyjak/2716,Soyjak,"Pluto, Soyjak, Space",312775
5_Soyjak/2717,Soyjak,"Pointing Soyjak, Soyjak, Template",39428
5_Soyjak/2718,Soyjak,"Polish Hussard, Soyjak, 476-1492, Knight, Poland",672421
5_Soyjak/2719,Soyjak,"Pol Soyjak, Soyjak, United States, MAGA, Authoritarian Right, Internet, 2010-2020",580197
5_Soyjak/2720,Soyjak,"Power Armor Strange Guy, Soyjak, Video Game, Super Mario",366858
5_Soyjak/2721,Soyjak,"Professor Calculus, Soyjak, Tintin",70761
5_Soyjak/2722,Soyjak,"Protester, Soyjak, Civilian (Adult)",70636
5_Soyjak/2723,Soyjak,"Prussian Military Soyjak Group, Soyjak, Royal Prussian Army, 1821-1914, Prussia, Group, Injured and Dead",1139078
5_Soyjak/2724,Soyjak,"Prussian Military Soyjak, Soyjak, Royal Prussian Army, 1914-1918, Prussia",275111
5_Soyjak/2725,Soyjak,"Psycho Soyjak, Soyjak, Template",9110
5_Soyjak/2726,Soyjak,"Pumpkin Soyjak, Soyjak, Festivity, Farm",9279
5_Soyjak/2727,Soyjak,"Punching Nintendo Switch Soyjak, Soyjak, Civilian (Adult), Nintendo, Video Game",74653
5_Soyjak/2728,Soyjak,"Purple Pirate, Soyjak, Political Compass, Liberal Right (Political Compass), Pirate, Ocean",183936
5_Soyjak/2729,Soyjak,"QAnon, Soyjak, Internet, Authoritarian Right, 2010-2020",8522
5_Soyjak/2730,Soyjak,"Qizilbash, Soyjak, Iran, Knight, 476-1492",394860
5_Soyjak/2731,Soyjak,"Raged Roblox Kid, Soyjak, Internet, Video Game",64869
5_Soyjak/2732,Soyjak,"Red (Angry Birds), Soyjak, Video Game",62612
5_Soyjak/2733,Soyjak,"Reddit Soyjack Crying, Soyjak, Internet, Brands, Social Media",164292
5_Soyjak/2734,Soyjak,"Reddit Soyjak, Soyjak, Internet, Brands, Social Media",85726
5_Soyjak/2735,Soyjak,"Redneck Redhead, Soyjak, United States, Authoritarian Right",77933
5_Soyjak/2736,Soyjak,"Reimu Hakurei, Soyjak, Video Game, Touhou Project",208352
5_Soyjak/2737,Soyjak,"Reverend, Soyjak, Video Game, First-Person Shooter, Hunt: Showdown, Far West",64085
5_Soyjak/2738,Soyjak,"Rex, Soyjak, Comics, Invincible",9639
5_Soyjak/2739,Soyjak,"Riddler, Soyjak, Comics, DC",13296
5_Soyjak/2740,Soyjak,"Robot Soyjak, Soyjak, Robot",9931
5_Soyjak/2741,Soyjak,"Roboute Guilliman, Soyjak, Video Game, Warhammer, Futuristic",91032
5_Soyjak/2742,Soyjak,"Rohan Kishibe, Soyjak, Anime, JoJo's Bizarre Adventure",15446
5_Soyjak/2743,Soyjak,"Russian Soldier Soyjak, Soyjak, Russia, Russian Armed Forces",292844
5_Soyjak/2744,Soyjak,"Rusty Venture (Venture Bros), Soyjak, Cartoon",11938
5_Soyjak/2745,Soyjak,"Scream Malone, Soyjak, The Ever-Expanding Bunker, Interferencia (The Ever-Expanding Bunker)",312369
5_Soyjak/2746,Soyjak,"Sebastián Lerdo de Tejada, Soyjak, Mexico, 1821-1914, President",268515
5_Soyjak/2747,Soyjak,"Sebastian Pineira in 2010, Soyjak, 2010-2020, Chile",43809
5_Soyjak/2748,Soyjak,"Shaved Soyjak, Soyjak, Template",31830
5_Soyjak/2749,Soyjak,"Shirt Soyjak, Soyjak, Civilian (Adult)",63302
5_Soyjak/2750,Soyjak,"Shrek, Soyjak, Movie and TV Show, Shrek",11170
5_Soyjak/2751,Soyjak,"Shrek, Soyjak, Movie and TV Show, Shrek",11170
5_Soyjak/2752,Soyjak,"Shrignold (Don't hug me I'm scared), Soyjak, Music, Movie and TV Show, Don't hug me I'm scared",371315
5_Soyjak/2753,Soyjak,"Simp Soyjak, Soyjak, Internet, Meme",128032
5_Soyjak/2754,Soyjak,"SJW Soyjak Group, Soyjak, Political Compass, Liberal Left (Political Compass), Group",417212
5_Soyjak/2755,Soyjak,"Smooth Soyjak Tuxedo, Soyjak, Civilian (Adult)",113515
5_Soyjak/2756,Soyjak,"Smug Muslim Soyjak, Soyjak, Middle East, Islam",22201
5_Soyjak/2757,Soyjak,"Smug Smooth Soyjak, Soyjak, Nobility and Bourgeoisie",113515
5_Soyjak/2758,Soyjak,"Snopes Soyjak, Soyjak, Internet",113347
5_Soyjak/2759,Soyjak,"Soviet Caporal, Soyjak, Red Army, Soviet Union, 1939-1945",381024
5_Soyjak/2760,Soyjak,"Soy Adolf Hitler, Soyjak, The Third Reich, Despot, 1939-1945, National-Socialism",183944
5_Soyjak/2761,Soyjak,"Soy Brainlet Cat, Soyjak, Brainlet",551337
5_Soyjak/2762,Soyjak,"Soy Centrist, Soyjak, Centrism",57396
5_Soyjak/2763,Soyjak,"Soy Che Guevara, Soyjak, Cuba, Authoritarian Left, Revolution, 1960-1970",275662
5_Soyjak/2764,Soyjak,"Soy Che Guevara, Soyjak, Cuba, Authoritarian Left, Revolution, 1960-1970",268214
5_Soyjak/2765,Soyjak,"Soy Che Guevara, Soyjak, Cuba, Authoritarian Left, Revolution, 1960-1970",378482
5_Soyjak/2766,Soyjak,"Soy Che Guevara, Soyjak, Cuba, Authoritarian Left, Revolution, 1960-1970",391529
5_Soyjak/2767,Soyjak,"Soyclops, Soyjak, Greece, -3000-476, Mythology",98335
5_Soyjak/2768,Soyjak,"Soy Clown, Soyjak, Circus",54485
5_Soyjak/2769,Soyjak,"Soy Companie Pride Month Flag Bearer, Soyjak, LGBT+, Liberal Right, Flag, Corporation",158720
5_Soyjak/2770,Soyjak,"Soy Confederate Flag, Soyjak, Confederate States of America, Flag, Authoritarian Right",156755
5_Soyjak/2771,Soyjak,"Soy Crying Weeb, Soyjak, Anime, Japan",203578
5_Soyjak/2772,Soyjak,"Soy Crying Wojak Horseman, Soyjak, Cartoon, BoJack Horseman",207486
5_Soyjak/2773,Soyjak,"Soy Cuban Commies, Soyjak, Cuba, Authoritarian Left, Revolution, 1960-1970",500056
5_Soyjak/2774,Soyjak,"Soy Daddy's Girl, Soyjak, Template",179354
5_Soyjak/2775,Soyjak,"Soy Detective, Soyjak, Rescue Services, 1950-1960",287563
5_Soyjak/2776,Soyjak,"Soy Emperor Belos (The Owl House), Soyjak, Cartoon, Monster",102114
5_Soyjak/2777,Soyjak,"Soy Ernesto Che Guevara, Soyjak, Revolution, Cuba, Authoritarian Left, 1960-1970, Political Figure",219109
5_Soyjak/2778,Soyjak,"Soy Girl, Soyjak, Civilian (Teenager)",53209
5_Soyjak/2779,Soyjak,"Soy Girl, Soyjak, Civilian (Adult)",43517
5_Soyjak/2780,Soyjak,"Soy Harry Potter, Soyjak, Movie and TV Show, Harry Potter, Fantasy",152278
5_Soyjak/2781,Soyjak,"Soy Harry Potter, Soyjak, Movie and TV Show, Fantasy, Harry Potter",45758
5_Soyjak/2782,Soyjak,"Soy Immanuel Kant, Soyjak, Philosophy, Prussia, 1789-1821",83567
5_Soyjak/2783,Soyjak,"Soy Immanuel Kant, Soyjak, Philosophy, Prussia, 1789-1821",76323
5_Soyjak/2784,Soyjak,"Soy Indiana Jones, Soyjak, Movie and TV Show, 1950-1960",87435
5_Soyjak/2785,Soyjak,"Soyjak Big Smile, Soyjak, Template",14891
5_Soyjak/2786,Soyjak,"Soyjak Body, Soyjak, Template",30062
5_Soyjak/2787,Soyjak,"Soyjak Brainlet Face, Soyjak, Brainlet",27924
5_Soyjak/2788,Soyjak,"Soyjak Chad Mask, Soyjak, Masked",247579
5_Soyjak/2789,Soyjak,"Soyjak Croatian Wehrmacht, Soyjak, The Third Reich, Deutsches Heer, Croatia, 1939-1945",50814
5_Soyjak/2790,Soyjak,"Soyjak Darth Sidious, Soyjak, Space, Star Wars, Movie and TV Show, Futuristic",54203
5_Soyjak/2791,Soyjak,"Soyjak Demon, Soyjak, Demon, Monster",298643
5_Soyjak/2792,Soyjak,"Soyjak Drinking Soy Smug, Soyjak, Civilian (Teenager)",116127
5_Soyjak/2793,Soyjak,"Soyjak Eating Hamburger, Soyjak, Civilian (Adult), Food and Drink",94942
5_Soyjak/2794,Soyjak,"Soyjak - Himmler, Soyjak, 1939-1945, The Third Reich, National-Socialism, Despot",482115
5_Soyjak/2795,Soyjak,"Soyjak Jew, Soyjak, Judaism",311455
5_Soyjak/2796,Soyjak,"Soyjak Maga, Soyjak, MAGA, Authoritarian Right, 2010-2020, United States",229836
5_Soyjak/2797,Soyjak,"Soyjak Maga, Soyjak, MAGA, Authoritarian Right, 2010-2020, United States",530492
5_Soyjak/2798,Soyjak,"Soyjak Masked Anime, Soyjak, Masked, Anime",429473
5_Soyjak/2799,Soyjak,"Soyjak Masked Chad, Soyjak, Masked, Anime",152013
5_Soyjak/2800,Soyjak,"Soyjak Masked, Soyjak, Masked",84814
5_Soyjak/2801,Soyjak,"Soyjak MASSIVE Mouth, Soyjak, Strange",14811
5_Soyjak/2802,Soyjak,"Soyjak Medical, Soyjak, Medical",566904
5_Soyjak/2803,Soyjak,"Soyjak Moroccan, Soyjak, Morocco, Africa",87777
5_Soyjak/2804,Soyjak,"Soyjak Nazi, Soyjak, National-Socialism, Schutzstaffel",142367
5_Soyjak/2805,Soyjak,"Soyjak Open Wide With Another Soyjak Inside, Soyjak, Strange, Monster",120803
5_Soyjak/2806,Soyjak,"Soyjak, Soyjak, Template",8209
5_Soyjak/2807,Soyjak,"Soyjak Schutzstaffel, Soyjak, The Third Reich, National-Socialism, 1939-1945, Schutzstaffel",218697
5_Soyjak/2808,Soyjak,"Soyjak Support Group, Soyjak, Group",286517
5_Soyjak/2809,Soyjak,"Soyjak Teen, Soyjak, Civilian (Adult)",246720
5_Soyjak/2810,Soyjak,"Soyjak Tennisman, Soyjak, Sport",218544
5_Soyjak/2811,Soyjak,"Soyjak Ukrainian, Soyjak, 2020-2030, Ukraine, Armed Forces of Ukraine, Europe",123605
5_Soyjak/2812,Soyjak,"Soyjak Waiter, Soyjak, Employee, Food and Drink",140874
5_Soyjak/2813,Soyjak,"Soyjak Wehrmacht, Soyjak, The Third Reich, Deutsches Heer, 1939-1945",76515
5_Soyjak/2814,Soyjak,"Soyjak With Hair, Soyjak, Template",127564
5_Soyjak/2815,Soyjak,"Soyjak With His Computer, Soyjak, Internet",112950
5_Soyjak/2816,Soyjak,"Soyjak With His Computer, Soyjak, Internet",101121
5_Soyjak/2817,Soyjak,"Soyjak With His Computer, Soyjak, Internet",138101
5_Soyjak/2818,Soyjak,"Soyjak With His Computer, Soyjak, Internet",138101
5_Soyjak/2819,Soyjak,"Soyjak With ... Hum ... Around His Mouth, Soyjak, Civilian (Adult)",66949
5_Soyjak/2820,Soyjak,"Soyjak With The Hand, Soyjak, Template",9420
5_Soyjak/2821,Soyjak,"Soyjak With The White Flair Glasses, Soyjak, Anime",83079
5_Soyjak/2822,Soyjak,"Soyjak With Wide Mouth And Big Eye, Soyjak, Template",13121
5_Soyjak/2823,Soyjak,"Soyjak Yes Chad, Soyjak, Template",117309
5_Soyjak/2824,Soyjak,"Soyjak Zephir Star, Soyjak, Cartoon, My Little Pony",78164
5_Soyjak/2825,Soyjak,"Soyjak Zoomer, Soyjak, Template",76271
5_Soyjak/2826,Soyjak,"Soyjak Zuko, Soyjak, Cartoon, The Last Airbender",90252
5_Soyjak/2827,Soyjak,"Soy Janny, Soyjak, Internet, Social Media",5450
5_Soyjak/2828,Soyjak,"Soy Keanu Reeves, Soyjak, Movie and TV Show, Canada, Matrix",249691
5_Soyjak/2829,Soyjak,"Soy Keanu Reeves, Soyjak, Movie and TV Show, Canada, Matrix",211040
5_Soyjak/2830,Soyjak,"Soy Moustache, Soyjak, Civilian (Adult)",7050
5_Soyjak/2831,Soyjak,"Soy Ozai, Soyjak, Cartoon, The Last Airbender",144117
5_Soyjak/2832,Soyjak,"Soy Pepe Enjoyer, Soyjak, Internet",104442
5_Soyjak/2833,Soyjak,"Soy Plumber, Soyjak, Employee",123757
5_Soyjak/2834,Soyjak,"Soy Priest, Soyjak, Christianism, Religious Authority",274963
5_Soyjak/2835,Soyjak,"Soy Priest, Soyjak, Christianism, Religious Authority",274963
5_Soyjak/2836,Soyjak,"Soy Rick And Morty Enjoyer, Soyjak, Cartoon, Rick And Morty",195218
5_Soyjak/2837,Soyjak,"Soy Rightist, Soyjak, Authoritarian Right (Political Compass), Political Compass",311011
5_Soyjak/2838,Soyjak,"Soy Satanist, Soyjak, Demon, Monster",251559
5_Soyjak/2839,Soyjak,"Soy Satanist, Soyjak, Demon, Monster",220793
5_Soyjak/2840,Soyjak,"Soy Satanist, Soyjak, Demon, Monster",220793
5_Soyjak/2841,Soyjak,"Soy Skeleton, Soyjak, Injured and Dead",63070
5_Soyjak/2842,Soyjak,"Soy Smooth Bead, Soyjak, Template",34881
5_Soyjak/2843,Soyjak,"Soy Sport Supporter, Soyjak, Civilian (Teenager)",190487
5_Soyjak/2844,Soyjak,"Soy Statue Of Liberty, Soyjak, Festivity, United States",468369
5_Soyjak/2845,Soyjak,"Soysteve Neutral, Soyjak, Civilian (Teenager)",215457
5_Soyjak/2846,Soyjak,"Soysteve Smug, Soyjak, Civilian (Teenager)",229301
5_Soyjak/2847,Soyjak,"Soysteve Talking, Soyjak, Civilian (Teenager)",208620
5_Soyjak/2848,Soyjak,"Soytan, Soyjak, Demon, Monster",76662
5_Soyjak/2849,Soyjak,"Soy Teen, Soyjak, Civilian (Teenager)",24651
5_Soyjak/2850,Soyjak,"Soy Trans, Soyjak, LGBT+",614243
5_Soyjak/2851,Soyjak,"Soy Twitter, Soyjak, Internet, Brands, Social Media",10868
5_Soyjak/2852,Soyjak,"Soy Viking, Soyjak, 476-1492, Knight, Viking",688228
5_Soyjak/2853,Soyjak,"Soy Warlock, Soyjak, Fantasy",88115
5_Soyjak/2854,Soyjak,"Soy Warlock, Soyjak, Fantasy",57988
5_Soyjak/2855,Soyjak,"Soy Warlock, Soyjak, Fantasy",57988
5_Soyjak/2856,Soyjak,"Soy Zombie, Soyjak, Strange, Monster, Injured and Dead",135999
5_Soyjak/2857,Soyjak,"Spanish Nationalist, Soyjak, Authoritarian Right, Spain, Europe",48464
5_Soyjak/2858,Soyjak,"Spirit Science, Soyjak, Internet",62694
5_Soyjak/2859,Soyjak,"Squeezie, Soyjak, Youtube, France",78481
5_Soyjak/2860,Soyjak,"Sri Lankan Soyjak, Soyjak, Asia, Sri Lanka",205471
5_Soyjak/2861,Soyjak,"Steven Spielberg, Soyjak, Movie and TV Show, United States, 2010-2020, Art",62626
5_Soyjak/2862,Soyjak,"Strange Mouth Soyjak, Soyjak, Template",213714
5_Soyjak/2863,Soyjak,"Sumerian Wojak , Soyjak, Iraq, Middle East, -3000-476",200431
5_Soyjak/2864,Soyjak,"Suwako Moriya, Soyjak, Video Game, Touhou Project",364577
5_Soyjak/2865,Soyjak,"Tankie E-Girl, Soyjak, Internet, Political Compass",124811
5_Soyjak/2866,Soyjak,"Teacher, Soyjak, 2000-2010, Employee, Academic",46548
5_Soyjak/2867,Soyjak,"Teen Soyjak, Soyjak, Civilian (Teenager)",21397
5_Soyjak/2868,Soyjak,"Teen Video Game Enjoyer Soyjak, Soyjak, Civilian (Teenager)",47662
5_Soyjak/2869,Soyjak,"Teen Video Game Enjoyer Soyjak, Soyjak, Civilian (Teenager)",51675
5_Soyjak/2870,Soyjak,"Teen Video Game Enjoyer Soyjak, Soyjak, Civilian (Teenager)",51675
5_Soyjak/2871,Soyjak,"Tennis Ball Soyjak, Soyjak, Sport",9636
5_Soyjak/2872,Soyjak,"Terrorist Soyjak, Soyjak, Middle East, Terrorism",27035
5_Soyjak/2873,Soyjak,"The Alpha Team Hawk - Level 71, Soyjak, The Ever-Expanding Bunker",39710
5_Soyjak/2874,Soyjak,"The Collector, Soyjak, Comics, Marvel",12560
5_Soyjak/2875,Soyjak,"The Crying Cyborg, Soyjak, Futuristic, Space, Robot",104166
5_Soyjak/2876,Soyjak,"The Death, Soyjak, Demon, Monster",119356
5_Soyjak/2877,Soyjak,"The Dystopist, Soyjak, Futuristic, Space, Cyberpunk 2077",370356
5_Soyjak/2878,Soyjak,"The Knight, Soyjak, Video Game, Hollow Knight, Hollow Knight",138033
5_Soyjak/2879,Soyjak,"The Nameless Soy One, Soyjak, Fantasy, Fall From Grace",126762
5_Soyjak/2880,Soyjak,"The Rationer, Soyjak, The Ever-Expanding Bunker",159588
5_Soyjak/2881,Soyjak,"The Soy Astronaut, Soyjak, Futuristic, Space",59856
5_Soyjak/2882,Soyjak,"Tlaxcalan Soy Warrior, Soyjak, 1492-1789, Mexico, Autochthonous",609972
5_Soyjak/2883,Soyjak,"Tourist Soyjak, Soyjak, Tourism",90381
5_Soyjak/2884,Soyjak,"Trans Soyjak, Soyjak, LGBT+, Nekomimi",15939
5_Soyjak/2885,Soyjak,"Tuxedo Soyjak, Soyjak, Civilian (Adult)",23801
5_Soyjak/2886,Soyjak,"UE Soyjak, Soyjak, European Union, United States",299795
5_Soyjak/2887,Soyjak,"Ukraine Soldier Soyjak, Soyjak, Armed Forces of Ukraine, Ukraine",595006
5_Soyjak/2888,Soyjak,"Ukrainian Nationalist, Soyjak, Authoritarian Right, Ukraine, Flag, 2020-2030",110069
5_Soyjak/2889,Soyjak,"Ultra Angry Soyjak, Soyjak, Template",108386
5_Soyjak/2890,Soyjak,"Umaru Doma (Himouto!), Soyjak, Anime",14329
5_Soyjak/2891,Soyjak,"UN Soldier, Soyjak, United Nations, 2000-2010",348009
5_Soyjak/2892,Soyjak,"UN Soldier, Soyjak, United Nations, 2000-2010",348009
5_Soyjak/2893,Soyjak,"UN Soyjak, Soyjak, United Nations, 2000-2010",303662
5_Soyjak/2894,Soyjak,"Venezuelan Soyjak FANB Soldier, Soyjak, National Bolivarian Armed Forces of Venezuela, Venezuela",89954
5_Soyjak/2895,Soyjak,"Venus, Soyjak, Space",366792
5_Soyjak/2896,Soyjak,"Very Angry Soyjak, Soyjak, Template",27888
5_Soyjak/2897,Soyjak,"Vicious Soyjak, Soyjak, Template",198529
5_Soyjak/2898,Soyjak,"Vietnam War US Troop, Soyjak, United States Army, 1960-1970, Vietnam War, United States",261266
5_Soyjak/2899,Soyjak,"Viking, Soyjak, 476-1492, Scandinavia, Viking",226063
5_Soyjak/2900,Soyjak,"Viking, Soyjak, 476-1492, Scandinavia, Viking",265197
5_Soyjak/2901,Soyjak,"Waffen Schutzstaffel Soyjak, Soyjak, 1939-1945, National-Socialism, The Third Reich, Schutzstaffel",225017
5_Soyjak/2902,Soyjak,"Walter White, Soyjak, Breaking Bad, Criminal",50466
5_Soyjak/2903,Soyjak,"Walter White, Soyjak, Breaking Bad, Criminal",195760
5_Soyjak/2904,Soyjak,"Walter White, Soyjak, Breaking Bad, Criminal",195760
5_Soyjak/2905,Soyjak,"Weird Melting Un-Happy Soyjak, Soyjak, Strange",91443
5_Soyjak/2906,Soyjak,"White Glasses Soyjak, Soyjak, Template",110583
5_Soyjak/2907,Soyjak,"Willy Wonka (Charlie and the Chocolate Factory), Soyjak, Movie and TV Show, Food and Drink",45912
5_Soyjak/2908,Soyjak,"Wojak Average Communiste, Soyjak, Liberal Right (Political Compass)",494949
5_Soyjak/2909,Soyjak,"Yoshikage Kira, Soyjak, Anime, JoJo's Bizarre Adventure",19451
5_Soyjak/2910,Soyjak,"Zakir Naik, Soyjak, India, Islam, Religious Authority, 2010-2020",144383
5_Stronkjak/12985,Stronkjak,"Adam Smasher, Stronkjak, Video Game, Cyberpunk 2077, Futuristic, Robot",196403
5_Stronkjak/12986,Stronkjak,"Allyssa Beria Japan, Stronkjak, Japan, Criminal, 1960-1970",1936178
5_Stronkjak/12987,Stronkjak,"Angry Buff Stronkjak, Stronkjak, Sport",136343
5_Stronkjak/12988,Stronkjak,"Antifa , Stronkjak, Liberal Left",513387
5_Stronkjak/12989,Stronkjak,"A Pakistani Henchman, Stronkjak, Pakistan, Terrorism",1363357
5_Stronkjak/12990,Stronkjak,"Armored Titan, Stronkjak, Anime, Attack On Titan",224960
5_Stronkjak/12991,Stronkjak,"Armored Titan, Stronkjak, Anime, Attack On Titan",224960
5_Stronkjak/12992,Stronkjak,"Asian Stronkjak, Stronkjak, Asia, China, Japan, Korea",158192
5_Stronkjak/12993,Stronkjak,"Australian American Football Enjoyer, Stronkjak, Sport, Australia",81228
5_Stronkjak/12994,Stronkjak,"Bane, Stronkjak, DC, Comics",55289
5_Stronkjak/12995,Stronkjak,"Blood, Stronkjak, Fantasy, Movie and TV Show, Game of Thrones",269484
5_Stronkjak/12996,Stronkjak,"Bodybuildjak, Stronkjak, Sport",470661
5_Stronkjak/12997,Stronkjak,"Brahmin, Stronkjak, India, Hinduism",496231
5_Stronkjak/12998,Stronkjak,"Buff Russian Soldier, Stronkjak, Russia, Russian Armed Forces, 1980-1990",59870
5_Stronkjak/12999,Stronkjak,"Buff Stronkjak, Stronkjak, Sport",100167
5_Stronkjak/13000,Stronkjak,"Buff Stronkjak, Stronkjak, Sport",55606
5_Stronkjak/13001,Stronkjak,"Buff Stronkjak, Stronkjak, Sport",297974
5_Stronkjak/13002,Stronkjak,"Buff Stronkjak, Stronkjak, Sport",56567
5_Stronkjak/13003,Stronkjak,"Buff Stronkjak Group, Stronkjak, Sport, Group",10573
5_Stronkjak/13004,Stronkjak,"Buff Stronkjak, Stronkjak, Sport",56567
5_Stronkjak/13005,Stronkjak,"Capitole Invader, Stronkjak, MAGA, United States, Authoritarian Right, 2020-2030",310032
5_Stronkjak/13006,Stronkjak,"Capitol Invader, Stronkjak, United States, MAGA, Authoritarian Right, 2020-2030",268879
5_Stronkjak/13007,Stronkjak,"Creek Indian Warrior, Stronkjak, 1821-1914, United States, Autochthonous",421458
5_Stronkjak/13008,Stronkjak,"Creek Indian Warrior, Stronkjak, United States, 1492-1789, Autochthonous",408778
5_Stronkjak/13009,Stronkjak,"Crying Buff Stronkjak, Stronkjak, Sport",62706
5_Stronkjak/13010,Stronkjak,"Cyberpunk Stronkjak, Stronkjak, Video Game, Cyberpunk 2077, Futuristic",197635
5_Stronkjak/13011,Stronkjak,"Fahri Korutürk, Stronkjak, 1970-1980, Turkey, President",422374
5_Stronkjak/13012,Stronkjak,"Flexing Stronkjak, Stronkjak, Sport",187267
5_Stronkjak/13013,Stronkjak,"Francisco Bolognesi, Stronkjak, Peru, Peruvian Armed Forces, 1821-1914",115488
5_Stronkjak/13014,Stronkjak,"Francophonia CircleJerk, Stronkjak, Group, France, Belgium, Quebec, Switzerland, Algeria",75135
5_Stronkjak/13015,Stronkjak,"Freddy Fazbear, Stronkjak, Video Game, Five Nights at Freddy's, Monster",51750
5_Stronkjak/13016,Stronkjak,"Freddy Fazbear, Stronkjak, Video Game, Five Nights at Freddy's, Monster",51750
5_Stronkjak/13017,Stronkjak,"Greek Hoplite Soldier, Stronkjak, Greece, -3000-476, Knight",251638
5_Stronkjak/13018,Stronkjak,"Gym Stronkjak, Stronkjak, Sport",62840
5_Stronkjak/13019,Stronkjak,"José Abelardo Quiñones Gonzales, Stronkjak, Peru, Peruvian Armed Forces, 1821-1914",228512
5_Stronkjak/13020,Stronkjak,"Kabylian Chad, Stronkjak, Kabylia, Algeria",236205
5_Stronkjak/13021,Stronkjak,"Khalsa (sikh), Stronkjak, Sikhism, India",966534
5_Stronkjak/13022,Stronkjak,"Miguel Grau, Stronkjak, Peru, Peruvian Armed Forces, 1821-1914",119312
5_Stronkjak/13023,Stronkjak,"Monster Buff, Stronkjak, Strange, Monster",555991
5_Stronkjak/13024,Stronkjak,"Muscle Gym Stronkjak, Stronkjak, Sport",198882
5_Stronkjak/13025,Stronkjak,"My Little Pony Circlejerk, Stronkjak, Cartoon, My Little Pony, Group",364564
5_Stronkjak/13026,Stronkjak,"Naram-Sin of Akkad, Stronkjak, Iraq, Monarch, -3000-476",313076
5_Stronkjak/13027,Stronkjak,"Obanai Iguro, Stronkjak, Anime, Demon Slayer",183279
5_Stronkjak/13028,Stronkjak,"Octoboss, Stronkjak, Comics, Invincible",109055
5_Stronkjak/13029,Stronkjak,"Patrick Bateman, Stronkjak, Movie and TV Show, American Psycho",538857
5_Stronkjak/13030,Stronkjak,"Pointing Stronkjak, Stronkjak, Sport",33346
5_Stronkjak/13031,Stronkjak,"Smugjak - Casual, Stronkjak, Full Body, Civilian (Adult)",322267
5_Stronkjak/13032,Stronkjak,"Snake Circlejerk, Stronkjak, Video Game, Metal Gear Solid, Nintendo, Group",504507
5_Stronkjak/13033,Stronkjak,"Stevens Universe Group, Stronkjak, Cartoon, Steven Universe, Group",304662
5_Stronkjak/13034,Stronkjak,"Strong Atari Fan, Stronkjak, Video Game, Brands",272425
5_Stronkjak/13035,Stronkjak,"Strong Poljak, Stronkjak, Tourism",57941
5_Stronkjak/13036,Stronkjak,"Strong Young Adult, Stronkjak, Civilian (Adult), Sport",231345
5_Stronkjak/13037,Stronkjak,"Stronkjak, Stronkjak, Sport",66697
5_Stronkjak/13038,Stronkjak,"Stronkjak, Stronkjak, Sport",54189
5_Stronkjak/13039,Stronkjak,"Stronkjak, Stronkjak, Sport, Full Body",212136
5_Stronkjak/13040,Stronkjak,"Stronkjak, Stronkjak, Sport",214063
5_Stronkjak/13041,Stronkjak,"Stronkjak Knight, Stronkjak, Knight, Knight",95709
5_Stronkjak/13042,Stronkjak,"Stronkjak Lifting Weights, Stronkjak, Sport",61394
5_Stronkjak/13043,Stronkjak,"Stronkjak, Stronkjak, Sport",214063
5_Stronkjak/13044,Stronkjak,"Stronkjak Rage , Stronkjak, Sport",227080
5_Stronkjak/13045,Stronkjak,"Stronkjak Sneed, Stronkjak, Cartoon, The Simpsons, Meme, Group",234333
5_Stronkjak/13046,Stronkjak,"Stronkjak Soy, Stronkjak, Sport",222069
5_Stronkjak/13047,Stronkjak,"Stronkjak with Under Arm Hair, Stronkjak, Sport",34931
5_Stronkjak/13048,Stronkjak,"Stronkjak Yakuza , Stronkjak, Criminal, Asia, Japan",33991
5_Stronkjak/13049,Stronkjak,"Tibo inShape, Stronkjak, Sport, Youtube, France",731607
5_Stronkjak/13050,Stronkjak,"Turk Atacan, Stronkjak, Sport, Turkey",94462
5_Stronkjak/13051,Stronkjak,"Wei Shen, Stronkjak, Video Game, Criminal, Asia",376318
5_Stronkjak/13052,Stronkjak,"Weston, Stronkjak, Sport",146378
5_Stronkjak/13053,Stronkjak,"Wojak - Shirtless, Stronkjak, Civilian (Adult), Full Body, Sport",206243
5_Stronkjak/13054,Stronkjak,"Yujiro Hanma (Baki the Grappler) , Stronkjak, Anime",350089
5_Stronkjak/13055,Stronkjak,"Zeus, Stronkjak, Greece, Mythology, -3000-476",675310
5_Tired_Wojak/10308,Tired_Wojak,"1942 Eastern Front, Tired Wojak, Deutsches Heer, The Third Reich, 1939-1945",147673
5_Tired_Wojak/10309,Tired_Wojak,"33 Year Old Beardson, Tired Wojak, Civilian (Adult)",1201498
5_Tired_Wojak/10310,Tired_Wojak,"71 Soldier Wojak, Tired Wojak, Pakistan",918068
5_Tired_Wojak/10311,Tired_Wojak,"Accurate Martijn, Tired Wojak, Russian Armed Forces",186901
5_Tired_Wojak/10312,Tired_Wojak,"Afrikakorps Tired Soldier, Tired Wojak, 1939-1945, The Third Reich, Africa, Deutsches Heer",31038
5_Tired_Wojak/10313,Tired_Wojak,"Afrikakorps Tired Soldier, Tired Wojak, 1939-1945, The Third Reich, Africa, Deutsches Heer",25929
5_Tired_Wojak/10314,Tired_Wojak,"Alejandro Biondini, Tired Wojak, Argentina, Authoritarian Right, 2010-2020, Political Figure",43698
5_Tired_Wojak/10315,Tired_Wojak,"Ares, Tired Wojak, Turkey, Turkish Armed Forces",149428
5_Tired_Wojak/10316,Tired_Wojak,"Average 1950s City Man, Tired Wojak, 1950-1960, Civilian (Adult)",66359
5_Tired_Wojak/10317,Tired_Wojak,"Black Tired Doctor, Tired Wojak, Medical",70913
5_Tired_Wojak/10318,Tired_Wojak,"Bruised Wojak, Tired Wojak, Injured and Dead, Template",9911
5_Tired_Wojak/10319,Tired_Wojak,"Butler, Tired Wojak, Food and Drink, Employee, 1821-1914",49640
5_Tired_Wojak/10320,Tired_Wojak,"Camouflaged Terrorist, Tired Wojak, Terrorism, Militia Forces",90362
5_Tired_Wojak/10321,Tired_Wojak,"Civil Engineer, Tired Wojak, Worker",1054725
5_Tired_Wojak/10322,Tired_Wojak,"Corsica Map, Tired Wojak, Europe, France, Map",5609
5_Tired_Wojak/10323,Tired_Wojak,"Cowboy 1899, Tired Wojak, Far West, 1821-1914",554558
5_Tired_Wojak/10324,Tired_Wojak,"Crippled Wojak, Tired Wojak, Injured and Dead",202484
5_Tired_Wojak/10325,Tired_Wojak,"CRS French police, Tired Wojak, France, Rescue Services",379994
5_Tired_Wojak/10326,Tired_Wojak,"CSA Infantry, Tired Wojak, Confederate States Army, Confederate States of America, 1821-1914",552233
5_Tired_Wojak/10327,Tired_Wojak,"Depressed American Soldier, Tired Wojak, United States",181925
5_Tired_Wojak/10328,Tired_Wojak,"Depressing War Soldier, Tired Wojak, Other Army (Europe), Injured and Dead",226424
5_Tired_Wojak/10329,Tired_Wojak,"Depression to hatred, Tired Wojak, Strange",217017
5_Tired_Wojak/10330,Tired_Wojak,"Die Hard Doomer, Tired Wojak, Movie and TV Show",5474
5_Tired_Wojak/10331,Tired_Wojak,"Doomer German Soldier, Tired Wojak, Deutsches Heer, 1939-1945, The Third Reich",62198
5_Tired_Wojak/10332,Tired_Wojak,"Dr. Ludwig Maxis, Tired Wojak, Video Game, First-Person Shooter, Call Of Duty, Science",315946
5_Tired_Wojak/10333,Tired_Wojak,"Eastern Front Wehrmarcht, Tired Wojak, 1939-1945, The Third Reich, Deutsches Heer",26181
5_Tired_Wojak/10334,Tired_Wojak,"Emil Hácha, Tired Wojak, Czechia, 1939-1945, Despot, National-Socialism",59112
5_Tired_Wojak/10335,Tired_Wojak,"Fake Wojack, Tired Wojak, Masked",166739
5_Tired_Wojak/10336,Tired_Wojak,"Fantasy Knight, Tired Wojak, Fantasy, Knight",84452
5_Tired_Wojak/10337,Tired_Wojak,"Fantasy Knight, Tired Wojak, Fantasy, Knight",84452
5_Tired_Wojak/10338,Tired_Wojak,"French Priest, Tired Wojak, 1789-1821, France, French Revolution, Christianism",19122
5_Tired_Wojak/10339,Tired_Wojak,"Galen (Aka The Containment Engineer), Tired Wojak, The Ever-Expanding Bunker",130571
5_Tired_Wojak/10340,Tired_Wojak,"General Zia ul Haq, Tired Wojak, Other Army (Asia), Pakistan",930321
5_Tired_Wojak/10341,Tired_Wojak,"German Soldier (Winter War), Tired Wojak, Germany, 1939-1945",101162
5_Tired_Wojak/10342,Tired_Wojak,"German Wojak, Tired Wojak, The Third Reich, Deutsches Heer, 1939-1945",58393
5_Tired_Wojak/10343,Tired_Wojak,"Head Surgeon, Tired Wojak, Robot, Strange, Monster, The Ever-Expanding Bunker",265842
5_Tired_Wojak/10344,Tired_Wojak,"Hiroo Onoda, Tired Wojak, Japan, Imperial Japanese Army, 1939-1945",94981
5_Tired_Wojak/10345,Tired_Wojak,"IGNIS Admiral, Tired Wojak, The Ever-Expanding Bunker, IGNIS (The Ever-Expanding Bunker), Space",510884
5_Tired_Wojak/10346,Tired_Wojak,"Japanese Sailor, Tired Wojak, 1939-1945, Japan, Imperial Japanese Army, Ocean",58865
5_Tired_Wojak/10347,Tired_Wojak,"Jean Paul Marat, Tired Wojak, 1789-1821, France, French Revolution",19057
5_Tired_Wojak/10348,Tired_Wojak,"Jewish Prisoner, Tired Wojak, 1939-1945, Judaism",181296
5_Tired_Wojak/10349,Tired_Wojak,"King Wen Tired, Tired Wojak, China, Imperial, -3000-476",261888
5_Tired_Wojak/10350,Tired_Wojak,"KNIL Soldier, Tired Wojak, Netherlands, Indonesia, 1789-1821",41961
5_Tired_Wojak/10351,Tired_Wojak,"Lieutenant General Lopez Ochoa, Tired Wojak, Spanish Civil War, Nationalist Side (Spanish Civil War), 1918-1939, Spain",987697
5_Tired_Wojak/10352,Tired_Wojak,"Maoroli II, Tired Wojak, Turkey, Monarch, Middle East, -3000-476",374694
5_Tired_Wojak/10353,Tired_Wojak,"Marshal Poniatowski Tired, Tired Wojak, France, 1789-1821, Poland, Grande Armée",168322
5_Tired_Wojak/10354,Tired_Wojak,"Masked McWorker, Tired Wojak, Brands, Food and Drink, Employee",165068
5_Tired_Wojak/10355,Tired_Wojak,"MC, Tired Wojak, Civilian (Adult)",86572
5_Tired_Wojak/10356,Tired_Wojak,"Mehmed V, Tired Wojak, Ottoman Empire, Ottoman Army",93768
5_Tired_Wojak/10357,Tired_Wojak,"Messy Tired Doomer, Tired Wojak, Civilian (Adult)",94620
5_Tired_Wojak/10358,Tired_Wojak,"Militia Infantry, Tired Wojak, Militia Forces, United States",205150
5_Tired_Wojak/10359,Tired_Wojak,"Morbius, Tired Wojak, Comics, Marvel",448700
5_Tired_Wojak/10360,Tired_Wojak,"Napoleon's Imperial Guard Mamluk Tired, Tired Wojak, France, 1789-1821, Grande Armée, Egypt",163112
5_Tired_Wojak/10361,Tired_Wojak,"Officer of the N5 Cavalry Regiment Lanceros de Torata, Tired Wojak, Peru, Peruvian Armed Forces, 1939-1945",211929
5_Tired_Wojak/10362,Tired_Wojak,"Old Hirohito, Tired Wojak, Japan, 1980-1990, Imperial",100904
5_Tired_Wojak/10363,Tired_Wojak,"Old Worlder, Tired Wojak, The Ever-Expanding Bunker",144123
5_Tired_Wojak/10364,Tired_Wojak,"Painting Wojak, Tired Wojak, Art",46431
5_Tired_Wojak/10365,Tired_Wojak,"Panama Soldier Wojak, Tired Wojak, Panama , 1945-1950, Other Army (South and Central America)",88031
5_Tired_Wojak/10366,Tired_Wojak,"Peruvian Breñero, Tired Wojak, Peru, Peruvian Armed Forces, Autochthonous",130783
5_Tired_Wojak/10367,Tired_Wojak,"Policeman , Tired Wojak, Rescue Services",88857
5_Tired_Wojak/10368,Tired_Wojak,"Polish soldier in Karbala, Tired Wojak, Poland, Iraq, Polish Armed Forces, 2000-2010",326867
5_Tired_Wojak/10369,Tired_Wojak,"Predynastic King Ancient Egypt, Tired Wojak, Ancient Egypt, -3000-476, Monarch",495526
5_Tired_Wojak/10370,Tired_Wojak,"Purple Warrior, Tired Wojak, Russia, Civilian (Teenager)",61247
5_Tired_Wojak/10371,Tired_Wojak,"Rhodesian Couple, Tired Wojak, Zimbabwe, Group, Africa",277164
5_Tired_Wojak/10372,Tired_Wojak,"Russian Airborne Forces, Tired Wojak, 1990-2000, Russia, Russian Armed Forces",857787
5_Tired_Wojak/10373,Tired_Wojak,"SCP, Tired Wojak, SCP Foundation",73886
5_Tired_Wojak/10374,Tired_Wojak,"Screen Tired Doomer, Tired Wojak, Civilian (Adult)",111003
5_Tired_Wojak/10375,Tired_Wojak,"Silesian Landwehr Without Gun, Tired Wojak, Prussia, Royal Prussian Army, 1821-1914",133408
5_Tired_Wojak/10376,Tired_Wojak,"Slave, Tired Wojak, Post Apocalyptic, Fallout : New Vegas, The Legion",144733
5_Tired_Wojak/10377,Tired_Wojak,"Smart Depressed Wojak, Tired Wojak, 1821-1914, Masked",155459
5_Tired_Wojak/10378,Tired_Wojak,"Soviet Navy, Tired Wojak, Soviet Union, Ocean, Red Army, 1950-1960",260488
5_Tired_Wojak/10379,Tired_Wojak,"Spanish American War Wojak, Tired Wojak, 1821-1914, United States Army, United States",389098
5_Tired_Wojak/10380,Tired_Wojak,"Tax Collector, Tired Wojak, The Ever-Expanding Bunker, Injured and Dead",450778
5_Tired_Wojak/10381,Tired_Wojak,"Ted Kaczynski (UNABOMBER), Tired Wojak, Terrorism, United States, Anarchism, United States, 1980-1990",125105
5_Tired_Wojak/10382,Tired_Wojak,"Teenage Doomer, Tired Wojak, Civilian (Teenager)",123550
5_Tired_Wojak/10383,Tired_Wojak,"Teen Doomer, Tired Wojak, Civilian (Teenager)",53959
5_Tired_Wojak/10384,Tired_Wojak,"The Cursed Divide, Tired Wojak, Monster",394868
5_Tired_Wojak/10385,Tired_Wojak,"The General Veli, Tired Wojak, The Ever-Expanding Bunker, Futuristic Army, Robot",405549
5_Tired_Wojak/10386,Tired_Wojak,"The Infected, Tired Wojak, The Ever-Expanding Bunker, Strange",292544
5_Tired_Wojak/10387,Tired_Wojak,"The Listener, Tired Wojak, The Ever-Expanding Bunker, Interferencia (The Ever-Expanding Bunker)",632224
5_Tired_Wojak/10388,Tired_Wojak,"The Old Prepper, Tired Wojak, Post Apocalyptic",834269
5_Tired_Wojak/10389,Tired_Wojak,"The Prisoner (Outer Wilds), Tired Wojak, Video Game, Fantasy",159122
5_Tired_Wojak/10390,Tired_Wojak,"The Radio Operator, Tired Wojak, The Ever-Expanding Bunker, Guard (The Ever-Expanding Bunker)",65191
5_Tired_Wojak/10391,Tired_Wojak,"Tired Accouting, Tired Wojak, Robot, Science, The Ever-Expanding Bunker",77442
5_Tired_Wojak/10392,Tired_Wojak,"Tired Albanian, Tired Wojak, Albania, Other Army (Europe)",204820
5_Tired_Wojak/10393,Tired_Wojak,"Tired Aztec, Tired Wojak, 476-1492, Autochthonous, Central America",118707
5_Tired_Wojak/10394,Tired_Wojak,"Tired Berber, Tired Wojak, Algeria, Kabylia, Africa",13213
5_Tired_Wojak/10395,Tired_Wojak,"Tired Bloomer, Tired Wojak, Template",97368
5_Tired_Wojak/10396,Tired_Wojak,"Tired Bolshevik Doomer, Tired Wojak, 1914-1918, Revolution, Soviet Union",29866
5_Tired_Wojak/10397,Tired_Wojak,"Tired businessman with smoking cigarette, Tired Wojak, Corporation",66979
5_Tired_Wojak/10398,Tired_Wojak,"Tired Cascadian, Tired Wojak, United States, Canada",92749
5_Tired_Wojak/10399,Tired_Wojak,"Tired Construction Worker, Tired Wojak, Worker, Worker Team (The Ever-Expanding Bunker), The Ever-Expanding Bunker",148062
5_Tired_Wojak/10400,Tired_Wojak,"Tired Doctor, Tired Wojak, Medical",134787
5_Tired_Wojak/10401,Tired_Wojak,"Tired Doomer MacWorker, Tired Wojak, Brands, Food and Drink, Employee",113838
5_Tired_Wojak/10402,Tired_Wojak,"Tired Engineer, Tired Wojak, Video Game, Team Fortress 2",33559
5_Tired_Wojak/10403,Tired_Wojak,"Tired Facing Doomer, Tired Wojak, Template",548489
5_Tired_Wojak/10404,Tired_Wojak,"Tired Girl, Tired Wojak, Civilian (Teenager)",86182
5_Tired_Wojak/10405,Tired_Wojak,"Tired Happy Wojak, Tired Wojak, Template",35890
5_Tired_Wojak/10406,Tired_Wojak,"Tired inside, Tired Wojak, Masked",53623
5_Tired_Wojak/10407,Tired_Wojak,"Tired Israeli Soldier, Tired Wojak, Israel, Israel Defense Forces",356356
5_Tired_Wojak/10408,Tired_Wojak,"Tired Kanye west, Tired Wojak, United States, Music, MAGA, 2010-2020",58635
5_Tired_Wojak/10409,Tired_Wojak,"Tired Maga, Tired Wojak, MAGA, 2010-2020, United States, Authoritarian Right",66142
5_Tired_Wojak/10410,Tired_Wojak,"Tired Masked, Tired Wojak, Masked",92477
5_Tired_Wojak/10411,Tired_Wojak,"Tired Nazi, Tired Wojak, National-Socialism, 1939-1945",138741
5_Tired_Wojak/10412,Tired_Wojak,"Tired NCR Soldier, Tired Wojak, Post Apocalyptic, Fallout : New Vegas, New California Republic",209228
5_Tired_Wojak/10413,Tired_Wojak,"Tired Negative Wojak, Tired Wojak, Template",180986
5_Tired_Wojak/10414,Tired_Wojak,"Tired Old Viking, Tired Wojak, Scandinavia, 476-1492, Viking",344045
5_Tired_Wojak/10415,Tired_Wojak,"Tired Paramilitary, Tired Wojak, Militia Forces",24044
5_Tired_Wojak/10416,Tired_Wojak,"Tired Pharaoh Ancient Egypt, Tired Wojak, Ancient Egypt, -3000-476, Monarch",501591
5_Tired_Wojak/10417,Tired_Wojak,"Tired Pharaoh Ancient Egypt 2, Tired Wojak, Ancient Egypt, -3000-476, Monarch",373213
5_Tired_Wojak/10418,Tired_Wojak,"Tired Revengeful Goon, Tired Wojak, Militia Forces",58292
5_Tired_Wojak/10419,Tired_Wojak,"Tired Robber, Tired Wojak, Criminal",66142
5_Tired_Wojak/10420,Tired_Wojak,"Tired Romanian Soldier, Tired Wojak, Romania, Romanian Armed Forces",174016
5_Tired_Wojak/10421,Tired_Wojak,"Tired Saudi, Tired Wojak, Middle East, Saudi Arabia",76830
5_Tired_Wojak/10422,Tired_Wojak,"Tired Scientific, Tired Wojak, Science",97184
5_Tired_Wojak/10423,Tired_Wojak,"Tired Scientific, Tired Wojak, Robot, Science, The Ever-Expanding Bunker",133911
5_Tired_Wojak/10424,Tired_Wojak,"Tired Scientific with a Demon Core, Tired Wojak, 1945-1950, Science",374633
5_Tired_Wojak/10425,Tired_Wojak,"Tired Sonic, Tired Wojak, SEGA, Video Game, Sonic the Hedgehog",580040
5_Tired_Wojak/10426,Tired_Wojak,"Tired Teen Wojak, Tired Wojak, Civilian (Teenager), Masked",129878
5_Tired_Wojak/10427,Tired_Wojak,"Tired Thai Cop, Tired Wojak, Asia, Rescue Services, Thailand",219036
5_Tired_Wojak/10428,Tired_Wojak,"Tired Trainer, Tired Wojak, Video Game, Nintendo, Pokemon",84999
5_Tired_Wojak/10429,Tired_Wojak,"Tired wojak, Tired Wojak, Civilian (Adult)",216888
5_Tired_Wojak/10430,Tired_Wojak,"Tired Wojak, Tired Wojak, Template",35736
5_Tired_Wojak/10431,Tired_Wojak,"Tired Wojak, Tired Wojak, Template",45433
5_Tired_Wojak/10432,Tired_Wojak,"Tired Wojak, Tired Wojak, Template",29905
5_Tired_Wojak/10433,Tired_Wojak,"Tired WWI German Soldier, Tired Wojak, 1914-1918",27587
5_Tired_Wojak/10434,Tired_Wojak,"United States Soldier, Tired Wojak, United States, 1960-1970, United States Army",210902
5_Tired_Wojak/10435,Tired_Wojak,"US General Infantry, Tired Wojak, United States, United States Army, 1939-1945",219422
5_Tired_Wojak/10436,Tired_Wojak,"Venezuelan Refugee, Tired Wojak, Venezuela, Colombia, Bolivia, Ecuador",58151
5_Tired_Wojak/10437,Tired_Wojak,"Very Tired Dark Template, Tired Wojak, Template",16432
5_Tired_Wojak/10438,Tired_Wojak,"Very Tired Hitler, Tired Wojak, 1939-1945, The Third Reich, Despot, National-Socialism",46118
5_Tired_Wojak/10439,Tired_Wojak,"Viktor Tsoi Kino, Tired Wojak, Soviet Union, 1980-1990, Music",61075
5_Tired_Wojak/10440,Tired_Wojak,"Winter War Soviet Soldier, Tired Wojak, Red Army, 1939-1945, Soviet Union",36984
5_Tired_Wojak/10441,Tired_Wojak,"Wojak Kinda Tired, Tired Wojak, Template",14373
5_Tired_Wojak/10442,Tired_Wojak,"Wojak Ukrainian soldier tired, Tired Wojak, Armed Forces of Ukraine, Ukraine",205559
5_Tired_Wojak/10443,Tired_Wojak,"Wuja co w jednostce byl, Tired Wojak, Polish Armed Forces, Poland",72264
5_Tired_Wojak/10444,Tired_Wojak,"ww2 germany soldier, Tired Wojak, 1939-1945",85534
5_Tomboy/13514,Tomboy,"Aelia Eudoxia, Tomboy, -3000-476, Roman Empire",134733
5_Tomboy/13515,Tomboy,"Akane Owari, Tomboy, Video Game, Danganronpa",85710
5_Tomboy/13516,Tomboy,"Aliea Pulcharia, Tomboy, -3000-476, Roman Empire",137081
5_Tomboy/13517,Tomboy,"Ami Chono, Tomboy, Anime, Girls Und Panzer",19871
5_Tomboy/13518,Tomboy,"Black Tomboy, Tomboy, Civilian (Teenager)",84632
5_Tomboy/13519,Tomboy,"Cammi, Tomboy, Comics, Marvel",123377
5_Tomboy/13520,Tomboy,"Canyon Renna, Tomboy, 476-1492, Fantasy",63431
5_Tomboy/13521,Tomboy,"Curvy Tomboy , Tomboy, Full Body, NSFW",643933
5_Tomboy/13522,Tomboy,"Dirty Rugby Girl Tomboy, Tomboy, Sport",190143
5_Tomboy/13523,Tomboy,"Doomer girl, Tomboy, Civilian (Teenager), United Kingdom",94376
5_Tomboy/13524,Tomboy,"Doomer Tomboy, Tomboy, Civilian (Teenager)",88117
5_Tomboy/13525,Tomboy,"Emo Girl, Tomboy, Music",818382
5_Tomboy/13526,Tomboy,"Esoteric Nazism Black Tomboy, Tomboy, National-Socialism",339223
5_Tomboy/13527,Tomboy,"Fat Gym Girl, Tomboy, Full Body, Civilian (Teenager), Sport",651926
5_Tomboy/13528,Tomboy,"Goth Girl, Tomboy, United Kingdom, 2000-2010, Music",129882
5_Tomboy/13529,Tomboy,"Happy 2B, Tomboy, Video Game, Nier Automata",102194
5_Tomboy/13530,Tomboy,"Happy Tomboy, Tomboy, Civilian (Teenager)",214458
5_Tomboy/13531,Tomboy,"Happy Tomboy, Tomboy, Civilian (Teenager)",170515
5_Tomboy/13532,Tomboy,"Happy Tomboy, Tomboy, Template",183376
5_Tomboy/13533,Tomboy,"Hazmat Tomboy, Tomboy, Injured and Dead, Hazmat, Science",131636
5_Tomboy/13534,Tomboy,"Jane, Tomboy, Worker, The Ever-Expanding Bunker, Worker Team (The Ever-Expanding Bunker)",170539
5_Tomboy/13535,Tomboy,"Kisame Hoshigaki Girl, Tomboy, Anime, Naruto",107389
5_Tomboy/13536,Tomboy,"Lolailo Girl, Tomboy, Music, Spain",943765
5_Tomboy/13537,Tomboy,"Merveilleuse, Tomboy, 1789-1821, Nobility and Bourgeoisie, France, Greece",724278
5_Tomboy/13538,Tomboy,"Mods girl, Tomboy, United Kingdom, Civilian (Teenager)",671348
5_Tomboy/13539,Tomboy,"Naruto Girl, Tomboy, Anime, Naruto",136549
5_Tomboy/13540,Tomboy,"New Wave Girl, Tomboy, 1970-1980, Music",620247
5_Tomboy/13541,Tomboy,"Orc Tomboy, Tomboy, Fantasy, Monster",250468
5_Tomboy/13542,Tomboy,"Pensive Tomboy, Tomboy, Template",198863
5_Tomboy/13543,Tomboy,"Rachel Grey, Tomboy, Comics, Marvel",40768
5_Tomboy/13544,Tomboy,"RedHead Tomboy, Tomboy, Civilian (Teenager)",22151
5_Tomboy/13545,Tomboy,"Rockabilly Girl, Tomboy, Music, 1950-1960",930410
5_Tomboy/13546,Tomboy,"Rugby Couple, Tomboy, Group, Sport, Family",464684
5_Tomboy/13547,Tomboy,"Rugby Tomboy, Tomboy, Sport",209705
5_Tomboy/13548,Tomboy,"Rugby Tomboy, Tomboy, Sport",229314
5_Tomboy/13549,Tomboy,"Selfie Tomboy and Wojak, Tomboy, Group, Family",340795
5_Tomboy/13550,Tomboy,"Skater Tomboy, Tomboy, Civilian (Teenager), Full Body",273180
5_Tomboy/13551,Tomboy,"Sort (suedehead girl), Tomboy, Music, United Kingdom",447639
5_Tomboy/13552,Tomboy,"Sportive Tomboy, Tomboy, Sport",135146
5_Tomboy/13553,Tomboy,"Suburban Couple, Tomboy, Civilian (Teenager), Group",315716
5_Tomboy/13554,Tomboy,"Suburban Tomboy, Tomboy, Civilian (Teenager)",119166
5_Tomboy/13555,Tomboy,"Tainaka Ritsu, Tomboy, Anime, Music, Full Body",207880
5_Tomboy/13556,Tomboy,"The Huntress, Tomboy, Fantasy",120466
5_Tomboy/13557,Tomboy,"The R&D Tomboy, Tomboy, The Ever-Expanding Bunker, Science",10285
5_Tomboy/13558,Tomboy,"Tomboy, Tomboy, Template",120152
5_Tomboy/13559,Tomboy,"Tomboy And Bloomer, Tomboy, Group",337574
5_Tomboy/13560,Tomboy,"Tomboy Blue Hair, Tomboy, Civilian (Teenager)",535493
5_Tomboy/13561,Tomboy,"Tomboy Eating Crab, Tomboy, Civilian (Teenager), Food and Drink",814531
5_Tomboy/13562,Tomboy,"Tomboy Elite Guard, Tomboy, The Ever-Expanding Bunker, Elite Guard (The Ever-Expanding Bunker)",1104013
5_Tomboy/13563,Tomboy,"Tomboy Fitness Girl, Tomboy, Sport",163269
5_Tomboy/13564,Tomboy,"Tomboy With Glasses, Tomboy, Civilian (Teenager)",305514
5_Tomboy/13565,Tomboy,"Undyne, Tomboy, Video Game, Undertale",53414
5_Trad_Boywife/13566,Trad_Boywife,"Agathis (Mini Mini Farm), Trad Boywife, Video Game, Mini Mini Farm",466498
5_Trad_Boywife/13567,Trad_Boywife,"Black Gay Tradboy Wife, Trad Boywife, LGBT+",105636
5_Trad_Boywife/13568,Trad_Boywife,"Cadet Rousselle , Trad Boywife, France, 1492-1789, 1789-1821, Music",733472
5_Trad_Boywife/13569,Trad_Boywife,"Chad Men Twinkjak, Trad Boywife, Civilian (Teenager)",47411
5_Trad_Boywife/13570,Trad_Boywife,"Chad Twinkjak, Trad Boywife, Full Body, Civilian (Adult)",96758
5_Trad_Boywife/13571,Trad_Boywife,"De Soto Happy Trad Boywife, Trad Boywife, Spain, Colonial, Portugal, 1492-1789",462373
5_Trad_Boywife/13572,Trad_Boywife,"Drukpa Kunley Trad Boywife, Trad Boywife, Tibet, China, 1492-1789, Buddhism",322076
5_Trad_Boywife/13573,Trad_Boywife,"Isaac Trad Boy Wife, Trad Boywife, Civilian (Teenager), El Salvador",85277
5_Trad_Boywife/13574,Trad_Boywife,"Jewish Trad Boywife, Trad Boywife, Judaism, Israel",129997
5_Trad_Boywife/13575,Trad_Boywife,"Mayan Chad Twinkjak, Trad Boywife, Autochthonous, Mexico, 476-1492",488272
5_Trad_Boywife/13576,Trad_Boywife,"Pink Shirt Trad Boywife, Trad Boywife, Civilian (Teenager)",311751
5_Trad_Boywife/13577,Trad_Boywife,"Tafarello TradBoy , Trad Boywife, Civilian (Adult)",303793
5_Trad_Boywife/13578,Trad_Boywife,"The Joker But Gay, Trad Boywife, Circus",598434
5_Trad_Boywife/13579,Trad_Boywife,"Trad Boy Hasidic, Trad Boywife, Judaism, Israel",161425
5_Trad_Boywife/13580,Trad_Boywife,"Trad Boy Hebrew, Trad Boywife, Judaism, Israel",121737
5_Trad_Boywife/13581,Trad_Boywife,"Trad Boy Jewish, Trad Boywife, Judaism, Israel",151313
5_Trad_Boywife/13582,Trad_Boywife,"Trad Boy Jewish Ginger, Trad Boywife, Judaism, Israel",158478
5_Trad_Boywife/13583,Trad_Boywife,"Trad Boywife Jock, Trad Boywife, Civilian (Teenager), Academic, Full Body, Sport",178682
5_Trad_Boywife/13584,Trad_Boywife,"Trad Boywife, Trad Boywife, Civilian (Teenager)",352110
5_Trad_Boywife/13585,Trad_Boywife,"Trad Boywife Shirt, Trad Boywife, Civilian (Teenager)",183632
5_Trad_Boywife/13586,Trad_Boywife,"Trad Boywife With Glasses, Trad Boywife, Civilian (Teenager)",190411
5_Trad_Boywife/13587,Trad_Boywife,"Trad Husband, Trad Boywife, Liberal Left",436608
5_Trad_Boywife/13588,Trad_Boywife,"Trad Mensch, Trad Boywife, Judaism, Israel",141226
5_Trad_Boywife/13589,Trad_Boywife,"Tradzayde, Trad Boywife, Judaism, Israel",180567
5_Trad_Boywife/13590,Trad_Boywife,"William, Trad Boywife, Comics, Invincible",30179
5_Trad_Wife/2911,Trad_Wife,"2000s Average Romanian Woman Wojak, Trad Wife, Romania, Civilian (Adult)",49353
5_Trad_Wife/2912,Trad_Wife,"Afghan girl soldier , Trad Wife, Afghanistan",95132
5_Trad_Wife/2913,Trad_Wife,"Agent Andrea, Trad Wife, Science, Medical",131603
5_Trad_Wife/2914,Trad_Wife,"Albanian Traditional Girl, Trad Wife, Europe, Balkan, Albania, Kosovo",28267
5_Trad_Wife/2915,Trad_Wife,"Albanian Trad Wife, Trad Wife, Europe, Balkan, Albania, Full Body",645848
5_Trad_Wife/2916,Trad_Wife,"Alexendra Ocasio Cortez, Trad Wife, 2010-2020, United States",26608
5_Trad_Wife/2917,Trad_Wife,"Algerian Caftan, Trad Wife, Algeria, Africa",1735376
5_Trad_Wife/2918,Trad_Wife,"Algerian Meryoula, Trad Wife, Algeria, Africa",834840
5_Trad_Wife/2919,Trad_Wife,"Allyssa Beria, Trad Wife, Internet",239904
5_Trad_Wife/2920,Trad_Wife,"Allyssa Beria, Trad Wife, Internet",255203
5_Trad_Wife/2921,Trad_Wife,"Allyssa Beria, Trad Wife, Colonial",168822
5_Trad_Wife/2922,Trad_Wife,"Allyssa Beria, Trad Wife, Internet",255203
5_Trad_Wife/2923,Trad_Wife,"Amelia Watson, Trad Wife, Japan, Virtual Youtuber, Youtube",51084
5_Trad_Wife/2924,Trad_Wife,"American Female Soldier, Trad Wife, United States, United States Army, Full Body",727874
5_Trad_Wife/2925,Trad_Wife,"American Psycho Trad Wife, Trad Wife, Movie and TV Show, American Psycho",631708
5_Trad_Wife/2926,Trad_Wife,"American Wojak, Trad Wife, Art, United States, Wojak with Background",465753
5_Trad_Wife/2927,Trad_Wife,"Amme Hante Girl Supporter, Trad Wife, France, 2020-2030, Internet, Flag",273066
5_Trad_Wife/2928,Trad_Wife,"Anarchist Female Fighter, Trad Wife, Spanish Civil War, Militia Forces, 1918-1939, Anarchism",99993
5_Trad_Wife/2929,Trad_Wife,"Angry French Trad Wife, Trad Wife, France, Europe",244507
5_Trad_Wife/2930,Trad_Wife,"Angry Gerudo, Trad Wife, Video Game, Nintendo, The Legend of Zelda",149784
5_Trad_Wife/2931,Trad_Wife,"Angry Karen Wojak, Trad Wife, Civilian (Adult)",66001
5_Trad_Wife/2932,Trad_Wife,"Angry TERF, Trad Wife, LGBT+, 2020-2030",398786
5_Trad_Wife/2933,Trad_Wife,"Angry Trad Wife lady Mary Chubb, Trad Wife, 1914-1918, Nobility and Bourgeoisie, United Kingdom",359382
5_Trad_Wife/2934,Trad_Wife,"Angry Trad Wife, Trad Wife, Template",564472
5_Trad_Wife/2935,Trad_Wife,"Angry wife, Trad Wife, Civilian (Adult)",64055
5_Trad_Wife/2936,Trad_Wife,"Anne Boleyn, Trad Wife, 1492-1789, United Kingdom, Monarch",65527
5_Trad_Wife/2937,Trad_Wife,"Anthropologist Allyssa Beria, Trad Wife, Internet, Science",248687
5_Trad_Wife/2938,Trad_Wife,"Ashley Williams, Trad Wife, Video Game, Mass Effect, Space",362202
5_Trad_Wife/2939,Trad_Wife,"Athenapilled, Trad Wife, Festivity, Internet",31745
5_Trad_Wife/2940,Trad_Wife,"Athena Wojak, Trad Wife, Criminal, Robot, Militia Forces",133989
5_Trad_Wife/2941,Trad_Wife,"Aztec Trad Wife, Trad Wife, 1492-1789, Mexico, Autochthonous",182050
5_Trad_Wife/2942,Trad_Wife,"Babywearing Mama, Trad Wife, Family, Civilian (Adult)",115601
5_Trad_Wife/2943,Trad_Wife,"Baela and Rhaena Targaryen, Trad Wife, Fantasy, Movie and TV Show, Game of Thrones",362506
5_Trad_Wife/2944,Trad_Wife,"Based Iron Lady Dictator, Trad Wife, India, Hinduism, Authoritarian Right",263248
5_Trad_Wife/2945,Trad_Wife,"Batgirl, Trad Wife, Comics, DC",96576
5_Trad_Wife/2946,Trad_Wife,"Beatnik Tradwife, Trad Wife, United States, 1960-1970, Music",455053
5_Trad_Wife/2947,Trad_Wife,"Bengali Girl, Trad Wife, Asia, Bangladesh",144761
5_Trad_Wife/2948,Trad_Wife,"Bengali Girl, Trad Wife, Asia, Bangladesh",160871
5_Trad_Wife/2949,Trad_Wife,"Bisexual Trad Wife, Trad Wife, LGBT+, LGBT+",163798
5_Trad_Wife/2950,Trad_Wife,"Bisexual Trad Wife, Trad Wife, LGBT+, LGBT+",139564
5_Trad_Wife/2951,Trad_Wife,"Bisexual Trad Wife, Trad Wife, LGBT+, LGBT+",139564
5_Trad_Wife/2952,Trad_Wife,"Bishop Trad Wife, Trad Wife, Christianism, Religious Authority",240985
5_Trad_Wife/2953,Trad_Wife,"Black Communist, Trad Wife, Belgium, Authoritarian Left",77542
5_Trad_Wife/2954,Trad_Wife,"Black Dress Trad Wife, Trad Wife, Full Body, Civilian (Adult)",384780
5_Trad_Wife/2955,Trad_Wife,"Black Hair Trad Wife, Trad Wife, Civilian (Adult)",165362
5_Trad_Wife/2956,Trad_Wife,"Black Hair Trad Wife, Trad Wife, Civilian (Adult)",165362
5_Trad_Wife/2957,Trad_Wife,"Black Woman, Trad Wife, Civilian (Adult)",145109
5_Trad_Wife/2958,Trad_Wife,"Bolivian Wife FFAA Soldier, Trad Wife, Bolivia, Other Army (South And Central America)",117891
5_Trad_Wife/2959,Trad_Wife,"Bored Trad Wife, Trad Wife, Civilian (Adult)",677156
5_Trad_Wife/2960,Trad_Wife,"Borte, Trad Wife, 476-1492, Mongolia",374520
5_Trad_Wife/2961,Trad_Wife,"Bosniak Tradwife, Trad Wife, Europe, Balkan, Bosnia and Herzegovina, Full Body",225252
5_Trad_Wife/2962,Trad_Wife,"Bosnian Trad Wife, Trad Wife, Europe, Balkan, Bosnia and Herzegovina",122173
5_Trad_Wife/2963,Trad_Wife,"Broken Girl, Trad Wife, Criminal",43221
5_Trad_Wife/2964,Trad_Wife,"Busty Indian Trad Wife, Trad Wife, Asia, India",12828
5_Trad_Wife/2965,Trad_Wife,"Busty Trad Wife, Trad Wife, Civilian (Adult)",295056
5_Trad_Wife/2966,Trad_Wife,"Busty Trad Wife Farmer, Trad Wife, Farm, Civilian (Adult)",181963
5_Trad_Wife/2967,Trad_Wife,"Camo Military Trad, Trad Wife, United States, United States Army",138964
5_Trad_Wife/2968,Trad_Wife,"Captain Marvel, Trad Wife, Comics, Marvel",215664
5_Trad_Wife/2969,Trad_Wife,"Catherine of Aragon, Trad Wife, 1492-1789, United Kingdom, Monarch",19151
5_Trad_Wife/2970,Trad_Wife,"Catholic Trad Wife, Trad Wife, Christianism",336655
5_Trad_Wife/2971,Trad_Wife,"Chachapoyas Woman, Trad Wife, Peru, Autochthonous, 476-1492",120339
5_Trad_Wife/2972,Trad_Wife,"Chad Trad Wife, Trad Wife, Template",563358
5_Trad_Wife/2973,Trad_Wife,"Charlene, Trad Wife, France, Authoritarian Right, 2010-2020",73383
5_Trad_Wife/2974,Trad_Wife,"Charlie Chaplin Enjoyer, Trad Wife, Movie and TV Show, 1918-1939",70814
5_Trad_Wife/2975,Trad_Wife,"Charlie (Hazbin Hotel), Trad Wife, Cartoon, Hazbin Hotel, Demon",32929
5_Trad_Wife/2976,Trad_Wife,"Chav Girl, Trad Wife, Civilian (Teenager), Full Body, United Kingdom",541053
5_Trad_Wife/2977,Trad_Wife,"Cheddar Woman, Trad Wife, Civilian (Teenager), Autochthonous",185107
5_Trad_Wife/2978,Trad_Wife,"Christian Girl, Trad Wife, Christianism, Civilian (Adult)",50755
5_Trad_Wife/2979,Trad_Wife,"Christian Trad Wife, Trad Wife, Christianism",40505
5_Trad_Wife/2980,Trad_Wife,"Christine Trad Wife, Trad Wife, Post Apocalyptic, Fallout : New Vegas",124831
5_Trad_Wife/2981,Trad_Wife,"Chubby Hoe , Trad Wife, NSFW, Civilian (Adult), Full Body",801747
5_Trad_Wife/2982,Trad_Wife,"Chubby Trad Wife in Swimsuit , Trad Wife, Civilian (Adult), Full Body, Europe",471920
5_Trad_Wife/2983,Trad_Wife,"Coffe Worker, Trad Wife, Brands, Group, Food and Drink",15684
5_Trad_Wife/2984,Trad_Wife,"College Trad Wife, Trad Wife, Academic",311658
5_Trad_Wife/2985,Trad_Wife,"College Trad Wife, Trad Wife, Academic",161740
5_Trad_Wife/2986,Trad_Wife,"College Trad Wife, Trad Wife, Academic",302486
5_Trad_Wife/2987,Trad_Wife,"College Trad Wife, Trad Wife, Academic",302486
5_Trad_Wife/2988,Trad_Wife,"Colombian Wife, Trad Wife, South America, Colombia",136524
5_Trad_Wife/2989,Trad_Wife,"Colonial Allyssa Beria, Trad Wife, Internet, Egypt, Colonial",299511
5_Trad_Wife/2990,Trad_Wife,"Commonwealth of Man, Trad Wife, Space, Group, Futuristic Army",271962
5_Trad_Wife/2991,Trad_Wife,"Corazon Aquino, Trad Wife, Philippines, 1980-1990, Liberal Left, President",44111
5_Trad_Wife/2992,Trad_Wife,"Cornelia li Britannia (Code Geass), Trad Wife, Anime",24577
5_Trad_Wife/2993,Trad_Wife,"Croatian Trad Girl, Trad Wife, Europe, Balkan, Croatia",163999
5_Trad_Wife/2994,Trad_Wife,"Croatian Trad Girl, Trad Wife, Europe, Balkan, Croatia",151525
5_Trad_Wife/2995,Trad_Wife,"Croatian Trad Girl, Trad Wife, Europe, Balkan, Croatia",151525
5_Trad_Wife/2996,Trad_Wife,"Crying Princess Bubblegum, Trad Wife, Cartoon, Adventure Time",81391
5_Trad_Wife/2997,Trad_Wife,"Crying Trad Wife, Trad Wife, Template",1368405
5_Trad_Wife/2998,Trad_Wife,"Crying Trad Wife, Trad Wife, Template",736843
5_Trad_Wife/2999,Trad_Wife,"Crying Trad Wife with a Shotgun, Trad Wife, Civilian (Adult)",113768
5_Trad_Wife/3000,Trad_Wife,"Curly Hair Trad Wife, Trad Wife, Template",348195
5_Trad_Wife/3001,Trad_Wife,"Curvy Top Less Trad Wife, Trad Wife, NSFW, Full Body",676068
5_Trad_Wife/3002,Trad_Wife,"Cute Trad Wife, Trad Wife, Full Body, NSFW",1107021
5_Trad_Wife/3003,Trad_Wife,"Darjeeling, Trad Wife, Anime, Girls Und Panzer",37668
5_Trad_Wife/3004,Trad_Wife,"Dead Face Trad Wife, Trad Wife, Injured and Dead",563151
5_Trad_Wife/3005,Trad_Wife,"Derpina, Trad Wife, Meme, Internet",68984
5_Trad_Wife/3006,Trad_Wife,"Diamond (Houseki no Kuni), Trad Wife, Anime",291335
5_Trad_Wife/3007,Trad_Wife,"Diana de Gales, Trad Wife, United Kingdom, Nobility and Bourgeoisie, 1980-1990",671116
5_Trad_Wife/3008,Trad_Wife,"Dominican from La Vega Woman Trad Chad, Trad Wife, Dominican Republic, Central America",35958
5_Trad_Wife/3009,Trad_Wife,"Dominican Woman from Santiago, Trad Wife, Dominican Republic, Central America",38465
5_Trad_Wife/3010,Trad_Wife,"Dominique Grange, Trad Wife, Anarchism, France, Liberal Left",244460
5_Trad_Wife/3011,Trad_Wife,"Doomer Trad Wife, Trad Wife, Civilian (Teenager)",63432
5_Trad_Wife/3012,Trad_Wife,"Doomer Trad Wife, Trad Wife, Civilian (Teenager)",16358
5_Trad_Wife/3013,Trad_Wife,"Doomer Trad Wife, Trad Wife, Civilian (Teenager)",9614
5_Trad_Wife/3014,Trad_Wife,"Doomer Trad Wife, Trad Wife, Civilian (Teenager)",19781
5_Trad_Wife/3015,Trad_Wife,"Doomer Trad Wife, Trad Wife, Civilian (Teenager)",19781
5_Trad_Wife/3016,Trad_Wife,"Drunk Trad Wife, Trad Wife, Full Body, Civilian (Adult), Food and Drink",476490
5_Trad_Wife/3017,Trad_Wife,"Emma Goldman, Trad Wife, Anarchism, Russia, 1918-1939, 1821-1914, Liberal Left",159396
5_Trad_Wife/3018,Trad_Wife,"Empress Theodora , Trad Wife, Roman Empire, Imperial, 476-1492",185685
5_Trad_Wife/3019,Trad_Wife,"Empress Vittoria of The Illyrian Empire, Trad Wife, -3000-476, Imperial, Full Body, Yugoslavia",120864
5_Trad_Wife/3020,Trad_Wife,"Eric Harris , Trad Wife, United States, Terrorism",66327
5_Trad_Wife/3021,Trad_Wife,"European Trad Wife, Trad Wife, Civilian (Adult)",163035
5_Trad_Wife/3022,Trad_Wife,"Eva Duarte de Perón, Trad Wife, Argentina, 1950-1960, Authoritarian Right, Political Figure",75317
5_Trad_Wife/3023,Trad_Wife,"Evelyn Quan Wang (Everything Everywhere All At Once), Trad Wife, Movie and TV Show, Strange",124182
5_Trad_Wife/3024,Trad_Wife,"Faceless wife, Trad Wife, Strange",152640
5_Trad_Wife/3025,Trad_Wife,"Fall From Grace, Trad Wife, Fantasy, Fall From Grace",12087
5_Trad_Wife/3026,Trad_Wife,"Fall From Grace, Trad Wife, Fantasy, Fall From Grace",177205
5_Trad_Wife/3027,Trad_Wife,"Fantasy Settler, Trad Wife, Fantasy",35313
5_Trad_Wife/3028,Trad_Wife,"Fantasy Settler, Trad Wife, Fantasy",35313
5_Trad_Wife/3029,Trad_Wife,"FARC female, Trad Wife, Colombia, Civilian (Adult)",564480
5_Trad_Wife/3030,Trad_Wife,"Fat cheerleader , Trad Wife, Full Body, Civilian (Teenager), Academic",866036
5_Trad_Wife/3031,Trad_Wife,"Fat Girl Maga Supporter, Trad Wife, MAGA, Authoritarian Right, United States, 2010-2020",78590
5_Trad_Wife/3032,Trad_Wife,"Fat Gothic Girl, Trad Wife, Civilian (Teenager), Full Body",463627
5_Trad_Wife/3033,Trad_Wife,"Fat Slut, Trad Wife, Full Body, Civilian (Adult), NSFW",750084
5_Trad_Wife/3034,Trad_Wife,"Fat Trad Wife in Bikini, Trad Wife, Full Body, Civilian (Adult)",439691
5_Trad_Wife/3035,Trad_Wife,"Female Amish, Trad Wife, Farm, United States, North America",185326
5_Trad_Wife/3036,Trad_Wife,"Female Judge, Trad Wife, Rescue Services",218336
5_Trad_Wife/3037,Trad_Wife,"Festive Tradwife, Trad Wife, Festivity",930613
5_Trad_Wife/3038,Trad_Wife,"FLO (Progressive Insurance), Trad Wife, Brands, Internet",202342
5_Trad_Wife/3039,Trad_Wife,"France-Germany Couple, Trad Wife, Germany, France, European Union, Europe, Group, Family",66658
5_Trad_Wife/3040,Trad_Wife,"French female swat, Trad Wife, Armée Française",923558
5_Trad_Wife/3041,Trad_Wife,"French Trad Wife Soldier, Trad Wife, 1939-1945, France, Armée Française",541176
5_Trad_Wife/3042,Trad_Wife,"French Wife, Trad Wife, Europe, France",140858
5_Trad_Wife/3043,Trad_Wife,"French Woman, Trad Wife, France, 1918-1939",241457
5_Trad_Wife/3044,Trad_Wife,"Frozen Annie Leonhart, Trad Wife, Anime, Attack On Titan",224041
5_Trad_Wife/3045,Trad_Wife,"Full-Body Busty Indian Trad, Trad Wife, Full Body, India",188654
5_Trad_Wife/3047,Trad_Wife,"Full Body Trad Wife, Trad Wife, Civilian (Adult), Full Body",496684
5_Trad_Wife/3048,Trad_Wife,"Full Body Trad Wife, Trad Wife, Civilian (Adult), Full Body",496684
5_Trad_Wife/3049,Trad_Wife,"Gardevoir, Trad Wife, Video Game, Pokemon, Nintendo",420078
5_Trad_Wife/3050,Trad_Wife,"Gawr Gura, Trad Wife, Japan, Virtual Youtuber, Youtube",22278
5_Trad_Wife/3051,Trad_Wife,"Gawr Gura Simp, Trad Wife, Japan, Virtual Youtuber, Youtube",22234
5_Trad_Wife/3052,Trad_Wife,"Geraldine, Trad Wife, Colombia, South America",60923
5_Trad_Wife/3053,Trad_Wife,"Ghost Devil Wojak, Trad Wife, Strange, Monster",58249
5_Trad_Wife/3054,Trad_Wife,"Giorgia Meloni, Trad Wife, Italy, Authoritarian Right, 2020-2030, Prime Minister",81287
5_Trad_Wife/3055,Trad_Wife,"giorgia meloni, Trad Wife, Italy, President",24416
5_Trad_Wife/3056,Trad_Wife,"Giorgia Meloni (Presidente del Consiglio dei Ministri), Trad Wife, Italy",145238
5_Trad_Wife/3057,Trad_Wife,"Girl 1 - Nurse, Trad Wife, Full Body, Medical",390809
5_Trad_Wife/3058,Trad_Wife,"Girl 2 - Bikini, Trad Wife, Civilian (Adult), Full Body, Tourism",354225
5_Trad_Wife/3059,Trad_Wife,"Girl 2 - Casual, Trad Wife, Civilian (Adult), Full Body",424640
5_Trad_Wife/3060,Trad_Wife,"Girl 2 - Fitness gym, Trad Wife, Full Body, Civilian (Adult), Sport",414048
5_Trad_Wife/3061,Trad_Wife,"Girl 3 - Fitness gym, Trad Wife, Full Body, Civilian (Adult), Sport",427420
5_Trad_Wife/3062,Trad_Wife,"Girl 7 - Selfie, Trad Wife, Civilian (Teenager), Full Body, Social Media",583130
5_Trad_Wife/3063,Trad_Wife,"Girl 8 - Belly dancer, Trad Wife, Civilian (Adult), Egypt, Full Body",539493
5_Trad_Wife/3064,Trad_Wife,"Girl Test Subject , Trad Wife, Medical, Science",26860
5_Trad_Wife/3065,Trad_Wife,"GI Trad Wife, Trad Wife, United States, United States Army, Vietnam War, 1960-1970",84920
5_Trad_Wife/3066,Trad_Wife,"Glitch Trad Wife, Trad Wife, Strange, Internet",120415
5_Trad_Wife/3067,Trad_Wife,"Golda Meir, Trad Wife, Israel",110298
5_Trad_Wife/3068,Trad_Wife,"Gopnik girl, Trad Wife, Russia, Criminal, Music, Full Body",1538531
5_Trad_Wife/3069,Trad_Wife,"Goth GF, Trad Wife, -3000-476, Germany, Knight",54434
5_Trad_Wife/3070,Trad_Wife,"Goth Trad Girl, Trad Wife, Civilian (Teenager)",177547
5_Trad_Wife/3071,Trad_Wife,"Gotou Hitori, Trad Wife, Full Body, Music, Anime",285349
5_Trad_Wife/3072,Trad_Wife,"Grande Prêtresse Marie Charlotte, Trad Wife, Internet, Authoritarian Right, MAGA, 2010-2020",706201
5_Trad_Wife/3073,Trad_Wife,"Granny, Trad Wife, Strange, Video Game, Monster",174271
5_Trad_Wife/3074,Trad_Wife,"gta 4 girl , Trad Wife, Grand Theft Auto",20018
5_Trad_Wife/3075,Trad_Wife,"Happy Couple From Behind by Alice-Charlotte (mod by lulo), Trad Wife, Group, Family",294301
5_Trad_Wife/3076,Trad_Wife,"Happy Trad Wife, Trad Wife, Civilian (Adult)",45347
5_Trad_Wife/3077,Trad_Wife,"Happy Trad Wife, Trad Wife, Template",208575
5_Trad_Wife/3078,Trad_Wife,"Harvest Goddes (Harvest Moon), Trad Wife, Video Game, Farm",89272
5_Trad_Wife/3079,Trad_Wife,"Hatsune Miku, Trad Wife, Anime, Japan, Music",140506
5_Trad_Wife/3080,Trad_Wife,"Heera Mandi Girl, Trad Wife, Pakistan, Asia",89921
5_Trad_Wife/3081,Trad_Wife,"Heer Helferin, Trad Wife, The Third Reich, Deutsches Heer, 1939-1945",100516
5_Trad_Wife/3082,Trad_Wife,"Hijab Trad Wife, Trad Wife, Middle East, Islam",78043
5_Trad_Wife/3083,Trad_Wife,"Hippy Girl, Trad Wife, 1970-1980, United States, Vietnam War",181224
5_Trad_Wife/3084,Trad_Wife,"Horny Sexy Trad Female, Trad Wife, NSFW",75729
5_Trad_Wife/3085,Trad_Wife,"Hot Traditionnal Trad Wife, Trad Wife, NSFW, Full Body",1065410
5_Trad_Wife/3086,Trad_Wife,"Huda Saleh Mahdi Ammash, Trad Wife, Iraq, 1980-1990, Authoritarian Left, Science",273185
5_Trad_Wife/3087,Trad_Wife,"Huldra, Trad Wife, Norway, Sweden, Scandinavia, Finland, Mythology, Fantasy",85621
5_Trad_Wife/3088,Trad_Wife,"Human Ressource Departement Girl, Trad Wife, The Ever-Expanding Bunker, Robot",144933
5_Trad_Wife/3089,Trad_Wife,"""I´m not bossy"", Trad Wife, National-Socialism, Schutzstaffel, The Third Reich, 1939-1945",260029
5_Trad_Wife/3090,Trad_Wife,"Indian Desi Girl, Trad Wife, India, Asia, Autochthonous, Hinduism",60334
5_Trad_Wife/3091,Trad_Wife,"Influencer , Trad Wife, Full Body, Youtube, Social Media",746551
5_Trad_Wife/3092,Trad_Wife,"Injured Trad Wife, Trad Wife, Civilian (Adult), Injured and Dead",756457
5_Trad_Wife/3093,Trad_Wife,"Iraqi Jewish Trad Wife, Trad Wife, Iraq, Israel, Judaism",121516
5_Trad_Wife/3094,Trad_Wife,"IRAQI Marine, Trad Wife, Iraq, Iran, Turkey, Syria, Kuwait",91493
5_Trad_Wife/3095,Trad_Wife,"Irene Montero, Trad Wife, Spain, Political Figure",41493
5_Trad_Wife/3096,Trad_Wife,"Iris (Taxi Driver), Trad Wife, Movie and TV Show, Criminal",1024472
5_Trad_Wife/3097,Trad_Wife,"Israeli Soldier Trad Wife, Trad Wife, 2000-2010, Israel Defense Forces, Israel",118749
5_Trad_Wife/3098,Trad_Wife,,519114
5_Trad_Wife/3099,Trad_Wife,"Jean, Trad Wife, Comics, Marvel",76301
5_Trad_Wife/3100,Trad_Wife,"Joker Trad Wife, Trad Wife, DC, Comics",2504458
5_Trad_Wife/3101,Trad_Wife,"Judith Mossman, Trad Wife, Video Game, Half Life",86071
5_Trad_Wife/3102,Trad_Wife,"Jyushi's Girlfriend, Trad Wife, Anime, Osomatsu-san",63455
5_Trad_Wife/3103,Trad_Wife,"Karen Trad Wife, Trad Wife, 2010-2020, Civilian (Adult), United States",98034
5_Trad_Wife/3104,Trad_Wife,"Kayleigh Wintercrest (Sims 2), Trad Wife, Video Game, Civilian (Adult)",289721
5_Trad_Wife/3105,Trad_Wife,"Kendra McCornish, Trad Wife, Movie and TV Show",65041
5_Trad_Wife/3106,Trad_Wife,"Kendra McCornish (Zombie), Trad Wife, Movie and TV Show, Monster",73325
5_Trad_Wife/3107,Trad_Wife,"KFC Worker, Trad Wife, Brands, Employee, Food and Drink",42755
5_Trad_Wife/3108,Trad_Wife,"Kim Yo Jong, Trad Wife, Authoritarian Left, Korea, 2010-2020, Political Figure",335126
5_Trad_Wife/3109,Trad_Wife,"Knight Girl, Trad Wife, Fantasy, Knight",117537
5_Trad_Wife/3110,Trad_Wife,"Knight Girl, Trad Wife, Fantasy, Knight",43549
5_Trad_Wife/3111,Trad_Wife,"Knight Girl, Trad Wife, Fantasy, Knight",43549
5_Trad_Wife/3112,Trad_Wife,"Komi Shouko (Komi Cant Communicate), Trad Wife, Anime",19536
5_Trad_Wife/3113,Trad_Wife,"Laa Laa, Trad Wife, United Kingdom, Movie and TV Show",64611
5_Trad_Wife/3114,Trad_Wife,"La Basilea Pika-Impératriss, Trad Wife, Internet, National-Socialism, France, LGBT+",28960
5_Trad_Wife/3115,Trad_Wife,"La Basileia Pika-Impératriss, Trad Wife, Internet, France, LGBT+",98836
5_Trad_Wife/3116,Trad_Wife,"Lady in Mourning, Trad Wife, 476-1492, Knight, Fantasy",58767
5_Trad_Wife/3117,Trad_Wife,"Lady of Cao, Trad Wife, Peru, Autochthonous, 1492-1789",48522
5_Trad_Wife/3118,Trad_Wife,"Lara Croft, Trad Wife, Video Game",67008
5_Trad_Wife/3119,Trad_Wife,"Lara Teyber, Trad Wife, Anime, Attack On Titan",161055
5_Trad_Wife/3120,Trad_Wife,"Lazy Egirl , Trad Wife, Civilian (Teenager), Food and Drink, Video Game, Full Body",787957
5_Trad_Wife/3121,Trad_Wife,"Lazy girl, Trad Wife, Civilian (Teenager), Full Body, Russia, Europe",854376
5_Trad_Wife/3122,Trad_Wife,"Liberated Feminist, Trad Wife, Liberal Left, Full Body, Civilian (Teenager)",453014
5_Trad_Wife/3123,Trad_Wife,"Librarian Trad Wife, Trad Wife, Civilian (Adult)",172952
5_Trad_Wife/3124,Trad_Wife,"lies, Trad Wife, Schutzstaffel",225933
5_Trad_Wife/3125,Trad_Wife,"Lilandra, Trad Wife, Comics, DC",75018
5_Trad_Wife/3126,Trad_Wife,"Lore , Trad Wife, Germany, Europe, Full Body, Civilian (Teenager)",771117
5_Trad_Wife/3127,Trad_Wife,"Louise (Eyes Without Face), Trad Wife, Movie and TV Show, United States, Strange",345205
5_Trad_Wife/3128,Trad_Wife,"Lux, Trad Wife, Video Game, League of Legends",14820
5_Trad_Wife/3129,Trad_Wife,"MacWorker Trad Wife, Trad Wife, Brands, Food and Drink, Employee",177694
5_Trad_Wife/3130,Trad_Wife,"Madame Adélaïde (Marie Adélaïde de France), Trad Wife, 1789-1821, Other Sovereign Title, France, French Revolution",57334
5_Trad_Wife/3131,Trad_Wife,"Mad Golda Meir, Trad Wife, Israel",112172
5_Trad_Wife/3132,Trad_Wife,"Mafia Girl, Trad Wife, 1918-1939, Italy, Criminal",139447
5_Trad_Wife/3133,Trad_Wife,"Main Character Baldur Gate's, Trad Wife, Fantasy, Video Game, Baldur's Gate, Elf",41246
5_Trad_Wife/3134,Trad_Wife,"Main Character Baldur Gate's, Trad Wife, Fantasy, Video Game, Baldur's Gate, Elf",30189
5_Trad_Wife/3135,Trad_Wife,"Main Character Baldur Gate's, Trad Wife, Fantasy, Video Game, Baldur's Gate, Elf",35838
5_Trad_Wife/3136,Trad_Wife,"Makai Kishi Ingrid, Trad Wife, Anime",207550
5_Trad_Wife/3137,Trad_Wife,"Marianne, Trad Wife, France, 1789-1821, French Revolution",40185
5_Trad_Wife/3138,Trad_Wife,"Mary, Trad Wife, Militia Forces, Europe",43930
5_Trad_Wife/3139,Trad_Wife,"Masked Trad Oomer Coomer, Trad Wife, Masked",441286
5_Trad_Wife/3140,Trad_Wife,"Matriarch of the Universal Church of Truth, Trad Wife, Comics, Marvel",84887
5_Trad_Wife/3141,Trad_Wife,"Mayan Noble Trad Wife, Trad Wife, Mexico, Autochthonous, 476-1492",320589
5_Trad_Wife/3142,Trad_Wife,"Medieval Wise Woman, Trad Wife, 476-1492, Peasant",172203
5_Trad_Wife/3143,Trad_Wife,"Me mother, Trad Wife, Internet",285162
5_Trad_Wife/3144,Trad_Wife,"Mentally Ill Girl, Trad Wife, Full Body, Injured and Dead",371460
5_Trad_Wife/3145,Trad_Wife,"Methodists, Trad Wife, Christianism, Protestantism, Group",441004
5_Trad_Wife/3146,Trad_Wife,"Mia Khalifa, Trad Wife, Lebanon, Asia",1889886
5_Trad_Wife/3147,Trad_Wife,"Mika, Trad Wife, Anime, Girls Und Panzer",26476
5_Trad_Wife/3148,Trad_Wife,"MikaWaifu's Trad Wife, Trad Wife, Civilian (Teenager)",93456
5_Trad_Wife/3149,Trad_Wife,"Militant Mommy, Trad Wife, Israel, Militia Forces",270689
5_Trad_Wife/3150,Trad_Wife,"Militant Texas Separatist (Female), Trad Wife, Militia Forces, United States, Texas",114092
5_Trad_Wife/3151,Trad_Wife,"Mississipian Trad Wife, Trad Wife, 1492-1789, Autochthonous, United States",395116
5_Trad_Wife/3152,Trad_Wife,"Mixed Trad Girl Shrug, Trad Wife, Civilian (Teenager)",313183
5_Trad_Wife/3153,Trad_Wife,"Mom, Trad Wife, Family",86272
5_Trad_Wife/3154,Trad_Wife,"Mongolian Tradwife, Trad Wife, 476-1492, Mongolia",434536
5_Trad_Wife/3155,Trad_Wife,"Morbidly Fat Trad Wife, Trad Wife, Template",2485575
5_Trad_Wife/3156,Trad_Wife,"Mother Miranda, Trad Wife, Video Game, Resident Evil, Monster",53500
5_Trad_Wife/3157,Trad_Wife,"Nancy, Trad Wife, Civilian (Teenager)",73648
5_Trad_Wife/3158,Trad_Wife,"Nasrani Tradwife 2, Trad Wife, India, Orthodox",104439
5_Trad_Wife/3159,Trad_Wife,"Nasrani Tradwife 3, Trad Wife, India, Orthodox",104578
5_Trad_Wife/3160,Trad_Wife,"Nasrani Tradwife 4, Trad Wife, India, Orthodox",105559
5_Trad_Wife/3161,Trad_Wife,"Nasrani Tradwife, Trad Wife, India, Orthodox",103803
5_Trad_Wife/3162,Trad_Wife,"Nationalist Turkish wife, Trad Wife, Turkey, Civilian (Adult), Authoritarian Right",242815
5_Trad_Wife/3163,Trad_Wife,"Nationalist Turkish wife, Trad Wife, Turkey, Civilian (Adult), Authoritarian Right",265034
5_Trad_Wife/3164,Trad_Wife,"Nature Element Trad Wife, Trad Wife, Fantasy",78302
5_Trad_Wife/3165,Trad_Wife,"Navajo Grandma Trad Wife, Trad Wife, Autochthonous, North America, United States",437368
5_Trad_Wife/3166,Trad_Wife,"Nazi Trad Wife, Trad Wife, 1939-1945, The Third Reich, Schutzstaffels",121384
5_Trad_Wife/3167,Trad_Wife,"Negab Trad Wife, Trad Wife, Middle East, Kuwait, Saudi Arabia, Islam",89140
5_Trad_Wife/3168,Trad_Wife,"Neko Trad Wife, Trad Wife, Nekomimi",180757
5_Trad_Wife/3169,Trad_Wife,"Neolithic Trad Wife, Trad Wife, -3000",207171
5_Trad_Wife/3170,Trad_Wife,"Noble Trad Wife, Trad Wife, 1492-1789, Nobility and Bourgeoisie",702873
5_Trad_Wife/3171,Trad_Wife,"Nonna, Trad Wife, Anime, Girls Und Panzer",15571
5_Trad_Wife/3172,Trad_Wife,"Nozomi, Trad Wife, Anime, Osomatsu-san",78415
5_Trad_Wife/3173,Trad_Wife,"Nude Tan Trad Wife, Trad Wife, NSFW",82140
5_Trad_Wife/3174,Trad_Wife,"Nude White Trad Wife, Trad Wife, NSFW, United States, Civilian (Adult)",107467
5_Trad_Wife/3175,Trad_Wife,"Nurse, Trad Wife, Medical",83088
5_Trad_Wife/3176,Trad_Wife,"Nurse, Trad Wife, Medical",274073
5_Trad_Wife/3177,Trad_Wife,"Oktoberfest , Trad Wife, Europe, Germany, Food and Drink, Festivity",772985
5_Trad_Wife/3178,Trad_Wife,"Old Trad Wife, Trad Wife, 476-1492, Peasant",102859
5_Trad_Wife/3179,Trad_Wife,"Oomer Mask Trad Girl, Trad Wife, Masked",127755
5_Trad_Wife/3180,Trad_Wife,"Oprah Winfrey, Trad Wife, Movie and TV Show",32538
5_Trad_Wife/3181,Trad_Wife,"Orange Trad Wife, Trad Wife, Civilian (Adult)",540481
5_Trad_Wife/3182,Trad_Wife,"Pagan Trad Wife, Trad Wife, Scandinavia, -3000-476",231366
5_Trad_Wife/3183,Trad_Wife,"Pakistani Girl, Trad Wife, Pakistan, Asia",107889
5_Trad_Wife/3184,Trad_Wife,"Pakistani Women, Trad Wife, Pakistan, Asia",108883
5_Trad_Wife/3185,Trad_Wife,"Pashtun Kaffir Girl, Trad Wife, Asia, Afghanistan",98579
5_Trad_Wife/3186,Trad_Wife,"Pashtun Women, Trad Wife, Afghanistan, Asia",112667
5_Trad_Wife/3187,Trad_Wife,"Pashtun Women, Trad Wife, Afghanistan, Asia",119192
5_Trad_Wife/3188,Trad_Wife,"Peak Finger, Trad Wife, Anime, Attack On Titan",19780
5_Trad_Wife/3189,Trad_Wife,"Persian Trad Wife, Trad Wife, Middle East, Iran",771277
5_Trad_Wife/3190,Trad_Wife,"Peshmerga Trad Wife, Trad Wife, Iraq, Kurdistan, Royal Iraqi Army",250883
5_Trad_Wife/3191,Trad_Wife,"PikaImperatriss in a Milktank Costume, Trad Wife, Internet, France, Nintendo, Video Game, Pokemon",23194
5_Trad_Wife/3192,Trad_Wife,"Polish Trad Wife , Trad Wife, Europe, Poland, Civilian (Adult)",244283
5_Trad_Wife/3193,Trad_Wife,"Popular Front for the Liberation of Palestine Soldier, Trad Wife, Palestine, Other Army (Middle East), Authoritarian Left",68769
5_Trad_Wife/3194,Trad_Wife,"Porn Star Trad Wife, Trad Wife, NSFW",34329
5_Trad_Wife/3195,Trad_Wife,"Pregnant Tradwife in Red Sweater, Trad Wife, Civilian (Adult)",129028
5_Trad_Wife/3196,Trad_Wife,"Pregnant Trad Wife, Trad Wife, Civilian (Adult)",357419
5_Trad_Wife/3197,Trad_Wife,"Pregnat Housewife, Trad Wife, Civilian (Adult), Family",1215023
5_Trad_Wife/3198,Trad_Wife,"Princess Peach, Trad Wife, Nintendo, Super Mario, Video Game",76813
5_Trad_Wife/3199,Trad_Wife,"Prussian Girl, Trad Wife, 1821-1914, Royal Prussian Army, Prussia, Germany, 1821-1914",330371
5_Trad_Wife/3200,Trad_Wife,"Prussian Robotic Wife, Trad Wife, Prussia, Robot, Futuristic",97346
5_Trad_Wife/3201,Trad_Wife,"Pudgy Iraqi Patriot girl, Trad Wife, Middle East, Iraq",849584
5_Trad_Wife/3202,Trad_Wife,"Pudgy Nurse , Trad Wife, Medical, Full Body",664889
5_Trad_Wife/3203,Trad_Wife,"Purple Trad Wife, Trad Wife, Civilian (Adult)",561728
5_Trad_Wife/3204,Trad_Wife,"Queen Beatrix of Netherlands elder, Trad Wife, Netherlands, Monarch, 2000-2010",1040784
5_Trad_Wife/3205,Trad_Wife,"Queen Elizabeth I , Trad Wife, United Kingdom, 1492-1789, Monarch",439539
5_Trad_Wife/3206,Trad_Wife,"Queen Margrethe II of Denmark 1970, Trad Wife, Denmark, Monarch, 1970-1980",151968
5_Trad_Wife/3207,Trad_Wife,"Queen Rhaenyra Targaryen, Trad Wife, Fantasy, Movie and TV Show, Game of Thrones",986376
5_Trad_Wife/3208,Trad_Wife,"Redhead Crying Trad Wife, Trad Wife, Civilian (Adult)",176921
5_Trad_Wife/3209,Trad_Wife,"RedHead Trad Wife, Trad Wife, Civilian (Adult)",565956
5_Trad_Wife/3210,Trad_Wife,"RedHead Trad Wife, Trad Wife, Civilian (Adult)",566870
5_Trad_Wife/3211,Trad_Wife,"RedHead Trad Wife, Trad Wife, Civilian (Adult)",566870
5_Trad_Wife/3212,Trad_Wife,"Reform Female Rabbi, Trad Wife, Judaism, Religious Authority",611861
5_Trad_Wife/3213,Trad_Wife,"Rey, Trad Wife, Movie and TV Show, Futuristic, Star Wars, Space",131114
5_Trad_Wife/3214,Trad_Wife,"Rhubarb Girl, Trad Wife, Farm, Food and Drink, Civilian (Adult)",562412
5_Trad_Wife/3215,Trad_Wife,"Rice Balls, Trad Wife, Anime, Osomatsu-san, Group",53965
5_Trad_Wife/3216,Trad_Wife,"Roman Trad Wife, Trad Wife, -3000-476, Roman Empire",566137
5_Trad_Wife/3217,Trad_Wife,"Roxanne, Trad Wife, Cartoon, Disney",230280
5_Trad_Wife/3218,Trad_Wife,"Safiya (Neverwinter Nights), Trad Wife, Fantasy, Video Game",18578
5_Trad_Wife/3219,Trad_Wife,"Sami Trad Wife, Trad Wife, Scandinavia, Finland",187036
5_Trad_Wife/3220,Trad_Wife,"Samosely Tradwife with Washka, Trad Wife, Peasant, The Ever-Expanding Bunker, Farm",330362
5_Trad_Wife/3221,Trad_Wife,"Samus Aran, Trad Wife, Nintendo, Video Game, Metroid",25993
5_Trad_Wife/3222,Trad_Wife,"Santa Rosa de Lima, Trad Wife, Peru, Colonial, Christianism, 1492-1789",63316
5_Trad_Wife/3223,Trad_Wife,"Sarah Weintraub, Trad Wife, Post Apocalyptic, Fallout : New Vegas",91242
5_Trad_Wife/3224,Trad_Wife,"Sasha Von Rosen, Trad Wife, Internet, France, LGBT+",87010
5_Trad_Wife/3225,Trad_Wife,"Schutzstaffel Officer, Trad Wife, Schutzstaffel, 1939-1945, The Third Reich",64815
5_Trad_Wife/3226,Trad_Wife,"Schutzstaffel Trad Wife, Trad Wife, National-Socialism, LGBT+, Schutzstaffel",51566
5_Trad_Wife/3227,Trad_Wife,"Scientific Women, Trad Wife, Science",203531
5_Trad_Wife/3228,Trad_Wife,"Serleena , Trad Wife, Movie and TV Show, Full Body",388355
5_Trad_Wife/3229,Trad_Wife,"Sheva Alomar, Trad Wife, Video Game, Resident Evil",246998
5_Trad_Wife/3230,Trad_Wife,"Shizuha Aki, Trad Wife, Video Game, Touhou Project",33128
5_Trad_Wife/3231,Trad_Wife,"Short Hair Orange Jacket Trad Wife, Trad Wife, Civilian (Teenager)",96571
5_Trad_Wife/3232,Trad_Wife,"Shrugging Trad Wife, Trad Wife, Civilian (Adult)",332396
5_Trad_Wife/3233,Trad_Wife,"Shrugging Trad Wife, Trad Wife, Civilian (Adult)",335773
5_Trad_Wife/3234,Trad_Wife,"Shrugging Trad Wife, Trad Wife, Civilian (Adult)",335773
5_Trad_Wife/3235,Trad_Wife,"Shy Elf (Corruption of Champions), Trad Wife, Video Game, Fantasy, Elf",51300
5_Trad_Wife/3236,Trad_Wife,"Skinhead Girl, Trad Wife, 1970-1980, United Kingdom, Authoritarian Right",423526
5_Trad_Wife/3237,Trad_Wife,"Slendrina (Slendrina The Cellar), Trad Wife, Video Game, Monster",156760
5_Trad_Wife/3238,Trad_Wife,"Slytherin Trad Wife, Trad Wife, Movie and TV Show, Harry Potter, Fantasy",104960
5_Trad_Wife/3239,Trad_Wife,"Smoking SS Officier Girl, Trad Wife, Schutzstaffel, 1939-1945, The Third Reich",71419
5_Trad_Wife/3240,Trad_Wife,"Sniper Wolf, Trad Wife, Nintendo, Video Game, Metal Gear Solid",26101
5_Trad_Wife/3241,Trad_Wife,"Socialite, Trad Wife, Liberal Left, Civilian (Adult)",93579
5_Trad_Wife/3242,Trad_Wife,"Solveig Mineo, Trad Wife, Youtube, France, Internet, Authoritarian Right, 2020-2030",321220
5_Trad_Wife/3243,Trad_Wife,"South African Wife Soldier, Trad Wife, South Africa, South African Defence Force",185134
5_Trad_Wife/3244,Trad_Wife,"Southern England Trad Wife, Trad Wife, United Kingdom, Europe",128240
5_Trad_Wife/3245,Trad_Wife,"Soviet Couple, Trad Wife, Group, Soviet Union, 1939-1945",303774
5_Trad_Wife/3246,Trad_Wife,"Soviet Woman Officer, Trad Wife, Red Army, Soviet Union, 1945-1950",85953
5_Trad_Wife/3247,Trad_Wife,"Spanish Republican woman, Trad Wife, Spain, Spanish Civil War, Republican Side (Spanish Civil War), 1918-1939",34018
5_Trad_Wife/3248,Trad_Wife,"S.S Girl, Trad Wife, National-Socialism, The Third Reich, 1939-1945",44928
5_Trad_Wife/3249,Trad_Wife,"SS Girl With A Cup Of Coffe, Trad Wife, 1939-1945, National-Socialism, The Third Reich, Schutzstaffel",23718
5_Trad_Wife/3250,Trad_Wife,"Starbucks Barrista, Trad Wife, Brands, Employee, Food and Drink",8600
5_Trad_Wife/3251,Trad_Wife,"Stripper Woman, Trad Wife, Full Body, NSFW",410203
5_Trad_Wife/3252,Trad_Wife,"Student Wojak, Trad Wife, Academic",176291
5_Trad_Wife/3253,Trad_Wife,"Sumerian Tradwife, Trad Wife, Autochthonous, -3000-476",191284
5_Trad_Wife/3254,Trad_Wife,"Surfer Tradwife , Trad Wife, Sport, Tourism",1246038
5_Trad_Wife/3255,Trad_Wife,"Survivalist Trad Wife, Trad Wife, Survivalism, Post Apocalyptic",73637
5_Trad_Wife/3256,Trad_Wife,"Swiss Wife, Trad Wife, Switzerland, Europe",167283
5_Trad_Wife/3257,Trad_Wife,"Talia, Trad Wife, Comics, DC",61983
5_Trad_Wife/3258,Trad_Wife,"Tár, Trad Wife, Movie and TV Show, Music",207214
5_Trad_Wife/3259,Trad_Wife,"Tarboosh Trad Wife, Trad Wife, Algeria, Africa",378108
5_Trad_Wife/3260,Trad_Wife,"Teenager Trad Wife, Trad Wife, Civilian (Teenager)",247778
5_Trad_Wife/3261,Trad_Wife,"Teenager Trad Wife, Trad Wife, Civilian (Teenager)",202727
5_Trad_Wife/3262,Trad_Wife,"Teenager Trad Wife, Trad Wife, Meme, Full Body",665090
5_Trad_Wife/3263,Trad_Wife,"Teenager Trad Wife, Trad Wife, Civilian (Teenager)",158837
5_Trad_Wife/3264,Trad_Wife,"Tennis Player , Trad Wife, Sport, Full Body, Civilian (Teenager)",927127
5_Trad_Wife/3265,Trad_Wife,"Test Subject Eating, Trad Wife, Food and Drink, The Ever-Expanding Bunker, Science",207331
5_Trad_Wife/3266,Trad_Wife,"Test Subject Rabbit, Trad Wife, The Ever-Expanding Bunker, Science",234511
5_Trad_Wife/3267,Trad_Wife,"The 24 Year Old Slooter, Trad Wife, NSFW",245051
5_Trad_Wife/3268,Trad_Wife,"The Bunker Resident, Trad Wife, The Ever-Expanding Bunker",22981
5_Trad_Wife/3269,Trad_Wife,"The Fleet Admiral, Trad Wife, Futuristic, Space",425921
5_Trad_Wife/3270,Trad_Wife,"The ISF Captain, Trad Wife, Futuristic, Space",355750
5_Trad_Wife/3271,Trad_Wife,"The Journalist, Trad Wife, The Ever-Expanding Bunker, Employee",515211
5_Trad_Wife/3272,Trad_Wife,"The NeoTrad, Trad Wife, The Ever-Expanding Bunker",631171
5_Trad_Wife/3273,Trad_Wife,"The Samosely, Trad Wife, Farm, Peasant",330362
5_Trad_Wife/3274,Trad_Wife,"The Sandwich Lady, Trad Wife, Employee, Food and Drink, 1918-1939",272725
5_Trad_Wife/3275,Trad_Wife,"The Slayer (No Helmet), Trad Wife, The Ever-Expanding Bunker, Elite Guard (The Ever-Expanding Bunker)",191182
5_Trad_Wife/3276,Trad_Wife,"The Souther, Trad Wife, Fantasy, Futuristic",107633
5_Trad_Wife/3277,Trad_Wife,"The Vulgarian, Trad Wife, United States, Anarchism",970181
5_Trad_Wife/3278,Trad_Wife,"The White Lady, Trad Wife, Video Game, Hollow Knight",172275
5_Trad_Wife/3279,Trad_Wife,"Tired Yugo, Trad Wife, Civilian (Adult), Yugoslavia",521888
5_Trad_Wife/3280,Trad_Wife,"Titanic Fangirl, Trad Wife, Movie and TV Show",1102359
5_Trad_Wife/3281,Trad_Wife,"Toblerone Girl, Trad Wife, Switzerland, Full Body, Food and Drink",1005135
5_Trad_Wife/3282,Trad_Wife,"Tokino Sora, Trad Wife, Youtube, Virtual Youtuber, Japan",629591
5_Trad_Wife/3283,Trad_Wife,"Topless White Trad Wife With Red Thong, Trad Wife, NSFW, Full Body",175718
5_Trad_Wife/3284,Trad_Wife,"Trad Bolivian Girl, Trad Wife, South America, Bolivia",71868
5_Trad_Wife/3285,Trad_Wife,"Trad Ellen White, Trad Wife, Christianism, Protestantism, United States",35295
5_Trad_Wife/3286,Trad_Wife,"Trad Fly, Trad Wife, Farm",358779
5_Trad_Wife/3287,Trad_Wife,"Trad Girl War General, Trad Wife, Post Apocalyptic, Futuristic Army, Injured and Dead",319724
5_Trad_Wife/3288,Trad_Wife,"Trad Japanese, Trad Wife, Asia, Japan",138048
5_Trad_Wife/3289,Trad_Wife,"Trad Jewish Woman, Trad Wife, Israel, Middle East, Judaism",259379
5_Trad_Wife/3290,Trad_Wife,"Trad Norway, Trad Wife, Scandinavia, Europe, Norway",109473
5_Trad_Wife/3291,Trad_Wife,"Trad Nun, Trad Wife, Christianism, Religious Authority",149903
5_Trad_Wife/3292,Trad_Wife,"Trad Trans Christian Girl, Trad Wife, Christianism, LGBT+",292757
5_Trad_Wife/3293,Trad_Wife,"Trad Trans Girl, Trad Wife, LGBT+",166547
5_Trad_Wife/3294,Trad_Wife,"Trad Wife, Trad Wife, Civilian (Adult)",19960
5_Trad_Wife/3295,Trad_Wife,"Trad Wife, Trad Wife, Civilian (Adult)",337073
5_Trad_Wife/3296,Trad_Wife,"Trad Wife, Trad Wife, Civilian (Adult)",161286
5_Trad_Wife/3297,Trad_Wife,"Trad Wife, Trad Wife, Civilian (Eldery)",18425
5_Trad_Wife/3298,Trad_Wife,"Trad Wife, Trad Wife, Civilian (Adult)",19479
5_Trad_Wife/3299,Trad_Wife,"Trad Wife, Trad Wife, Civilian (Adult)",75410
5_Trad_Wife/3300,Trad_Wife,"Trad Wife, Trad Wife, Civilian (Adult)",165137
5_Trad_Wife/3301,Trad_Wife,"Trad Wife, Trad Wife, Civilian (Adult)",169867
5_Trad_Wife/3302,Trad_Wife,"Trad Wife, Trad Wife, Civilian (Adult)",128815
5_Trad_Wife/3303,Trad_Wife,"Trad Wife, Trad Wife, Civilian (Adult)",90286
5_Trad_Wife/3304,Trad_Wife,"Trad Wife, Trad Wife, Civilian (Adult)",137249
5_Trad_Wife/3305,Trad_Wife,"Trad Wife, Trad Wife, Civilian (Adult)",138102
5_Trad_Wife/3306,Trad_Wife,"Trad Wife, Trad Wife, Civilian (Adult)",108394
5_Trad_Wife/3307,Trad_Wife,"Trad Wife, Trad Wife, Civilian (Adult)",123803
5_Trad_Wife/3308,Trad_Wife,"Trad Wife, Trad Wife, Full Body",375668
5_Trad_Wife/3309,Trad_Wife,"Tradwife Bathsuit, Trad Wife, Tourism",413240
5_Trad_Wife/3310,Trad_Wife,"Trad Wife - Bikini, Trad Wife, Civilian (Adult), Full Body, Tourism",399349
5_Trad_Wife/3311,Trad_Wife,"Tradwife Braided Hair, Trad Wife, Civilian (Adult)",1828167
5_Trad_Wife/3312,Trad_Wife,"Trad Wife Brainlet, Trad Wife, Civilian (Adult)",52520
5_Trad_Wife/3313,Trad_Wife,"Trad Wife Cat, Trad Wife, Full Body, NSFW",550386
5_Trad_Wife/3314,Trad_Wife,"Trad Wife Coomer, Trad Wife, Template",800505
5_Trad_Wife/3315,Trad_Wife,"Trad Wife - Dress (2), Trad Wife, Civilian (Adult), Full Body",378378
5_Trad_Wife/3316,Trad_Wife,"Trad Wife Farmer, Trad Wife, Farm, Peasant",594626
5_Trad_Wife/3317,Trad_Wife,"Trad Wife Frog , Trad Wife, Template",377323
5_Trad_Wife/3318,Trad_Wife,"Tradwife Gardener, Trad Wife, Farm, Peasant",293195
5_Trad_Wife/3319,Trad_Wife,"Trad Wife Groomer Coomer, Trad Wife, Template",646094
5_Trad_Wife/3320,Trad_Wife,"Trad Wife KFC Worker, Trad Wife, Food and Drink, Brands, Employee",42755
5_Trad_Wife/3321,Trad_Wife,"Trad Wife - Lingerie, Trad Wife, NSFW, Full Body",469015
5_Trad_Wife/3322,Trad_Wife,"Trad Wife - Lounging, Trad Wife, Civilian (Adult), Full Body",501903
5_Trad_Wife/3323,Trad_Wife,"Trad Wife - McDonald's, Trad Wife, Corporation, Employee, Food and Drink, Full Body",410106
5_Trad_Wife/3324,Trad_Wife,"Trad Wife Pagan, Trad Wife, 476-1492, Autochthonous",169136
5_Trad_Wife/3325,Trad_Wife,"Trad Wife Pagan, Trad Wife, 476-1492, Autochthonous",171547
5_Trad_Wife/3326,Trad_Wife,"Trad Wife Pagan, Trad Wife, 476-1492, Autochthonous",171547
5_Trad_Wife/3327,Trad_Wife,"Tradwife Picnic Dress, Trad Wife, Christianism, Civilian (Adult)",910234
5_Trad_Wife/3328,Trad_Wife,"Trad Wife, Trad Wife, Civilian (Adult)",123803
5_Trad_Wife/3329,Trad_Wife,"Trad Wife Ponytail, Trad Wife, Template",812002
5_Trad_Wife/3330,Trad_Wife,"Trad Wife Rage, Trad Wife, Template",869642
5_Trad_Wife/3331,Trad_Wife,"Trad Wife Red Dress, Trad Wife, Civilian (Adult)",17907
5_Trad_Wife/3332,Trad_Wife,"Trad Wife Red Dress, Trad Wife, Civilian (Adult)",18958
5_Trad_Wife/3333,Trad_Wife,"Trad Wife Red Dress, Trad Wife, Civilian (Adult)",18958
5_Trad_Wife/3334,Trad_Wife,"Trad Wife Soviet, Trad Wife, 1918-1939, Soviet Union",78468
5_Trad_Wife/3335,Trad_Wife,"Trad Wife SunGlasses, Trad Wife, Civilian (Adult)",347923
5_Trad_Wife/3336,Trad_Wife,"Trad Wife - Sweater, Trad Wife, Civilian (Adult), Full Body",441843
5_Trad_Wife/3337,Trad_Wife,"Trad Wife Template, Trad Wife, Template",11200
5_Trad_Wife/3338,Trad_Wife,"Trad Wife - T-shirt, Trad Wife, Civilian (Adult), Full Body",374521
5_Trad_Wife/3339,Trad_Wife,"Trad Wife Variant, Trad Wife, Civilian (Adult)",217025
5_Trad_Wife/3340,Trad_Wife,"Trad Wife Variant, Trad Wife, Civilian (Adult)",381836
5_Trad_Wife/3341,Trad_Wife,"Trad Wife Variant, Trad Wife, Civilian (Adult)",381836
5_Trad_Wife/3342,Trad_Wife,"Tradwife with Hartman Hips, Trad Wife, Template",333111
5_Trad_Wife/3343,Trad_Wife,"Trad wife with Jebba Kabyle, Trad Wife, Algeria, Africa",550683
5_Trad_Wife/3344,Trad_Wife,"Trad Wife with Pacifier, Trad Wife, Civilian (Teenager)",738833
5_Trad_Wife/3345,Trad_Wife,"Trad wife with the Karakou, Trad Wife, Algeria, Africa",892211
5_Trad_Wife/3346,Trad_Wife,"Tradzmat, Trad Wife, Hazmat",1752414
5_Trad_Wife/3347,Trad_Wife,"Tsunomaki Watame, Trad Wife, Japan, Virtual Youtuber, Youtube",36807
5_Trad_Wife/3348,Trad_Wife,"Tuculor Wife, Trad Wife, Africa, Senegal",155511
5_Trad_Wife/3349,Trad_Wife,"Tulsi Gabbard, Trad Wife, 2010-2020, United States",16206
5_Trad_Wife/3350,Trad_Wife,"Turkish Trad Wife, Trad Wife, Turkey, Authoritarian Right",261760
5_Trad_Wife/3351,Trad_Wife,"Turkish Trad Wife, Trad Wife, Europe, Turkey",198658
5_Trad_Wife/3352,Trad_Wife,"Turkish Wife, Trad Wife, Europe, Turkey",163675
5_Trad_Wife/3353,Trad_Wife,"UNCS Marine, Trad Wife, Video Game, Halo",182834
5_Trad_Wife/3354,Trad_Wife,"Unhappy Queen, Trad Wife, 476-1492, Monarch",253201
5_Trad_Wife/3355,Trad_Wife,"Unity Marie Sue, Trad Wife, The Ever-Expanding Bunker",28707
5_Trad_Wife/3356,Trad_Wife,"unknown, Trad Wife, Civilian (Adult)",101626
5_Trad_Wife/3357,Trad_Wife,"Vanya Thais, Trad Wife, Peru, Catholicism, Spain",332933
5_Trad_Wife/3358,Trad_Wife,"Vault Girl Trad Wife, Trad Wife, Post Apocalyptic, Fallout",25043
5_Trad_Wife/3359,Trad_Wife,"Venezuelan Tradwife FANB Soldier, Trad Wife, National Bolivarian Armed Forces of Venezuela, Venezuela",111146
5_Trad_Wife/3360,Trad_Wife,"Viconia DeVir, Trad Wife, Fantasy, Video Game, Baldur's Gate",40711
5_Trad_Wife/3361,Trad_Wife,"Vintage Dress Trad Wife, Trad Wife, Civilian (Adult), Template, 1950-1960",280436
5_Trad_Wife/3362,Trad_Wife,"Virgem Maria, Trad Wife, Christianism, -3000-476, Mythology",374343
5_Trad_Wife/3363,Trad_Wife,"Waitress with Tendies, Trad Wife, 2010-2020, Civilian (Adult)",239381
5_Trad_Wife/3364,Trad_Wife,"Waking Cloud Trad Wife, Trad Wife, Post Apocalyptic, Fallout : New Vegas",28274
5_Trad_Wife/3365,Trad_Wife,"Wehrmacht Special Force Girl, Trad Wife, Deutsches Heer, 1939-1945, The Third Reich",226549
5_Trad_Wife/3366,Trad_Wife,"Winter Element Trad Wife, Trad Wife, Fantasy",96964
5_Trad_Wife/3367,Trad_Wife,"Witchprincess (Harvest Moon), Trad Wife, Video Game, Farm",174150
5_Trad_Wife/3368,Trad_Wife,"Witch Trad Wife, Trad Wife, Civilian (Adult)",140188
5_Trad_Wife/3369,Trad_Wife,"Withered Trad Wife, Trad Wife, Template",1052698
5_Trad_Wife/3370,Trad_Wife,"Wiz, Trad Wife, Anime, KonoSuba",42945
5_Trad_Wife/3371,Trad_Wife,"Woman, Trad Wife, Civilian (Eldery)",162960
5_Trad_Wife/3372,Trad_Wife,"Yma Súmac, Trad Wife, Peru, Music, 1950-1960",202165
5_Trad_Wife/3373,Trad_Wife,"Young Elizabeth II, Trad Wife, United Kingdom, 1950-1960, Monarch",194831
5_Trad_Wife/3374,Trad_Wife,"Yukari Yakumo, Trad Wife, Video Game, Touhou Project",94246
5_Trad_Wife/3375,Trad_Wife,"Zelda Princess Trad Wife, Trad Wife, Video Game, Nintendo, The Legend of Zelda",108334
5_Trad_Wife/3376,Trad_Wife,"Zoomer and Trad Wife, Trad Wife, Group",69470
5_Twinkjak/14822,Twinkjak,"1970s club brugge footballer, Twinkjak, Sport",100684
5_Twinkjak/14823,Twinkjak,"1990s A.F.C. Tubize footballer, Twinkjak, Sport",118573
5_Twinkjak/14824,Twinkjak,"1990s KV Oostende footballer, Twinkjak, Sport",139460
5_Twinkjak/14825,Twinkjak,"1990s racing genk footballer, Twinkjak, Sport",101187
5_Twinkjak/14826,Twinkjak,"1990s RAFC footballer, Twinkjak, Sport",102130
5_Twinkjak/14827,Twinkjak,"4ep Twinkjak, Twinkjak, Music, 2020-2030",114974
5_Twinkjak/14828,Twinkjak,"Aegon and Viserys Targaryen, Twinkjak, Fantasy, Movie and TV Show, Game of Thrones",315361
5_Twinkjak/14829,Twinkjak,"Aki, Twinkjak, Anime, Chainsaw Man",19823
5_Twinkjak/14830,Twinkjak,"Akkad Twinkjak, Twinkjak, -3000-476, Iraq, Middle East",52601
5_Twinkjak/14831,Twinkjak,"Albanian Twinkjak, Twinkjak, Europe, Balkan, Albania",69745
5_Twinkjak/14832,Twinkjak,"Algerian meryoul Twinkjak, Twinkjak, Africa, Algeria",82599
5_Twinkjak/14833,Twinkjak,"Algerian Twinkjak, Twinkjak, Algeria, Africa",730694
5_Twinkjak/14834,Twinkjak,"Algerian Twinkjak, Twinkjak, Algeria, Africa",631171
5_Twinkjak/14835,Twinkjak,"Algerian Twinkjak, Twinkjak, Africa, Algeria",115417
5_Twinkjak/14836,Twinkjak,"Alloy Silver Twinkjak, Twinkjak, The Ever-Expanding Bunker",244751
5_Twinkjak/14837,Twinkjak,"Al-Qassim Twinkjak, Twinkjak, Middle East, Saudi Arabia",159344
5_Twinkjak/14838,Twinkjak,"Alt Girl Twinkjak, Twinkjak, Civilian (Teenager)",175933
5_Twinkjak/14839,Twinkjak,"Alt Twinkjak, Twinkjak, Civilian (Teenager)",83032
5_Twinkjak/14840,Twinkjak,"American Twinkjak, Twinkjak, United States, North America",128119
5_Twinkjak/14841,Twinkjak,"American Twinkjak, Twinkjak, North America, United States",16170
5_Twinkjak/14842,Twinkjak,"American Twinkjak, Twinkjak, North America, United States",16170
5_Twinkjak/14843,Twinkjak,"Anarchist Twink Girl, Twinkjak, Anarchism",186532
5_Twinkjak/14844,Twinkjak,"Anarchist Twinkjak, Twinkjak, Liberal Left, Anarchism, Criminal",66783
5_Twinkjak/14845,Twinkjak,"Anarcho-Collectivism Twinkjak, Twinkjak, Authoritarian Left (Political Compass), Political Compass, Anarchism",109052
5_Twinkjak/14846,Twinkjak,"Anarcho-Doomer Transboy, Twinkjak, Anarchism, Liberal Left",165659
5_Twinkjak/14847,Twinkjak,"AnCap TwinkJak , Twinkjak, Militia Forces, Liberal Right (Political Compass), Political Compass",207890
5_Twinkjak/14848,Twinkjak,"Anchovy "" Society"", Twinkjak, Anime, Girls Und Panzer",187626
5_Twinkjak/14849,Twinkjak,"Ancient Greek Twinkjak, Twinkjak, Greece, -3000-476",412600
5_Twinkjak/14850,Twinkjak,"Andorra Twinkjak, Twinkjak, Andorra",375738
5_Twinkjak/14851,Twinkjak,"Andorra Twinkjak, Twinkjak, Europe, Andorra",134116
5_Twinkjak/14852,Twinkjak,"Andrew Graves, Twinkjak, Civilian (Teenager)",66964
5_Twinkjak/14853,Twinkjak,"Angevin Twinkjak, Twinkjak, Europe, France",270802
5_Twinkjak/14854,Twinkjak,"Angola Twinkjak, Twinkjak, Africa, Angola",97318
5_Twinkjak/14855,Twinkjak,"Anime Twinkjak, Twinkjak, Japan",108763
5_Twinkjak/14856,Twinkjak,"A Normal Nazi, Twinkjak, National-Socialism, The Third Reich, 1939-1945, Schutzstaffel",97707
5_Twinkjak/14857,Twinkjak,"Arabian Twinkjak , Twinkjak, Saudi Arabia, Middle East",44849
5_Twinkjak/14858,Twinkjak,"Argentinian Twinkjak, Twinkjak, Argentina, South America",141343
5_Twinkjak/14859,Twinkjak,"Argentinian Twinkjak, Twinkjak, Argentina, South America",101838
5_Twinkjak/14860,Twinkjak,"Armenian Monarchist Twinjak, Twinkjak, Roman Empire, Armenia, Knight, -3000-476",183896
5_Twinkjak/14861,Twinkjak,"Armenia Twinkjak, Twinkjak, Europe, Armenia",130853
5_Twinkjak/14862,Twinkjak,"ArtHoe Twinkjak, Twinkjak, Template",147125
5_Twinkjak/14863,Twinkjak,"AUIOP, Twinkjak, Lybia, 2020-2030",195988
5_Twinkjak/14864,Twinkjak,"Australian soldier, Twinkjak, Australia",182517
5_Twinkjak/14865,Twinkjak,"Australian Twinkjak, Twinkjak, Pacific, Australia",475097
5_Twinkjak/14866,Twinkjak,"Australian Twinkjak, Twinkjak, Pacific, Australia",163717
5_Twinkjak/14867,Twinkjak,"Austria-Hungarian Imperial Twinkjak, Twinkjak, Austro-Hungarian Armed Forces, Austria-Hungarian Empire, 1914-1918",99620
5_Twinkjak/14868,Twinkjak,"Austria Hungarian Twinkjak, Twinkjak, 1914-1918, Austria-Hungarian Empire",101663
5_Twinkjak/14869,Twinkjak,"Austrian Twinkjak, Twinkjak, Austria, Europe",136716
5_Twinkjak/14870,Twinkjak,"Azerbaidjan Twinkjak, Twinkjak, Europe, Azerbaijan",152646
5_Twinkjak/14871,Twinkjak,"Babylonian Twinkjak, Twinkjak, Autochthonous, -3000-476",45797
5_Twinkjak/14872,Twinkjak,"Bahrain Twinkjak, Twinkjak, Middle East, Bahrain",17158
5_Twinkjak/14873,Twinkjak,"Bavaria Map, Twinkjak, Europe, Germany, Map",10443
5_Twinkjak/14874,Twinkjak,"BDSM Ahegao Nude Twinkjak, Twinkjak, NSFW",149180
5_Twinkjak/14875,Twinkjak,"BDSM Nude Twinkjak, Twinkjak, NSFW",112504
5_Twinkjak/14876,Twinkjak,"Beast Boy, Twinkjak, Comics, DC",100700
5_Twinkjak/14877,Twinkjak,"Belarussian Twinkjak, Twinkjak, Europe, Belarus",184791
5_Twinkjak/14878,Twinkjak,"Belarus Twinkjak, Twinkjak, Europe, Belarus",167513
5_Twinkjak/14879,Twinkjak,"Belgium Twinkjak, Twinkjak, Europe, Belgium",124284
5_Twinkjak/14880,Twinkjak,"Benjamin Ledig, Twinkjak, 2020-2030, LGBT+, France, Internet",59595
5_Twinkjak/14881,Twinkjak,"Bhutan Twinkjak, Twinkjak, Bhutan, Asia",491202
5_Twinkjak/14882,Twinkjak,"Big Hair Twinkjak, Twinkjak, Civilian (Teenager)",45610
5_Twinkjak/14883,Twinkjak,"Big Lady with Twinkjak, Twinkjak, Civilian (Adult), Group",97071
5_Twinkjak/14884,Twinkjak,"Bisexual Twinkjak, Twinkjak, LGBT+",312826
5_Twinkjak/14885,Twinkjak,"BKA Soldier, Twinkjak, Belarus, Other Army (Europe)",503505
5_Twinkjak/14886,Twinkjak,"Black American Twinkjak, Twinkjak, North America, United States",91798
5_Twinkjak/14887,Twinkjak,"Black Doomer Boy, Twinkjak, Civilian (Adult)",138589
5_Twinkjak/14888,Twinkjak,"BlackJak Twinkjak, Twinkjak, Nekomimi",199428
5_Twinkjak/14889,Twinkjak,"black neo nazis, Twinkjak, The Third Reich, 2020-2030, Group",225694
5_Twinkjak/14890,Twinkjak,"Black Twinkjak, Twinkjak, Food and Drink",636861
5_Twinkjak/14891,Twinkjak,"Black Twinkjak, Twinkjak, Civilian (Teenager)",130087
5_Twinkjak/14892,Twinkjak,"Blond Pansexual Twink, Twinkjak, Civilian (Teenager), LGBT+",59201
5_Twinkjak/14893,Twinkjak,"Blond Twinkjak, Twinkjak, Civilian (Teenager)",153100
5_Twinkjak/14894,Twinkjak,"Blue Girl Twinkjak, Twinkjak, Civilian (Teenager)",79982
5_Twinkjak/14895,Twinkjak,"Blue Hair Twinkjak In Love, Twinkjak, Civilian (Teenager)",361694
5_Twinkjak/14896,Twinkjak,"Bob, Twinkjak, Corporation, Europe",16309
5_Twinkjak/14897,Twinkjak,"Boobies Twinkjak, Twinkjak, Template",77467
5_Twinkjak/14898,Twinkjak,"Bored Jewish Twinkjak, Twinkjak, Judaism, -3000-476",76265
5_Twinkjak/14899,Twinkjak,"Bored Roman Twinkjak, Twinkjak, Roman Empire, -3000-476, Knight",97425
5_Twinkjak/14900,Twinkjak,"Bosnian Twinkjak, Twinkjak, Europe, Balkan, Bosnia and Herzegovina",353370
5_Twinkjak/14901,Twinkjak,"Brazilian Twinkjak, Twinkjak, South America, Brazil",150973
5_Twinkjak/14902,Twinkjak,"Brazilian Twinkjak, Twinkjak, South America, Brazil",218236
5_Twinkjak/14903,Twinkjak,"Breton Twinkjak, Twinkjak, Europe, France",105246
5_Twinkjak/14904,Twinkjak,"British General, Twinkjak, United Kingdom, Australia, 1789-1821, Ocean, Pacific",341929
5_Twinkjak/14905,Twinkjak,"British Soldier Twinkjak, Twinkjak, United Kingdom, British Armed Forces, 1939-1945",95267
5_Twinkjak/14906,Twinkjak,"British Teen Twinkjak, Twinkjak, United Kingdom, 1970-1980, Europe",147254
5_Twinkjak/14907,Twinkjak,"British Teen Twinkjak, Twinkjak, United Kingdom, 1970-1980, Europe",153890
5_Twinkjak/14908,Twinkjak,"British Twinkjak, Twinkjak, United Kingdom, Europe",87429
5_Twinkjak/14909,Twinkjak,"Brown hair boy, Twinkjak, Civilian (Teenager)",258676
5_Twinkjak/14910,Twinkjak,"Brown Hair Twinkjak, Twinkjak, Civilian (Teenager)",94394
5_Twinkjak/14911,Twinkjak,"Bruce Wayne (Robert Pattinson), Twinkjak, Movie and TV Show, DC",93170
5_Twinkjak/14912,Twinkjak,"Buddha Wojak, Twinkjak, Buddhism, Asia",488215
5_Twinkjak/14913,Twinkjak,"Buddies, Twinkjak, 1939-1945, Puerto Rico, Russia",264586
5_Twinkjak/14914,Twinkjak,"Bulgarian Twinkjak, Twinkjak, Europe, Balkan, Bulgaria",49184
5_Twinkjak/14915,Twinkjak,"Burmese Twinkjak, Twinkjak, Asia, Myanmar",74932
5_Twinkjak/14916,Twinkjak,"Businessman Twinkjak, Twinkjak, Corporation",184615
5_Twinkjak/14917,Twinkjak,"Cairngorm (Land of the Lustrous), Twinkjak, Anime",48561
5_Twinkjak/14918,Twinkjak,"Californian Twinkjak, Twinkjak, North America, United States",96067
5_Twinkjak/14919,Twinkjak,"Cameroun Twinkjak, Twinkjak, Africa, Cameroun",19389
5_Twinkjak/14920,Twinkjak,"Canadian Neko Twinkjak, Twinkjak, North America, Canada, Nekomimi",101532
5_Twinkjak/14921,Twinkjak,"Canadian Twinkjak, Twinkjak, North America, Canada",186517
5_Twinkjak/14922,Twinkjak,"Canadian Twinkjak, Twinkjak, North America, Canada",182944
5_Twinkjak/14923,Twinkjak,"Cap Twinkjak, Twinkjak, Civilian (Teenager)",269604
5_Twinkjak/14924,Twinkjak,"Cat Maid Twinkjak, Twinkjak, Nekomimi, Internet",146279
5_Twinkjak/14925,Twinkjak,"Chag, Twinkjak, Civilian (Teenager)",35565
5_Twinkjak/14926,Twinkjak,"Charles Fantome, Twinkjak, France, Internet",292635
5_Twinkjak/14927,Twinkjak,"Charly (Underworld Office), Twinkjak, Video Game, Underworld Office, Monster",333924
5_Twinkjak/14928,Twinkjak,"Cheddar Twink, Twinkjak, Civilian (Teenager), Autochthonous",98178
5_Twinkjak/14929,Twinkjak,"Chika Fujiwara Twinkjak , Twinkjak, Love Is War, Anime",84093
5_Twinkjak/14930,Twinkjak,"Chilean Special Forces Soldier #2, Twinkjak, Chile, Militia Forces",270459
5_Twinkjak/14931,Twinkjak,"Chilean Twinkjak, Twinkjak, Chile, South America, Civilian (Teenager)",153094
5_Twinkjak/14932,Twinkjak,"Chilean Twinkjak, Twinkjak, South America, Chile",54052
5_Twinkjak/14933,Twinkjak,"Chilean Twinkjak, Twinkjak, Chile, South America",15038
5_Twinkjak/14934,Twinkjak,"Chinese Eunuch twinkjak, Twinkjak, China, 476-1492",213244
5_Twinkjak/14935,Twinkjak,"Chinese Twink, Twinkjak, China, Asia",355685
5_Twinkjak/14936,Twinkjak,"Cigarette Twinkjak, Twinkjak, Civilian (Teenager)",187553
5_Twinkjak/14937,Twinkjak,"Clipperton Island Map, Twinkjak, Pacific, France, Map",4948
5_Twinkjak/14938,Twinkjak,"Clown Twinkjak, Twinkjak, Circus",294298
5_Twinkjak/14939,Twinkjak,"Colombian Twink, Twinkjak, Colombia, South America",28916
5_Twinkjak/14940,Twinkjak,"Colombian Twinkjak, Twinkjak, Colombia, South America",72485
5_Twinkjak/14941,Twinkjak,"Colonial Canadian Twinkjak, Twinkjak, United Kingdom, Colonial, Canada, North America",463347
5_Twinkjak/14942,Twinkjak,"Communist Twinkjak, Twinkjak, Authoritarian Left (Political Compass), Political Compass",144122
5_Twinkjak/14943,Twinkjak,"Comorian Twinkjak, Twinkjak, Africa, Comoros",15310
5_Twinkjak/14944,Twinkjak,"Confederate Twinkjak, Twinkjak, American Civil War, 1821-1914, Confederate States of America, Confederate States Army",86748
5_Twinkjak/14945,Twinkjak,"Conscripted Young Russian-Chechen Soldier Twinkjak, Twinkjak, Russian Armed Forces, Russia",226473
5_Twinkjak/14946,Twinkjak,"Conscripted Young Russian-Dagestani Soldier Twinkjak, Twinkjak, Russian Armed Forces, Russia, 1990-2000",279776
5_Twinkjak/14947,Twinkjak,"Conscripted Young Russian Soldier Twinkjak , Twinkjak, Russian Armed Forces, Russia",269963
5_Twinkjak/14948,Twinkjak,"Conscripted Young Russian Soldier Twinkjak, Twinkjak, Russian Armed Forces, Russia",283874
5_Twinkjak/14949,Twinkjak,"Conscripted Young Russian Soldier Twinkjak, Twinkjak, Russian Armed Forces, Russia",380339
5_Twinkjak/14950,Twinkjak,"Conscripted Young Russian Soldier Twinkjak, Twinkjak, Russian Armed Forces, Russia",313420
5_Twinkjak/14951,Twinkjak,"Conscripted Young Russian Soldier Twinkjak, Twinkjak, Russian Armed Forces, Russia",274339
5_Twinkjak/14952,Twinkjak,"Conscripted Young Russian Soldier Twinkjak, Twinkjak, Russian Armed Forces, Russia",297764
5_Twinkjak/14953,Twinkjak,"Conscripted Young Russian Soldier Twinkjak, Twinkjak, Russian Armed Forces, Russia",391272
5_Twinkjak/14954,Twinkjak,"Conscripted Young Russian Soldier Twinkjak, Twinkjak, Russian Armed Forces, Russia, 1990-2000",314879
5_Twinkjak/14955,Twinkjak,"Conscripted Young Russian Soldier Twinkjak, Twinkjak, Russian Armed Forces, Russia, 1990-2000",286672
5_Twinkjak/14956,Twinkjak,"Conscripted Young Russian Soldier Twinkjak, Twinkjak, Russian Armed Forces, Russia, 1990-2000",279646
5_Twinkjak/14957,Twinkjak,"Constantine II of Greece, Twinkjak, 1960-1970, Monarch, Greece",498922
5_Twinkjak/14958,Twinkjak,"Countryside Twinkjak, Twinkjak, United States, Farm",222196
5_Twinkjak/14959,Twinkjak,"Croatian Twinkjak, Twinkjak, Europe, Balkan, Croatia",53137
5_Twinkjak/14960,Twinkjak,"Crying Iran, Twinkjak, Middle East, Iraq, Iran",201301
5_Twinkjak/14961,Twinkjak,"Crying Lebanese Hezbollah, Twinkjak, Middle East, Iran, Lebanon",201502
5_Twinkjak/14962,Twinkjak,"Crying Twinkjak, Twinkjak, Template",793094
5_Twinkjak/14963,Twinkjak,"CSA Twinkjak, Twinkjak, American Civil War, Confederate States Army, Confederate States of America, 1821-1914",149608
5_Twinkjak/14964,Twinkjak,"Cuban Militarist Dictator French Twink, Twinkjak, France, Other Army (South And Central America), Cuba, Authoritarian Right, 1918-1939",189460
5_Twinkjak/14965,Twinkjak,"Dan, Twinkjak, Civilian (Teenager)",41145
5_Twinkjak/14966,Twinkjak,"Darkwing II, Twinkjak, Comics, Invincible",66735
5_Twinkjak/14967,Twinkjak,"Décora Fashion Boy, Twinkjak, Japan, Civilian (Teenager), Full Body",1475482
5_Twinkjak/14968,Twinkjak,"Denmark Twinkjak, Twinkjak, Scandinavia, Europe, Denmark",150626
5_Twinkjak/14969,Twinkjak,"Depressed Devdas , Twinkjak, Civilian (Teenager)",848359
5_Twinkjak/14970,Twinkjak,"Dominican Twinkjak, Twinkjak, Central America, Dominican Republic",18355
5_Twinkjak/14971,Twinkjak,"Doomer Girl Twinkjak, Twinkjak, Civilian (Teenager)",83307
5_Twinkjak/14972,Twinkjak,"Doomer Girl Twinkjak, Twinkjak, Civilian (Teenager)",85880
5_Twinkjak/14973,Twinkjak,"Doomer Girl Twinkjak, Twinkjak, Civilian (Teenager)",85880
5_Twinkjak/14974,Twinkjak,"Doomer Twinkjak, Twinkjak, Civilian (Teenager)",72217
5_Twinkjak/14975,Twinkjak,"DOTC Forager, Twinkjak, The Ever-Expanding Bunker, Farm, Robot",117115
5_Twinkjak/14976,Twinkjak,"Drum Boy Twinkjak, Twinkjak, Music",307375
5_Twinkjak/14977,Twinkjak,"Duce ""Anchovy"", Twinkjak, Anime, Girls Und Panzer, Italy",89249
5_Twinkjak/14978,Twinkjak,"Dutch Twinkjak, Twinkjak, Netherlands, Europe",124093
5_Twinkjak/14979,Twinkjak,"Dylan Klebold, Twinkjak, United States, Terrorism",47394
5_Twinkjak/14980,Twinkjak,"east german officer , Twinkjak, Soviet Union",40854
5_Twinkjak/14981,Twinkjak,"East German Soldier Twink, Twinkjak, 1960-1970, Germany, Bundeswehr",474738
5_Twinkjak/14982,Twinkjak,"Edward II Twinkjak, Twinkjak, 476-1492, United Kingdom, Monarch",93691
5_Twinkjak/14983,Twinkjak,"Eminem Doomer Boy, Twinkjak, Civilian (Teenager), Music",157609
5_Twinkjak/14984,Twinkjak,"Enby Twinkjak, Twinkjak, LGBT+",34835
5_Twinkjak/14985,Twinkjak,"English Twinkjak, Twinkjak, United Kingdom, Europe",55135
5_Twinkjak/14986,Twinkjak,"English Twinkjak, Twinkjak, Europe, United Kingdom",265210
5_Twinkjak/14987,Twinkjak,"Estonian Twinkjak, Twinkjak, Europe, Estonia",48610
5_Twinkjak/14988,Twinkjak,"Ethiopia Twinkjak, Twinkjak, Africa, Ethiopia",21695
5_Twinkjak/14989,Twinkjak,"Eugene Gosth (Underworld Office), Twinkjak, Video Game, Underworld Office, Monster",692741
5_Twinkjak/14990,Twinkjak,"Eugene (Underworld Office), Twinkjak, Video Game, Underworld Office",562955
5_Twinkjak/14991,Twinkjak,"European Map of Twinkjak, Twinkjak, Map, Europe, European Union",233096
5_Twinkjak/14992,Twinkjak,"Evening Tution Student, Twinkjak, Academic",689646
5_Twinkjak/14993,Twinkjak,"Even More Twinkjak, Twinkjak, Civilian (Teenager)",102324
5_Twinkjak/14994,Twinkjak,"Ezreal, Twinkjak, Video Game, League of Legends",395792
5_Twinkjak/14995,Twinkjak,"Fantasy Knight Twinkjak, Twinkjak, Fantasy, Knight",473318
5_Twinkjak/14996,Twinkjak,"Faore Island Twinkjak, Twinkjak, Europe, Scandinavia, Denmark",117549
5_Twinkjak/14997,Twinkjak,"Fascist Chilean Twinkjak, Twinkjak, South America, Chile, Authoritarian Right",35411
5_Twinkjak/14998,Twinkjak,"fascist party of new san juan, Twinkjak, 2010-2020, 2020-2030, Authoritarian Right",217356
5_Twinkjak/14999,Twinkjak,"Fat Twinkjak, Twinkjak, Full Body, Civilian (Teenager), Internet",143107
5_Twinkjak/15000,Twinkjak,"Fat Twinkjak, Twinkjak, Civilian (Teenager), Full Body",290893
5_Twinkjak/15001,Twinkjak,"Fernando de Aragon, Twinkjak, Spain, Monarch, 476-1492, 1492-1789",146371
5_Twinkjak/15002,Twinkjak,"Finnish Feminine Twinkjak, Twinkjak, Europe, Scandinavia, Finland",188099
5_Twinkjak/15003,Twinkjak,"Finnish Neko Twinkjak, Twinkjak, Scandinavia, Finland, Nekomimi, Europe",74773
5_Twinkjak/15004,Twinkjak,"Finnish sniper, Twinkjak, 1939-1945, Finland",197285
5_Twinkjak/15005,Twinkjak,"Finnish Soldier Twinkjak, Twinkjak, 1939-1945, Finland, Finnish Defence Forces",76760
5_Twinkjak/15006,Twinkjak,"Finnish Twinkjak, Twinkjak, Scandinavia, Europe, Finland",169771
5_Twinkjak/15007,Twinkjak,"Flanders Twinkjak, Twinkjak, Belgium",468411
5_Twinkjak/15008,Twinkjak,"Frankish Twinkjak, Twinkjak, Europe, France",98776
5_Twinkjak/15009,Twinkjak,"French Absolutist Twinkjak, Twinkjak, Europe, France, Authoritarian Right",262463
5_Twinkjak/15010,Twinkjak,"French Boy Twinkjak, Twinkjak, France, Europe",263880
5_Twinkjak/15011,Twinkjak,"French marine corps., Twinkjak, Armée Française",165121
5_Twinkjak/15012,Twinkjak,"French Marin Twinkjak, Twinkjak, Armée Française, Ocean, France",170756
5_Twinkjak/15013,Twinkjak,"French Poilu Twinkjak, Twinkjak, Armée Française, 1914-1918, France",265721
5_Twinkjak/15014,Twinkjak,"French Sailor Twink, Twinkjak, France, Armée Française, Ocean",42416
5_Twinkjak/15015,Twinkjak,"French Twinkjak, Twinkjak, Europe, France",191880
5_Twinkjak/15016,Twinkjak,"French Twinkjak, Twinkjak, France, Europe",136688
5_Twinkjak/15017,Twinkjak,"French Twinkjak, Twinkjak, France, Europe",214333
5_Twinkjak/15018,Twinkjak,"French Twinkjak, Twinkjak, Europe, France",43611
5_Twinkjak/15019,Twinkjak,"French Twinkjak, Twinkjak, Europe, France",258111
5_Twinkjak/15020,Twinkjak,"French Twinkjak, Twinkjak, Europe, France",191880
5_Twinkjak/15021,Twinkjak,"Frodo Twinkjak, Twinkjak, Fantasy, Movie and TV Show, The Lord of the Rings",56756
5_Twinkjak/15022,Twinkjak,"Fuzileiro, Twinkjak, Portugal, Other Army (Europe)",192504
5_Twinkjak/15023,Twinkjak,"Gabonese Twinkjak, Twinkjak, Gabon, Africa",19576
5_Twinkjak/15024,Twinkjak,"Gaelic Twinkjak, Twinkjak, Europe, Ireland, Scotland",89744
5_Twinkjak/15025,Twinkjak,"Gambian Twinkjak, Twinkjak, Gambia, Africa",20104
5_Twinkjak/15026,Twinkjak,"Gambian Twinkjak, Twinkjak, Africa, Gambia",490441
5_Twinkjak/15027,Twinkjak,"Gamer Twinkjak, Twinkjak, Civilian (Teenager)",88140
5_Twinkjak/15028,Twinkjak,"Gamer Twinkjak, Twinkjak, Civilian (Teenager)",143861
5_Twinkjak/15029,Twinkjak,"Gamer Twinkjak, Twinkjak, Internet",476881
5_Twinkjak/15030,Twinkjak,"Gamer Twinkjak, Twinkjak, Civilian (Teenager)",143861
5_Twinkjak/15031,Twinkjak,"Gender Envy <3, Twinkjak, LGBT+",47486
5_Twinkjak/15032,Twinkjak,"Georgia Twinkjak, Twinkjak, Georgia, Asia",120660
5_Twinkjak/15033,Twinkjak,"German Community Map, Twinkjak, Europe, Belgium, Germany, Map",5509
5_Twinkjak/15034,Twinkjak,"German Empire Twinkjak, Twinkjak, 1914-1918, Germany",72187
5_Twinkjak/15035,Twinkjak,"German Soldier Twinkjak, Twinkjak, Deutsches Heer, Germany, 1914-1918",100760
5_Twinkjak/15036,Twinkjak,"German Twinkjak, Twinkjak, Europe, Germany",29341
5_Twinkjak/15037,Twinkjak,"German Twinkjak, Twinkjak, Europe, Germany",137008
5_Twinkjak/15038,Twinkjak,"German Twinkjak, Twinkjak, Europe, Germany",29341
5_Twinkjak/15039,Twinkjak,"Geten, Twinkjak, Anime, My Hero Academia, My Hero Academia",31052
5_Twinkjak/15040,Twinkjak,"Ghana Twinkjak, Twinkjak, Africa, Ghana",13974
5_Twinkjak/15041,Twinkjak,"Girl Twinkjak, Twinkjak, Civilian (Adult)",117948
5_Twinkjak/15042,Twinkjak,"Girl Twinkjak Nirvana Shirt, Twinkjak, Music",290590
5_Twinkjak/15043,Twinkjak,"Girl Twinkjak With Makeup, Twinkjak, Civilian (Teenager)",121566
5_Twinkjak/15044,Twinkjak,"Gorillaz Fan, Twinkjak, Music, 2000-2010",232461
5_Twinkjak/15045,Twinkjak,"Goth Alt Twink Girl, Twinkjak, Civilian (Teenager)",425118
5_Twinkjak/15046,Twinkjak,"Great Britain Twinkjak, Twinkjak, United Kingdom, Europe",161068
5_Twinkjak/15047,Twinkjak,"Greek Twinkjak, Twinkjak, Greece, Europe, Balkan",118570
5_Twinkjak/15048,Twinkjak,"Greek Twinkjak, Twinkjak, Europe, Greece",352944
5_Twinkjak/15049,Twinkjak,"Greek Twinkjak, Twinkjak, Greece, Europe, Balkan",118570
5_Twinkjak/15050,Twinkjak,"Green Hair Twinkjak, Twinkjak, Civilian (Teenager)",134431
5_Twinkjak/15051,Twinkjak,"Gregory, Twinkjak, Five Nights at Freddy's, Video Game",59648
5_Twinkjak/15052,Twinkjak,"Grenada Twinkjak, Twinkjak, South America, Grenada",366705
5_Twinkjak/15053,Twinkjak,"Grunge_Twinkjak, Twinkjak, Music",101104
5_Twinkjak/15054,Twinkjak,"Guam Twinkjak, Twinkjak, Pacific, Micronesia",111128
5_Twinkjak/15055,Twinkjak,"Gyaruo, Twinkjak, Japan, 2000-2010, Full Body",977566
5_Twinkjak/15056,Twinkjak,"Gypsy Twinkjak, Twinkjak, Europe",129010
5_Twinkjak/15057,Twinkjak,"Hadi Quran, Twinkjak, Civilian (Teenager), Palestine",59195
5_Twinkjak/15058,Twinkjak,"haitian alt history, Twinkjak, Haiti",23486
5_Twinkjak/15059,Twinkjak,"Happy Jewish Twinkjak, Twinkjak, Judaism, -3000-476",75799
5_Twinkjak/15060,Twinkjak,"Happy Roman Twinkjak, Twinkjak, Roman Empire, -3000-476, Knight",96435
5_Twinkjak/15061,Twinkjak,"Happy Teen Twinkjak, Twinkjak, Civilian (Teenager)",56235
5_Twinkjak/15062,Twinkjak,"Happy Twinkjak, Twinkjak, Civilian (Teenager)",8593
5_Twinkjak/15063,Twinkjak,"Headbanger Twinkjak, Twinkjak, Music, Civilian (Teenager), Template",153989
5_Twinkjak/15064,Twinkjak,"Headbanger Twinkjak, Twinkjak, Music, Civilian (Teenager), Full Body",268833
5_Twinkjak/15065,Twinkjak,"Headbanger Twinkjak, Twinkjak, Music, Civilian (Teenager), Full Body",474956
5_Twinkjak/15066,Twinkjak,"Henri de La Rochejaquelein, Twinkjak, 1789-1821, France, Christianism, French Revolution",26422
5_Twinkjak/15067,Twinkjak,"Heroic Fantasy Twinkjak, Twinkjak, Fantasy, Knight",232062
5_Twinkjak/15068,Twinkjak,"Heroic Fantasy Twinkjak, Twinkjak, Fantasy, Knight",228457
5_Twinkjak/15069,Twinkjak,"Heroic Fantasy Twinkjak, Twinkjak, Fantasy, Knight",228237
5_Twinkjak/15070,Twinkjak,"Heroic Fantasy Twinkjak, Twinkjak, Fantasy, Knight",227901
5_Twinkjak/15071,Twinkjak,"Heroic Fantasy Twinkjak, Twinkjak, Fantasy, Knight",227901
5_Twinkjak/15072,Twinkjak,"Hezbollah Militant Twinkjak, Twinkjak, Terrorism, Lebanon",80687
5_Twinkjak/15073,Twinkjak,"hindu troop, Twinkjak, Hinduism, 1990-2000, India, Other Army (Asia)",130745
5_Twinkjak/15074,Twinkjak,"HitlerJungen Twinkjak, Twinkjak, 1939-1945, National-Socialism, The Third Reich",216008
5_Twinkjak/15075,Twinkjak,"Homestuck Twink, Twinkjak, Internet, 2010-2020",130241
5_Twinkjak/15076,Twinkjak,"Homestuck Twink, Twinkjak, Internet, 2010-2020",97319
5_Twinkjak/15077,Twinkjak,"Horny Boobie Twinkjak, Twinkjak, NSFW, NSFW",63962
5_Twinkjak/15078,Twinkjak,"Horny Nazi Twinkjak, Twinkjak, Political Compass, Authoritarian Right (Political Compass)",315007
5_Twinkjak/15079,Twinkjak,"Htilerjugend, Twinkjak, 1939-1945, The Third Reich, National-Socialism",97763
5_Twinkjak/15080,Twinkjak,"Hungarian Nomad Twink, Twinkjak, Hungary, Autochthonous, 476-1492",205607
5_Twinkjak/15081,Twinkjak,"Hungarian Twinkjak, Twinkjak, Hungary, Europe",112616
5_Twinkjak/15082,Twinkjak,"Hungarian Twinkjak, Twinkjak, Hungary, Europe",35207
5_Twinkjak/15083,Twinkjak,"Hungarian Twinkjak, Twinkjak, Hungary, Europe",35207
5_Twinkjak/15084,Twinkjak,"Hungry Twinkjak, Twinkjak, Food and Drink, Civilian (Teenager)",102862
5_Twinkjak/15085,Twinkjak,"Ibadi Warrior Poet, Twinkjak, Music, Iran, 476-1492",729849
5_Twinkjak/15086,Twinkjak,"Iceland Twinkjak, Twinkjak, Europe, Iceland, Scandinavia",219654
5_Twinkjak/15087,Twinkjak,"Indonesian Twinkjak, Twinkjak, Asia, Indonesia",406895
5_Twinkjak/15088,Twinkjak,"Injured Japanese Twinkjak, Twinkjak, Japan, Civilian (Teenager)",158297
5_Twinkjak/15089,Twinkjak,"Intersectional Twinkjak, Twinkjak, Liberal Left, LGBT+",119743
5_Twinkjak/15090,Twinkjak,"Iranian Twinkjak, Twinkjak, Iran, Middle East",168316
5_Twinkjak/15091,Twinkjak,"Iraqi Twinkjak, Twinkjak, Middle East, Iraq",188884
5_Twinkjak/15092,Twinkjak,"Irish Twinkjak, Twinkjak, Ireland, Europe",427090
5_Twinkjak/15093,Twinkjak,"Isaac Newton, Twinkjak, Science",135305
5_Twinkjak/15094,Twinkjak,"Islamic SS, Twinkjak, 1939-1945, Authoritarian Right, Islam",85923
5_Twinkjak/15095,Twinkjak,"İsmail Enver (Enver Pasha), Twinkjak, Ottoman Empire, Ottoman Army, 1914-1918",39091
5_Twinkjak/15096,Twinkjak,"Israelian Twinkjak, Twinkjak, Judaism, Middle East, Israel",258523
5_Twinkjak/15097,Twinkjak,"Israel Twinkjak, Twinkjak, Israel, Judaism, Middle East",359123
5_Twinkjak/15098,Twinkjak,"Ivory Coast Twinkjak, Twinkjak, Ivory Coast, Africa",17816
5_Twinkjak/15099,Twinkjak,"Izuku Midoriya, Twinkjak, Anime, My Hero Academia",259011
5_Twinkjak/15100,Twinkjak,"Izuku Midoriya, Twinkjak, Anime, My Hero Academia",259011
5_Twinkjak/15101,Twinkjak,"Jak of Christmas Past, Twinkjak, Monster",212117
5_Twinkjak/15102,Twinkjak,"Jamaicain Twinkjak, Twinkjak, Central America, Jamaica",21877
5_Twinkjak/15103,Twinkjak,"James Madara, Twinkjak, United Kingdom, Scotland, Australia, Ocean",317409
5_Twinkjak/15104,Twinkjak,"James Siciliano, Twinkjak, Cartoon, Rick and Morty",109664
5_Twinkjak/15105,Twinkjak,"Japanese Twinkjak, Twinkjak, Asia, Japan",14413
5_Twinkjak/15106,Twinkjak,"Jay (Lego Ninjago), Twinkjak, Toy, Cartoon",141509
5_Twinkjak/15107,Twinkjak,"Jewish Twinkjak, Twinkjak, Judaism, -3000-476",76757
5_Twinkjak/15108,Twinkjak,"jihadist, Twinkjak, Other Army (Middle East), 1990-2000",55828
5_Twinkjak/15109,Twinkjak,"Joãoívisjak, Twinkjak, Russia, Christianism, Orthodox",75126
5_Twinkjak/15110,Twinkjak,"Johan Liebert, Twinkjak, Anime",85441
5_Twinkjak/15111,Twinkjak,"Joker Twinkjak, Twinkjak, Video Game, Personna",119434
5_Twinkjak/15112,Twinkjak,"Jokowi Twinjak, Twinkjak, Indonesia",401511
5_Twinkjak/15113,Twinkjak,"J'onn J'onzz, Twinkjak, DC, Comics",104198
5_Twinkjak/15114,Twinkjak,"J'onn J'onzz, Twinkjak, DC, Comics",126103
5_Twinkjak/15115,Twinkjak,"J'onn J'onzz, Twinkjak, DC, Comics",126103
5_Twinkjak/15116,Twinkjak,"Jotaro Kujo, Twinkjak, Anime, JoJo's Bizarre Adventure",122138
5_Twinkjak/15117,Twinkjak,"Jotaro Kujo, Twinkjak, Anime, JoJo's Bizarre Adventure",122138
5_Twinkjak/15118,Twinkjak,"Kamikaze Twinkjak, Twinkjak, 1939-1945, Japan, Imperial Japanese Army",248444
5_Twinkjak/15119,Twinkjak,"Katsuki Bakugo, Twinkjak, Anime, My Hero Academia",246168
5_Twinkjak/15120,Twinkjak,"Kaworu Nagisa Evangelion, Twinkjak, Anime, Evangelion",37053
5_Twinkjak/15121,Twinkjak,"Kazakh Twinkjak, Twinkjak, Kazakhstan, Asia",107078
5_Twinkjak/15122,Twinkjak,"Kensuke Aida, Twinkjak, Anime, Evangelion",159431
5_Twinkjak/15123,Twinkjak,"Kick Ass, Twinkjak, Comics, Movie and TV Show",1532860
5_Twinkjak/15124,Twinkjak,"King David twinkjak, Twinkjak, Judaism, -3000-476, Mythology",231228
5_Twinkjak/15125,Twinkjak,"King of Sweden Twinkjak, Twinkjak, Sweden, Scandinavia, Monarch",210078
5_Twinkjak/15126,Twinkjak,"Knight, Twinkjak, 476-1492, Knight",160932
5_Twinkjak/15127,Twinkjak,"Knight, Twinkjak, Knight, 476-1492",140537
5_Twinkjak/15128,Twinkjak,"Knight Twinkjak, Twinkjak, 476-1492, Knight",442786
5_Twinkjak/15129,Twinkjak,"Kosovo Twinkjak, Twinkjak, Europe, Balkan, Kosovo",14879
5_Twinkjak/15130,Twinkjak,"Kurdish , Twinkjak, Kurdistan",286603
5_Twinkjak/15131,Twinkjak,"Kurdish Twinkjak, Twinkjak, Middle East, Middle East",21302
5_Twinkjak/15132,Twinkjak,"Kurd Twinkjak, Twinkjak, Middle East, Kurdistan",93213
5_Twinkjak/15133,Twinkjak,"lankan twinkjak, Twinkjak, Sri Lanka",96439
5_Twinkjak/15134,Twinkjak,"Laos Twinkjak, Twinkjak, Asia, Laos",106949
5_Twinkjak/15135,Twinkjak,"Latino, Twinkjak, South America, Civilian (Adult)",151051
5_Twinkjak/15136,Twinkjak,"Latino Twinkjak, Twinkjak, South America",584686
5_Twinkjak/15137,Twinkjak,"Latvian Rifleman, Twinkjak, Latvia, Other Army (Europe), 1914-1918",80772
5_Twinkjak/15138,Twinkjak,"Latvian Twinkjak, Twinkjak, Europe, Latvia",108218
5_Twinkjak/15139,Twinkjak,"Lete Twinkjak, Twinkjak, Brands, Food and Drink",163177
5_Twinkjak/15140,Twinkjak,"Liberal Left Twinkjak, Twinkjak, Liberal Left, LGBT+",274875
5_Twinkjak/15141,Twinkjak,"Liberian Twinkjak, Twinkjak, Africa, Liberia",14569
5_Twinkjak/15142,Twinkjak,"Liechtensteiner Twinkjak, Twinkjak, Europe, Liechtenstein",46630
5_Twinkjak/15143,Twinkjak,"Lithuanian twinkjak, Twinkjak, Lithuania, Europe",150764
5_Twinkjak/15144,Twinkjak,"Long Hair Asian Twinkjak, Twinkjak, Asia, Civilian (Teenager)",110340
5_Twinkjak/15145,Twinkjak,"Los Reyes Católicos (catholic kings) , Twinkjak, Spain, Monarch, 476-1492",238827
5_Twinkjak/15146,Twinkjak,"Luis I de España, Twinkjak, Spain, Monarch, 1492-1789",105401
5_Twinkjak/15147,Twinkjak,"Luxembourg Twinkjak, Twinkjak, Luxembourg, Europe",128764
5_Twinkjak/15148,Twinkjak,"Madagascar Twinkjak, Twinkjak, Africa, Madagascar",18950
5_Twinkjak/15149,Twinkjak,"Maga Twinkjak, Twinkjak, Authoritarian Right, United States, MAGA, 2020-2030",138553
5_Twinkjak/15150,Twinkjak,"Magdalo Pilled Filipino Femboy, Twinkjak, Philippines, Asia",313618
5_Twinkjak/15151,Twinkjak,"Magdalo Pilled Filipino Femboy, Twinkjak, Philippines, Asia",338801
5_Twinkjak/15152,Twinkjak,"Magician Twinkjak, Twinkjak, Fantasy",177480
5_Twinkjak/15153,Twinkjak,"Mahilow, Twinkjak, Sport",187794
5_Twinkjak/15154,Twinkjak,"Maid Twinkjak, Twinkjak, Employee",142853
5_Twinkjak/15155,Twinkjak,"Malian Twinkjak, Twinkjak, Africa, Mali",18565
5_Twinkjak/15156,Twinkjak,"Mario Twinkjak, Twinkjak, Super Mario, Nintendo, Video Game",56662
5_Twinkjak/15157,Twinkjak,"Maurice Thorez, Twinkjak, France, Authoritarian Left, 1918-1939, General Secretary",55988
5_Twinkjak/15158,Twinkjak,"Me, Twinkjak, LGBT+",185044
5_Twinkjak/15159,Twinkjak,"Medieval Monarchist, Twinkjak, Knight, 476-1492, Monarch",239841
5_Twinkjak/15160,Twinkjak,"Medieval Peasant Twinkjak, Twinkjak, 476-1492, Peasant",1125243
5_Twinkjak/15161,Twinkjak,"Mellstroy, Twinkjak, Russia, Youtube",69502
5_Twinkjak/15162,Twinkjak,"Mentawai Twinkjak, Twinkjak, Autochthonous, Indonesia",260946
5_Twinkjak/15163,Twinkjak,"Metalhead Twinkjak, Twinkjak, Music, Civilian (Teenager)",286399
5_Twinkjak/15164,Twinkjak,"MetalHead Twinkjak, Twinkjak, Music",294821
5_Twinkjak/15165,Twinkjak,"MetalHead Twinkjak, Twinkjak, Music",111756
5_Twinkjak/15166,Twinkjak,"MetalHead Twinkjak, Twinkjak, Music",238613
5_Twinkjak/15167,Twinkjak,"Metal Twinkjak, Twinkjak, Music",484344
5_Twinkjak/15168,Twinkjak,"Metal Twinkjak, Twinkjak, Civilian (Teenager)",138689
5_Twinkjak/15169,Twinkjak,"Metal Twinkjak, Twinkjak, Civilian (Teenager)",138689
5_Twinkjak/15170,Twinkjak,"Mexican Twinkjak, Twinkjak, Mexico, Central America",142639
5_Twinkjak/15171,Twinkjak,"Michael I of Romania, Twinkjak, Monarch, Romania, 1945-1950",427282
5_Twinkjak/15172,Twinkjak,"MikaWaifu's Boyfriend, Twinkjak, Civilian (Teenager)",56003
5_Twinkjak/15173,Twinkjak,"Mississippian Chad Twinkjak, Twinkjak, Autochthonous, United States, 1492-1789",276109
5_Twinkjak/15174,Twinkjak,"Moldovan Twinkjak, Twinkjak, Moldova, Europe",20428
5_Twinkjak/15175,Twinkjak,"Mommy's Boy, Twinkjak, Civilian (Teenager)",41773
5_Twinkjak/15176,Twinkjak,"Mongolian Twinkjak, Twinkjak, Mongolia, 476-1492",63044
5_Twinkjak/15177,Twinkjak,"Mongolian Twinkjak, Twinkjak, Mongolia, Asia",14263
5_Twinkjak/15178,Twinkjak,"Monster Twinkjak, Twinkjak, Strange, Monster",241803
5_Twinkjak/15179,Twinkjak,"moroccan twinkjak, Twinkjak, Morocco, Africa",52514
5_Twinkjak/15180,Twinkjak,"Moroccan Twinkjak, Twinkjak, Africa, Morocco",28678
5_Twinkjak/15181,Twinkjak,"Mozambique Twinkjak, Twinkjak, Africa, Mozambique",46566
5_Twinkjak/15182,Twinkjak,"Mujer Húngara , Twinkjak, Hungary, Other Army (Europe), 1939-1945",222006
5_Twinkjak/15183,Twinkjak,"Nagito Komaeda, Twinkjak, Video Game, Danganronpa",248187
5_Twinkjak/15184,Twinkjak,"Nagito Komaeda Twinkjak, Twinkjak, Video Game, Danganronpa",96733
5_Twinkjak/15185,Twinkjak,"Nazi Twinkjak, Twinkjak, Authoritarian Right, National-Socialism",71790
5_Twinkjak/15186,Twinkjak,"Neko Doomer Boy, Twinkjak, Anime, Nekomimi",125641
5_Twinkjak/15187,Twinkjak,"Neko Twinkjak, Twinkjak, Nekomimi",46214
5_Twinkjak/15188,Twinkjak,"Neko Twinkjak, Twinkjak, Nekomimi",33174
5_Twinkjak/15189,Twinkjak,"Neko Twinkjak, Twinkjak, Nekomimi",220962
5_Twinkjak/15190,Twinkjak,"Neko Twinkjak, Twinkjak, Nekomimi",33174
5_Twinkjak/15191,Twinkjak,"""Nerd"" Twinjak, Twinkjak, Internet",130047
5_Twinkjak/15192,Twinkjak,"New York Death Cyborg, Twinkjak, The Ever-Expanding Bunker, Robot",183887
5_Twinkjak/15193,Twinkjak,"New Zealand Twinkjak, Twinkjak, New Zealand, Pacific",146358
5_Twinkjak/15194,Twinkjak,"Nicolas Avellaneda, Twinkjak, Argentina, 1821-1914",117022
5_Twinkjak/15195,Twinkjak,"Nigerian Twinkjak, Twinkjak, Nigeria, Africa",17839
5_Twinkjak/15196,Twinkjak,"Nigerien Twinkjak, Twinkjak, Niger, Africa",18583
5_Twinkjak/15197,Twinkjak,"NightCrawler, Twinkjak, Comics, Marvel",30740
5_Twinkjak/15198,Twinkjak,"Nirvana Twinkjak, Twinkjak, Music, Civilian (Teenager)",277771
5_Twinkjak/15199,Twinkjak,"Northen England Twinkjak, Twinkjak, United Kingdom, Europe",94168
5_Twinkjak/15200,Twinkjak,"Norway Twinkjak , Twinkjak, Norway, Scandinavia, Europe",126864
5_Twinkjak/15201,Twinkjak,"Norway Twinkjak, Twinkjak, Scandinavia, Europe, Norway",130618
5_Twinkjak/15202,Twinkjak,"Norway Twinkjak, Twinkjak, Scandinavia, Europe, Norway",58116
5_Twinkjak/15203,Twinkjak,"Norwegian Twink, Twinkjak, Norway, Scandinavia, Europe",125194
5_Twinkjak/15204,Twinkjak,"Nude Aheagao BDSM French Twink, Twinkjak, France, NSFW",276381
5_Twinkjak/15205,Twinkjak,"Nude Aheagao French Twink, Twinkjak, France, NSFW",364321
5_Twinkjak/15206,Twinkjak,"Nude French Twink, Twinkjak, France, NSFW",199132
5_Twinkjak/15207,Twinkjak,"Nude Twinkjak, Twinkjak, Template, NSFW",44662
5_Twinkjak/15208,Twinkjak,"Oliver Grayson Twinkjak, Twinkjak, Comics, Invincible",99594
5_Twinkjak/15209,Twinkjak,"Orange Pekoe, Twinkjak, Anime, Girls Und Panzer",22877
5_Twinkjak/15210,Twinkjak,"Ottoman Twinkjak, Twinkjak, Ottoman Empire, 1914-1918",73814
5_Twinkjak/15211,Twinkjak,"Pakistani Gamer #2, Twinkjak, Pakistan, Video Game",299645
5_Twinkjak/15212,Twinkjak,"Palestinian Twinkjak, Twinkjak, Middle East, Palestine",428277
5_Twinkjak/15213,Twinkjak,"Panama Twinkjak, Twinkjak, Central America, Panama",14816
5_Twinkjak/15214,Twinkjak,"Papuasian Twinkjak, Twinkjak, Pacific, Papua New Guinea",34010
5_Twinkjak/15215,Twinkjak,"Parguayan Twinkjak, Twinkjak, Central America, Paraguay",50574
5_Twinkjak/15216,Twinkjak,"Pedro Santos Wojak, Twinkjak, Authoritarian Left (Political Compass)",97289
5_Twinkjak/15217,Twinkjak,"Pensive Twinkjak, Twinkjak, Civilian (Teenager)",84757
5_Twinkjak/15218,Twinkjak,"Peruvian Twinkjak, Twinkjak, South America, Peru",54665
5_Twinkjak/15219,Twinkjak,"Peruvian Twinkjak, Twinkjak, South America, Peru",45925
5_Twinkjak/15220,Twinkjak,"Peruvian Twinkjak, Twinkjak, South America, Peru",17838
5_Twinkjak/15221,Twinkjak,"Peruvian Twinkjak, Twinkjak, South America, Peru",77001
5_Twinkjak/15222,Twinkjak,"Peruvian Twinkjak, Twinkjak, South America, Peru",429336
5_Twinkjak/15223,Twinkjak,"Philippine Twinkjak , Twinkjak, Asia, Philippines",126052
5_Twinkjak/15224,Twinkjak,"Phosphophyllite (Land of the Lustrous), Twinkjak, Anime",87744
5_Twinkjak/15225,Twinkjak,"Pinkie Tired Twink Girl, Twinkjak, Civilian (Teenager)",647610
5_Twinkjak/15226,Twinkjak,"Pink Transmasc, Twinkjak, LGBT+",108581
5_Twinkjak/15227,Twinkjak,"Polish–Lithuanian Commonwealth Twinkjak, Twinkjak, Poland, Lithuania, 1492-1789",95367
5_Twinkjak/15228,Twinkjak,"Polish Twinkjak, Twinkjak, Poland, Europe",143396
5_Twinkjak/15229,Twinkjak,"Polish Twinkjak, Twinkjak, Poland, Europe",76610
5_Twinkjak/15230,Twinkjak,"Polish Twinkjak, Twinkjak, Europe, Poland",44525
5_Twinkjak/15231,Twinkjak,"Polish Twinkjak, Twinkjak, Poland, Europe",76610
5_Twinkjak/15232,Twinkjak,"Preppy Skatter, Twinkjak, 2020-2030, Sport, Full Body",384953
5_Twinkjak/15233,Twinkjak,"Prison Swede Twink, Twinkjak, Sweden, Criminal",53763
5_Twinkjak/15234,Twinkjak,"Prussian Robotic Twink, Twinkjak, Prussia, Robot, Futuristic",69742
5_Twinkjak/15235,Twinkjak,"Prussian Twinkjak, Twinkjak, Royal Prussian Army, Prussia, Germany, 1821-1914",149873
5_Twinkjak/15236,Twinkjak,"Punk Twinkjak, Twinkjak, Music",635601
5_Twinkjak/15237,Twinkjak,"Purple Twinkjak, Twinkjak, Civilian (Teenager)",50956
5_Twinkjak/15238,Twinkjak,"Purple Twinkjak, Twinkjak, Civilian (Teenager)",14411
5_Twinkjak/15239,Twinkjak,"Purple Twinkjak, Twinkjak, Civilian (Teenager)",14411
5_Twinkjak/15240,Twinkjak,"Qatar Twinkjak, Twinkjak, Qatar, Middle East",17158
5_Twinkjak/15241,Twinkjak,"Quake Player, Twinkjak, Video Game, Civilian (Adult), United States",325123
5_Twinkjak/15242,Twinkjak,"Quebecois Twinkjak, Twinkjak, Quebec, Canada",205540
5_Twinkjak/15243,Twinkjak,"Quebec Twinkjak, Twinkjak, Canada, Quebec, North America",388824
5_Twinkjak/15244,Twinkjak,"Quoi The Coati, Twinkjak, Comics, Marvel",10118
5_Twinkjak/15245,Twinkjak,"Rage Twinkjak, Twinkjak, Template",57907
5_Twinkjak/15246,Twinkjak,"Raging Chinese Eunuch twinkjak, Twinkjak, China, 476-1492",296261
5_Twinkjak/15247,Twinkjak,"Rantaro Amami, Twinkjak, Video Game, Danganronpa",270463
5_Twinkjak/15248,Twinkjak,"Red Amongus, Twinkjak, Video Game, Among Us",57752
5_Twinkjak/15249,Twinkjak,"Red Head Twinkjak, Twinkjak, Civilian (Teenager)",91768
5_Twinkjak/15250,Twinkjak,"Rei Ayanami Evangelion, Twinkjak, Anime, Evangelion",34961
5_Twinkjak/15251,Twinkjak,"Research and Developpement Head Twinkjak, Twinkjak, The Ever-Expanding Bunker, Robot, Science",72871
5_Twinkjak/15252,Twinkjak,"Research and Developpement Head Twinkjak, Twinkjak, The Ever-Expanding Bunker, Robot, Science",134223
5_Twinkjak/15253,Twinkjak,"Research and Developpement Head Twinkjak - Level 83, Twinkjak, Robot, Science, The Ever-Expanding Bunker",317890
5_Twinkjak/15254,Twinkjak,"Research and Developpement Head Twinkjak, Twinkjak, The Ever-Expanding Bunker, Robot, Science",134223
5_Twinkjak/15255,Twinkjak,"Retrowave Twinkjak, Twinkjak, Civilian (Teenager)",179744
5_Twinkjak/15256,Twinkjak,"Rexist Belgium Twinkjak, Twinkjak, Belgium, 1939-1945, Authoritarian Right",43383
5_Twinkjak/15257,Twinkjak,"Riko (Erwin) Matsumoto , Twinkjak, Anime, Girls Und Panzer",45379
5_Twinkjak/15258,Twinkjak,"Riko (Erwin) Matsumoto + Coat, Twinkjak, Anime, Girls Und Panzer, Girls Und Panzer",50078
5_Twinkjak/15259,Twinkjak,"Riko (Erwin) Matsumoto + Hat , Twinkjak, Anime, Girls Und Panzer",54291
5_Twinkjak/15260,Twinkjak,"Riko (Erwin) Matsumoto + Hat And Coat, Twinkjak, Anime, Girls Und Panzer",58786
5_Twinkjak/15261,Twinkjak,"Robin Gibb, Twinkjak, Music, Full Body, United Kingdom, 1970-1980",217378
5_Twinkjak/15262,Twinkjak,"Robot New York Twinkjak, Twinkjak, The Ever-Expanding Bunker, Robot",142194
5_Twinkjak/15263,Twinkjak,"Robot Twinkjak, Twinkjak, The Ever-Expanding Bunker, Robot",12394
5_Twinkjak/15264,Twinkjak,"Romanian Twinkjak, Twinkjak, Romania, Europe",117654
5_Twinkjak/15265,Twinkjak,"Roman Twinkjak, Twinkjak, Roman Empire, -3000-476, Knight",97798
5_Twinkjak/15266,Twinkjak,"Roman Twinkjak, Twinkjak, Roman Empire, -3000-476",107185
5_Twinkjak/15267,Twinkjak,"rozwoj, Twinkjak, Iran",57553
5_Twinkjak/15268,Twinkjak,"Russian Gopnick, Twinkjak, Russia, Criminal, 1990-2000",41741
5_Twinkjak/15269,Twinkjak,"Russian Peace Twinkjak, Twinkjak, Europe, Russia",58626
5_Twinkjak/15270,Twinkjak,"Russian Soldier Twinkjak, Twinkjak, 1914-1918, Imperial Russian Army, Russia",395822
5_Twinkjak/15271,Twinkjak,"Russian Twinkjak, Twinkjak, Russia, Europe",108233
5_Twinkjak/15272,Twinkjak,"Russian Twinkjak, Twinkjak, Europe, Russia",44462
5_Twinkjak/15273,Twinkjak,"Russian Twinkjak, Twinkjak, Russia, Europe, Asia",63523
5_Twinkjak/15274,Twinkjak,"Russian Twinkjak, Twinkjak, Russia, Europe",108204
5_Twinkjak/15275,Twinkjak,"Russian Veteran Twinkjak, Twinkjak, 1918-1939, Imperial Russian Army, Russia",104558
5_Twinkjak/15276,Twinkjak,"Ryoji Kaji, Twinkjak, Anime, Evangelion",105634
5_Twinkjak/15277,Twinkjak,"Sadegh Hedayat, Twinkjak, Iran",517516
5_Twinkjak/15278,Twinkjak,"Saint Martin Map, Twinkjak, Central America, France, Map",4262
5_Twinkjak/15279,Twinkjak,"Salvadorian Twinkjak, Twinkjak, Central America, El Salvador",45357
5_Twinkjak/15280,Twinkjak,"Sam, Twinkjak, Civilian (Teenager)",71242
5_Twinkjak/15281,Twinkjak,"Sammy Fabelman (The Fabelmans), Twinkjak, Movie and TV Show, 1950-1960",403168
5_Twinkjak/15282,Twinkjak,"San Juan Commune, Twinkjak, Authoritarian Left, 1918-1939",100187
5_Twinkjak/15283,Twinkjak,"Sasori Twinkjak, Twinkjak, Anime, Naruto",18685
5_Twinkjak/15284,Twinkjak,"Sassanid Twinkjak, Twinkjak, Iran, -3000-476",149673
5_Twinkjak/15285,Twinkjak,"Scheming Chinese Eunuch Twinkjak, Twinkjak, China, 476-1492",257538
5_Twinkjak/15286,Twinkjak,"Schutzstaffel French Twink, Twinkjak, The Third Reich, France, 1939-1945, National-Socialism, Schutzstaffel",138185
5_Twinkjak/15287,Twinkjak,"SchutzStaffel Twinkjak, Twinkjak, National-Socialism, 1939-1945, The Third Reich, Schutzstaffel",71750
5_Twinkjak/15288,Twinkjak,"Scottish Twinkjak, Twinkjak, Europe, Scotland, United Kingdom",226765
5_Twinkjak/15289,Twinkjak,"Senegali Twinkjak, Twinkjak, Africa, Senegal",14498
5_Twinkjak/15290,Twinkjak,"Shinji Ikari, Twinkjak, Anime, Evangelion",91331
5_Twinkjak/15291,Twinkjak,"Shinji Ikari Evangelion, Twinkjak, Anime, Evangelion",43057
5_Twinkjak/15292,Twinkjak,"Shoto Todoroki, Twinkjak, Anime, My Hero Academia",144700
5_Twinkjak/15293,Twinkjak,"Sierra Leone Twinkjak, Twinkjak, Sierra Leone, Africa",18275
5_Twinkjak/15294,Twinkjak,"Silent Bob, Twinkjak, Civilian (Teenager)",65000
5_Twinkjak/15295,Twinkjak,"Skull Hoodie Twinkja, Twinkjak, Civilian (Teenager)",339830
5_Twinkjak/15296,Twinkjak,"Slime Boy, Twinkjak, Futuristic, Monster",26696
5_Twinkjak/15297,Twinkjak,"Slovakia Twinkjak, Twinkjak, Slovakia, Europe",92961
5_Twinkjak/15298,Twinkjak,"Smily Jewish Twinkjak, Twinkjak, Judaism, -3000-476",77838
5_Twinkjak/15299,Twinkjak,"Smily Roman Twinkjak, Twinkjak, Roman Empire, -3000-476, Knight",87928
5_Twinkjak/15300,Twinkjak,"Smirk Twinkjak, Twinkjak, Civilian (Teenager)",5887
5_Twinkjak/15301,Twinkjak,"Soldier Twinkjak, Twinkjak, The Ever-Expanding Bunker",53851
5_Twinkjak/15302,Twinkjak,"Somalian Twinkjak, Twinkjak, Somalia, Africa",17605
5_Twinkjak/15303,Twinkjak,"Somer Twinkjak, Twinkjak, Iraq, -3000-476",79620
5_Twinkjak/15304,Twinkjak,"Southern Dandy, Twinkjak, United States, American Civil War, 1821-1914, Confederate States of America, Nobility and Bourgeoisie",146020
5_Twinkjak/15305,Twinkjak,"South Korean Twinkjak, Twinkjak, Asia, Korea",114564
5_Twinkjak/15306,Twinkjak,"Soviet Neko Activist Twinkjak, Twinkjak, Nekomimi, Authoritarian Left",139721
5_Twinkjak/15307,Twinkjak,"Soviet Neko Twinkjak, Twinkjak, Nekomimi, Authoritarian Left",83417
5_Twinkjak/15308,Twinkjak,"Soviet Soldier Twinkjak, Twinkjak, 1918-1939, Red Army, Soviet Union",383677
5_Twinkjak/15309,Twinkjak,"Soviet Spyjak, Twinkjak, Soviet Union, 1939-1945, Red Army",257135
5_Twinkjak/15310,Twinkjak,"Soviet Twinkjak, Twinkjak, Red Army, Soviet Union, 1939-1945",107341
5_Twinkjak/15311,Twinkjak,"Space Shirt Twinkjak, Twinkjak, Civilian (Adult)",53287
5_Twinkjak/15312,Twinkjak,"Spanish Twinkjak, Twinkjak, Spain, Europe",370539
5_Twinkjak/15313,Twinkjak,"Spanish Twinkjak, Twinkjak, Spain, Europe",107895
5_Twinkjak/15314,Twinkjak,"Spanish Twinkjak, Twinkjak, Spain, Europe",107895
5_Twinkjak/15315,Twinkjak,"Speer Hoodie Twinkjak, Twinkjak, Civilian (Teenager), Meme",297361
5_Twinkjak/15316,Twinkjak,"SR Guard, Twinkjak, Red Army",277544
5_Twinkjak/15317,Twinkjak,"SR Soldier, Twinkjak, Red Army",372872
5_Twinkjak/15318,Twinkjak,"SR Soldier Motorized, Twinkjak, Red Army",395506
5_Twinkjak/15319,Twinkjak,"STALKERS Twinkjak, Twinkjak, Video Game, Post Apocalyptic, S.T.A.L.K.E.R",118109
5_Twinkjak/15320,Twinkjak,"Steely :), Twinkjak, Civilian (Teenager)",68131
5_Twinkjak/15321,Twinkjak,"Stoner Twink, Twinkjak, Civilian (Teenager)",79859
5_Twinkjak/15322,Twinkjak,"Stupid Twinkjak, Twinkjak, Template",306204
5_Twinkjak/15323,Twinkjak,"Swedish Farmer, Twinkjak, Farm, Sweden, Scandinavia, Europe",60031
5_Twinkjak/15324,Twinkjak,"Swedish Soldier Twinkjak, Twinkjak, 1789-1821, Sweden, Scandinavia, Other Army (Europe)",107423
5_Twinkjak/15325,Twinkjak,"Swedish Soy Twinkjak, Twinkjak, Scandinavia, Europe, Sweden",225756
5_Twinkjak/15326,Twinkjak,"Swedish Twinkjak, Twinkjak, Scandinavia, Europe, Sweden",217733
5_Twinkjak/15327,Twinkjak,"Swedish Twinkjak, Twinkjak, Europe, Scandinavia, Sweden",110474
5_Twinkjak/15328,Twinkjak,"Swedish Twinkjak, Twinkjak, Scandinavia, Europe, Sweden",144598
5_Twinkjak/15329,Twinkjak,"Swiss Twink, Twinkjak, Switzerland, Europe",53368
5_Twinkjak/15330,Twinkjak,"Swiss Twinkjak, Twinkjak, Switzerland, Europe",16376
5_Twinkjak/15331,Twinkjak,"Syrian Democratic Forces Twinkjak, Twinkjak, Middle East, Syria, 2000-2010",19062
5_Twinkjak/15332,Twinkjak,"Syrian Twinkjak, Twinkjak, Middle East, Syria",13021
5_Twinkjak/15333,Twinkjak,"Tadijkistan Twinkjak, Twinkjak, Asia, Tajikistan",34343
5_Twinkjak/15334,Twinkjak,"Taiwanese Twinkjak, Twinkjak, Taiwan, Asia",37031
5_Twinkjak/15335,Twinkjak,"Tallit Twinkjak, Twinkjak, Judaism, Israel",47435
5_Twinkjak/15336,Twinkjak,"Teen Asian Twinkjak, Twinkjak, Asia, Civilian (Teenager)",225236
5_Twinkjak/15337,Twinkjak,"Teen Blonde Twinkjak, Twinkjak, Civilian (Teenager)",194968
5_Twinkjak/15338,Twinkjak,"Texas Twinkjak, Twinkjak, North America, United States, Texas",14871
5_Twinkjak/15339,Twinkjak,"The Brow and the Bard make plans, Twinkjak, Group",2474872
5_Twinkjak/15340,Twinkjak,"The Desecrator, Twinkjak, Fantasy",178749
5_Twinkjak/15341,Twinkjak,"The New Breeder, Twinkjak, The Ever-Expanding Bunker",274766
5_Twinkjak/15342,Twinkjak,"Theo's Jewish Twinkjak, Twinkjak, Judaism, Israel",360387
5_Twinkjak/15343,Twinkjak,"Tibetan Twinkjak, Twinkjak, Asia, Tibet",68048
5_Twinkjak/15344,Twinkjak,"TikTok DID Faker, Twinkjak, Corporation, Internet",62382
5_Twinkjak/15345,Twinkjak,"TikTok DID Faker, Twinkjak, Social Media, Internet",62382
5_Twinkjak/15346,Twinkjak,"Tinky Winky , Twinkjak, United Kingdom, Movie and TV Show",60752
5_Twinkjak/15347,Twinkjak,"Tiwanaku Priest Twinkjak, Twinkjak, Religious Authority, Peru, Autochthonous",414603
5_Twinkjak/15348,Twinkjak,"Tomboy, Twinkjak, Civilian (Teenager)",153616
5_Twinkjak/15349,Twinkjak,"Trans FtM Bijak, Twinkjak, LGBT+",39301
5_Twinkjak/15350,Twinkjak,"Transmac Twinkjak, Twinkjak, LGBT+",55160
5_Twinkjak/15351,Twinkjak,"Trans Twink, Twinkjak, Civilian (Teenager), LGBT+",127694
5_Twinkjak/15352,Twinkjak,"Trans Twinkjak, Twinkjak, LGBT+",282141
5_Twinkjak/15353,Twinkjak,"Tribal Twinkjak, Twinkjak, Autochthonous, Pacific",93157
5_Twinkjak/15354,Twinkjak,"Trinidad And Tobago Twinkjak, Twinkjak, Central America, Trinidad and Tobago",15282
5_Twinkjak/15355,Twinkjak,"Trinidad Twinkjak, Twinkjak, Central America, Trinidad and Tobago, Trinidad and Tobago",14389
5_Twinkjak/15356,Twinkjak,"Tunisian Twinkjak, Twinkjak, Africa, Tunisia",46349
5_Twinkjak/15357,Twinkjak,"Turkish Twinkjak, Twinkjak, Europe, Turkey",30564
5_Twinkjak/15358,Twinkjak,"Twinjak Mongol , Twinkjak, Mongolia, Asia",62788
5_Twinkjak/15359,Twinkjak,"Twinjak Ottoman, Twinkjak, Ottoman Empire, 1821-1914",49729
5_Twinkjak/15360,Twinkjak,"Twink Gamer, Twinkjak, Civilian (Teenager), Internet",79980
5_Twinkjak/15361,Twinkjak,"Twinkjak, Twinkjak, Civilian (Teenager)",109495
5_Twinkjak/15362,Twinkjak,"Twinkjak, Twinkjak, Civilian (Adult)",168526
5_Twinkjak/15363,Twinkjak,"Twinkjak, Twinkjak, Civilian (Teenager)",84633
5_Twinkjak/15364,Twinkjak,"twinkjak army, Twinkjak, 1939-1945, Nationalist Side (Spanish Civil War)",472603
5_Twinkjak/15365,Twinkjak,"Twinkjak Bank Theif, Twinkjak, Criminal",82260
5_Twinkjak/15366,Twinkjak,"Twinkjak Bunny, Twinkjak, Civilian (Teenager)",274642
5_Twinkjak/15367,Twinkjak,"Twinkjak In Love, Twinkjak, Civilian (Teenager)",334631
5_Twinkjak/15368,Twinkjak,"Twinkjak O5 Council, Twinkjak, SCP Foundation, Russia",105193
5_Twinkjak/15369,Twinkjak,"Twinkjak, Twinkjak, Template",44280
5_Twinkjak/15370,Twinkjak,"Twinkjak Russian Sailor , Twinkjak, Russian Armed Forces, Russia",149615
5_Twinkjak/15371,Twinkjak,"Twinkjak Soviet, Twinkjak, Soviet Union, Authoritarian Left",52037
5_Twinkjak/15372,Twinkjak,"Twinkjak Venom, Twinkjak, Comics, Marvel",70031
5_Twinkjak/15373,Twinkjak,"Twinkjak Wehrmacht Soldier, Twinkjak, 1939-1945, Deutsches Heer, The Third Reich",459657
5_Twinkjak/15374,Twinkjak,"Twinks Couple, Twinkjak, Group, LGBT+",104697
5_Twinkjak/15375,Twinkjak,"UÇK Soldier, Twinkjak, Albania",138233
5_Twinkjak/15376,Twinkjak,"Ukrainian Insurgent Twinkjak, Twinkjak, Ukraine, Armed Forces of Ukraine, 2020-2030",434539
5_Twinkjak/15377,Twinkjak,"Ukrainian Twinkjak, Twinkjak, Europe, Ukraine",101631
5_Twinkjak/15378,Twinkjak,"University Twinkjak, Twinkjak, Academic",226704
5_Twinkjak/15379,Twinkjak,"Ustaše Twinkjak, Twinkjak, 1939-1945, National-Socialism, Croatia, Croatian Armed Forces",166641
5_Twinkjak/15380,Twinkjak,"Uster Twinjak, Twinkjak, United Kingdom, Ireland, Europe",147791
5_Twinkjak/15381,Twinkjak,"Valdivia Twinjak, Twinkjak, Chile",80718
5_Twinkjak/15382,Twinkjak,"Vatican Twinkjak, Twinkjak, Vatican, Europe, Christianism",55828
5_Twinkjak/15383,Twinkjak,"Venezuelan Twinkjak FANB Soldier, Twinkjak, National Bolivarian Armed Forces of Venezuela, Venezuela",86792
5_Twinkjak/15384,Twinkjak,"VJ Link, Twinkjak, Russia, Youtube",82244
5_Twinkjak/15385,Twinkjak,"Walloon Twinjak , Twinkjak, Belgium, Europe",839874
5_Twinkjak/15386,Twinkjak,"Walmart Twink, Twinkjak, Brands, United States, Employee",130786
5_Twinkjak/15387,Twinkjak,"War on Gender Thembo, Twinkjak, LGBT+, Militia Forces, Revolution",71430
5_Twinkjak/15388,Twinkjak,"West Indies Twinkjak, Twinkjak, Colonial, 1821-1914, United Kingdom, British Armed Forces",638081
5_Twinkjak/15389,Twinkjak,"What , Twinkjak, Brainlet, Red Army, Soviet Union",244224
5_Twinkjak/15390,Twinkjak,"White Blue Twinkjak, Twinkjak, Civilian (Teenager)",51698
5_Twinkjak/15391,Twinkjak,"wojak me , Twinkjak, Civilian (Teenager)",52179
5_Twinkjak/15392,Twinkjak,"Young Conscripted Russian Marine Twinkjak, Twinkjak, Russian Armed Forces, Russia, 1990-2000, Ocean",227055
5_Twinkjak/15393,Twinkjak,"Young Couple, Twinkjak, Civilian (Teenager), Group",198977
5_Twinkjak/15394,Twinkjak,"Young Russian Air Force Pilot Twinkjak, Twinkjak, Russian Armed Forces, Russia, 1990-2000",123680
5_Twinkjak/15395,Twinkjak,"Young Russian Lieutenant Twinkjak, Twinkjak, Russian Armed Forces, Soviet Union, 1939-1945",106834
5_Twinkjak/15396,Twinkjak,"Young Ukrainian Volunteer Soldier Twinkjak, Twinkjak, Armed Forces of Ukraine, Ukraine",245235
5_Twinkjak/15397,Twinkjak,"Yugoslav Twinkjak , Twinkjak, 1960-1970, Yugoslavia, Authoritarian Left",60557
5_Twinkjak/15398,Twinkjak,"Žilina map, Twinkjak, Europe, Slovakia, Map",4756
5_Twinkjak/15399,Twinkjak,"ZXC, Twinkjak, Civilian (Teenager)",216816
5_Withered_Wojak/13056,Withered_Wojak,"6 years at war, Withered Wojak, Schutzstaffel, 1939-1945, The Third Reich",447057
5_Withered_Wojak/13057,Withered_Wojak,"Adrian Shepard, Withered Wojak, Video Game, Half Life, Futuristic",118556
5_Withered_Wojak/13058,Withered_Wojak,"Bear Mask Trap, Withered Wojak, Movie and TV Show, Strange, Monster",108325
5_Withered_Wojak/13059,Withered_Wojak,"Ben Gunn, Withered Wojak, Treasure Island, Cartoon, Ocean, Pirate, Anarchism",676383
5_Withered_Wojak/13060,Withered_Wojak,"Charles II of Spain, Withered Wojak, Spain, Monarch, 1492-1789",132168
5_Withered_Wojak/13061,Withered_Wojak,"Crying Masked Brands, Withered Wojak, Video Game, Nintendo, Ancient Egypt, Ancient Egypt",276878
5_Withered_Wojak/13062,Withered_Wojak,"Crying Withered Wojak, Withered Wojak, Template",480874
5_Withered_Wojak/13063,Withered_Wojak,"D - 9341, Withered Wojak, Internet, SCP Foundation",171951
5_Withered_Wojak/13064,Withered_Wojak,"Dark Leojak, Withered Wojak, Venezuela, Ecuador",304346
5_Withered_Wojak/13065,Withered_Wojak,"Depressed French Soldier , Withered Wojak, France, Armée Française, 1821-1914",277269
5_Withered_Wojak/13066,Withered_Wojak,"Depressed Guts, Withered Wojak, Anime, Berserk",265132
5_Withered_Wojak/13067,Withered_Wojak,"Depressed Ustasha, Withered Wojak, Croatia",69253
5_Withered_Wojak/13068,Withered_Wojak,"Dr. Brennan, Withered Wojak, Medical, Science, The Ever-Expanding Bunker",969078
5_Withered_Wojak/13069,Withered_Wojak,"Francisco Pizarro, Withered Wojak, Peru, Spain, Colonial, 1492-1789",110496
5_Withered_Wojak/13070,Withered_Wojak,"Gordon Freeman, Withered Wojak, Video Game, Half Life, Futuristic",152857
5_Withered_Wojak/13071,Withered_Wojak,"Jakob Marley, Withered Wojak, Monster",189509
5_Withered_Wojak/13072,Withered_Wojak,"Juan Manuel Rosas Tired, Withered Wojak, Argentina, 1821-1914, Other Army (South And Central America), Political Figure",359586
5_Withered_Wojak/13073,Withered_Wojak,"Masked Withered, Withered Wojak, Medical, Masked",52460
5_Withered_Wojak/13074,Withered_Wojak,"Maximilian I of Mexico Tired, Withered Wojak, Mexico, Imperial, 1821-1914",374729
5_Withered_Wojak/13075,Withered_Wojak,"Motoaki (Yagoo) Tanigo, Withered Wojak, Youtube, Virtual Youtuber, Japan, Corporation",1049086
5_Withered_Wojak/13076,Withered_Wojak,"Peruvian Infantry Officer, Withered Wojak, Peru, Peruvian Armed Forces",103928
5_Withered_Wojak/13077,Withered_Wojak,"Peruvian infantry officer, Withered Wojak, Peru, Peruvian Armed Forces, 1939-1945",104448
5_Withered_Wojak/13078,Withered_Wojak,"Peruvian Soldier, Withered Wojak, Peru, Peruvian Armed Forces",328627
5_Withered_Wojak/13079,Withered_Wojak,"Prussian Soldier WW1, Withered Wojak, 1821-1914",80401
5_Withered_Wojak/13080,Withered_Wojak,"Rafael de Sobremonte, Withered Wojak, Argentina, Uruguay, 1789-1821, Sovereign Title",889463
5_Withered_Wojak/13081,Withered_Wojak,"Refugee, Withered Wojak, Ukraine",60379
5_Withered_Wojak/13082,Withered_Wojak,"Refugee, Withered Wojak, Ocean, Europe, Middle East, 2010-2020",884261
5_Withered_Wojak/13083,Withered_Wojak,"Republic Of China Soldier, Withered Wojak, Taiwan, Other Army (Asia), 1939-1945",668677
5_Withered_Wojak/13084,Withered_Wojak,"Russian Soldier World War I, Withered Wojak, Russia, 1914-1918, Imperial Russian Army",60436
5_Withered_Wojak/13085,Withered_Wojak,"Seguro Obrero Massacre, Withered Wojak, Chile, Flag, Authoritarian Right, 1918-1939",355612
5_Withered_Wojak/13086,Withered_Wojak,"The Gaia Station Scientific, Withered Wojak, Futuristic, Space, Science",1064741
5_Withered_Wojak/13087,Withered_Wojak,"The Karotechia, Withered Wojak, Fantasy, National-Socialism, Masked, Schutzstaffel",1333133
5_Withered_Wojak/13088,Withered_Wojak,"The Left Behind Easterner, Withered Wojak, Fantasy, Futuristic, Worker",184233
5_Withered_Wojak/13089,Withered_Wojak,"The Neo-Edenian Processor, Withered Wojak, Futuristic",543580
5_Withered_Wojak/13090,Withered_Wojak,"The Neo-Edenian Processor Body, Withered Wojak, Futuristic",257779
5_Withered_Wojak/13091,Withered_Wojak,"The POUM Soldier, Withered Wojak, 1918-1939, Spain, Spanish Civil War, Republican Side (Spanish Civil War)",451001
5_Withered_Wojak/13092,Withered_Wojak,"The Sibiling, Withered Wojak, Video Game, Hollow Knight",20967
5_Withered_Wojak/13093,Withered_Wojak,"Thom Bondunn, Withered Wojak, Fantasy",55637
5_Withered_Wojak/13094,Withered_Wojak,"Tired Cleopatra VII Pharaoh, Withered Wojak, Ancient Egypt, -3000-476, Monarch",742099
5_Withered_Wojak/13095,Withered_Wojak,"Tired Miguel Hidalgo, Withered Wojak, Mexico, Other Army (South and Central America), 1789-1821",465456
5_Withered_Wojak/13096,Withered_Wojak,"Tired Pedro II - Peter II of Brazil, Withered Wojak, Brazil, 1821-1914, Imperial",245792
5_Withered_Wojak/13097,Withered_Wojak,"Tired Vladimir Lenin, Withered Wojak, Soviet Union, 1918-1939, Authoritarian Left, General Secretary",492759
5_Withered_Wojak/13098,Withered_Wojak,"Ukrainian National Republic, Withered Wojak, Ukraine, 1918-1939, Group",1014654
5_Withered_Wojak/13099,Withered_Wojak,"Vegeta, Withered Wojak, Anime, Dragon Ball",372639
5_Withered_Wojak/13100,Withered_Wojak,"Withered Aki, Withered Wojak, Anime, Chainsaw Man",68113
5_Withered_Wojak/13101,Withered_Wojak,"Withered American Soldier, Withered Wojak, 1939-1945, United States, United States Army",970870
5_Withered_Wojak/13102,Withered_Wojak,"Withered Ancient Cretan Soldier, Withered Wojak, -3000-476, Greece",439378
5_Withered_Wojak/13103,Withered_Wojak,"Withered Centrist, Withered Wojak, Political Compass, Centrism",40558
5_Withered_Wojak/13104,Withered_Wojak,"Withered Dallas, Withered Wojak, Video Game, Payday, Criminal",126235
5_Withered_Wojak/13105,Withered_Wojak,"Withered Daredevil, Withered Wojak, Marvel, Comics",38805
5_Withered_Wojak/13106,Withered_Wojak,"Withered French Communist Soldier, Withered Wojak, France, 1939-1945",178366
5_Withered_Wojak/13107,Withered_Wojak,"Withered French Voter, Withered Wojak, 2010-2020, France",541374
5_Withered_Wojak/13108,Withered_Wojak,"Withered Gawr Gura, Withered Wojak, Youtube, Internet, Virtual Youtuber",333428
5_Withered_Wojak/13109,Withered_Wojak,"Withered Girl, Withered Wojak, Civilian (Adult)",130466
5_Withered_Wojak/13110,Withered_Wojak,"Withered Hitler, Withered Wojak, The Third Reich, 1939-1945, National-Socialism, Despot",435420
5_Withered_Wojak/13111,Withered_Wojak,"Withered Hornet, Withered Wojak, Video Game, Hollow Knight",77934
5_Withered_Wojak/13112,Withered_Wojak,"Withered Imperial German Soldier, Withered Wojak, Germany, Deutsches Heer, 1914-1918",479626
5_Withered_Wojak/13113,Withered_Wojak,"Withered Jean Ferrat, Withered Wojak, France, Music, 1960-1970",239716
5_Withered_Wojak/13114,Withered_Wojak,"Withered Jesus, Withered Wojak, Christianism, Mythology, -3000-476",203975
5_Withered_Wojak/13115,Withered_Wojak,"Withered Magician, Withered Wojak, Fantasy",56638
5_Withered_Wojak/13116,Withered_Wojak,"Withered Muslim, Withered Wojak, Middle East, Islam",110316
5_Withered_Wojak/13117,Withered_Wojak,"Withered Office Employee, Withered Wojak, Corporation, Employee",77620
5_Withered_Wojak/13118,Withered_Wojak,"Withered Paris Saclay Student, Withered Wojak, France, 2010-2020, Academic",746888
5_Withered_Wojak/13119,Withered_Wojak,"Withered Réal Madrid Supporter, Withered Wojak, Spain, 2020-2030, Sport",302094
5_Withered_Wojak/13120,Withered_Wojak,"Withered Scout, Withered Wojak, Video Game, Team Fortress 2",157683
5_Withered_Wojak/13121,Withered_Wojak,"Withered Smug Masked, Withered Wojak, Masked",38695
5_Withered_Wojak/13122,Withered_Wojak,"Withered Soviet Soldier, Withered Wojak, Soviet Union, 1939-1945, Red Army",252358
5_Withered_Wojak/13123,Withered_Wojak,"Withered SS, Withered Wojak, 1939-1945, National-Socialism, The Third Reich, Schutzstaffel",444463
5_Withered_Wojak/13124,Withered_Wojak,"Withered Survivalist , Withered Wojak, Survivalism",162741
5_Withered_Wojak/13125,Withered_Wojak,"Withered Turkish WW1 Wojak, Withered Wojak, Turkey, 1914-1918",106116
5_Withered_Wojak/13126,Withered_Wojak,"Withered Venezolano, Withered Wojak, South America, Venezuela",346227
5_Withered_Wojak/13127,Withered_Wojak,"Withered Winter Wehrmacht, Withered Wojak, Deutsches Heer, 1939-1945, The Third Reich",48347
5_Withered_Wojak/13128,Withered_Wojak,"Withered Wojak, Withered Wojak, Template",119494
5_Withered_Wojak/13129,Withered_Wojak,"Withered Wojak, Withered Wojak, Template",117799
5_Withered_Wojak/13130,Withered_Wojak,"Withered Wojak Body, Withered Wojak, Template",173678
5_Withered_Wojak/13131,Withered_Wojak,"Withered Wojak Draw, Withered Wojak, Template",146711
5_Withered_Wojak/13132,Withered_Wojak,"Withered Wojak With Eyes, Withered Wojak, Template",252617
5_Withered_Wojak/13133,Withered_Wojak,"Withered Worker, Withered Wojak, The Ever-Expanding Bunker, Worker, Worker Team (The Ever-Expanding Bunker)",437034
5_Wojak_with_Background/1073,Wojak_with_Background,"1971 Paki Soldier, Wojak with Background, Pakistan, Other Army (Asia)",2107396
5_Wojak_with_Background/1074,Wojak_with_Background,"2000s kid room, Wojak with Background, 2000-2010, Room",481000
5_Wojak_with_Background/1075,Wojak_with_Background,"2015 Özel Harekat Wojak, Wojak with Background, Turkish Armed Forces, Turkey",1194760
5_Wojak_with_Background/1076,Wojak_with_Background,"60's Japanese Revolutionary Student , Wojak with Background, Anarchism, Revolution, 1960-1970",411229
5_Wojak_with_Background/1077,Wojak_with_Background,"Abraham Lincoln Assassination, Wojak with Background, United States, President, 1821-1914",413164
5_Wojak_with_Background/1078,Wojak_with_Background,"Adam And Eve, Wojak with Background, Mythology, Christianism, Group, -3000",281732
5_Wojak_with_Background/1079,Wojak_with_Background,"Alaric , Wojak with Background, -3000-476, Germany",399486
5_Wojak_with_Background/1080,Wojak_with_Background,"Albanian, Wojak with Background, Albania, Militia Forces",877741
5_Wojak_with_Background/1081,Wojak_with_Background,"Albanian Room, Wojak with Background, Europe, Balkan, Albania, Room",297123
5_Wojak_with_Background/1082,Wojak_with_Background,"Alexander Severus, Wojak with Background, -3000-476, Roman Empire",216122
5_Wojak_with_Background/1083,Wojak_with_Background,"Alexander severus Optimus, Wojak with Background, -3000-476, Roman Empire, Imperial",216122
5_Wojak_with_Background/1084,Wojak_with_Background,"Algerian Kabyle GF, Wojak with Background, Kabylia, Algeria",597387
5_Wojak_with_Background/1085,Wojak_with_Background,"Allyssa Beria Expedition, Wojak with Background, Colonial",2615340
5_Wojak_with_Background/1086,Wojak_with_Background,"Allyssa Beria Jungle, Wojak with Background, Colonial",2823706
5_Wojak_with_Background/1087,Wojak_with_Background,"Allyssa Beria Presentation, Wojak with Background, Science, Civilian (Adult)",1105173
5_Wojak_with_Background/1088,Wojak_with_Background,"Allyssa Beria Room, Wojak with Background, France, Room",2477491
5_Wojak_with_Background/1089,Wojak_with_Background,"Allyssa Beria Room, Wojak with Background, France, Room",2142594
5_Wojak_with_Background/1090,Wojak_with_Background,"Allyssa Beria Room, Wojak with Background, France, Room",1802590
5_Wojak_with_Background/1091,Wojak_with_Background,"Allyssa Beria Room, Wojak with Background, France, Room",1802590
5_Wojak_with_Background/1092,Wojak_with_Background,"Alogoas Room, Wojak with Background, Brazil, Room, South America",635530
5_Wojak_with_Background/1093,Wojak_with_Background,"Alpha Tauri Fan Room, Wojak with Background, Sport, Room",591168
5_Wojak_with_Background/1094,Wojak_with_Background,"American GI, Wojak with Background, United States, 1939-1945, United States Army",575700
5_Wojak_with_Background/1095,Wojak_with_Background,"American GI, Wojak with Background, United States, 1939-1945, United States Army",575700
5_Wojak_with_Background/1096,Wojak_with_Background,"American Room, Wojak with Background, Room, North America, United States",639043
5_Wojak_with_Background/1097,Wojak_with_Background,"American Soldier In Korea, Wojak with Background, 1950-1960, Korea, United States Army, United States",371362
5_Wojak_with_Background/1098,Wojak_with_Background,"And Tonight's Biggest Loser, Wojak with Background, Circus, Internet",153360
5_Wojak_with_Background/1099,Wojak_with_Background,"Anthropologist Allyssa Beria, Wojak with Background, Internet, Science",1159532
5_Wojak_with_Background/1100,Wojak_with_Background,"Anthropologist Allyssa Beria, Wojak with Background, Internet, Science",1159532
5_Wojak_with_Background/1101,Wojak_with_Background,"Arbih pepe , Wojak with Background, Bosnia , Armed Forces of Bosnia and Herzegovina",2043428
5_Wojak_with_Background/1102,Wojak_with_Background,"Armenian Monarchist Room, Wojak with Background, Armenia, Room, Knight",1428901
5_Wojak_with_Background/1103,Wojak_with_Background,"Armenian Soldier, Wojak with Background, Armenia, Other Army (Caucasus), 1990-2000",1485289
5_Wojak_with_Background/1104,Wojak_with_Background,"Assassination of Archduke Franz Ferdinand, Wojak with Background, Austria-Hungarian Empire, Imperial, 1914-1918",570609
5_Wojak_with_Background/1105,Wojak_with_Background,"Aston Martin Fan Room, Wojak with Background, Sport, Room",615394
5_Wojak_with_Background/1106,Wojak_with_Background,"Astronaut, Wojak with Background, Space, United States, 1960-1970",1076423
5_Wojak_with_Background/1107,Wojak_with_Background,"Asturias Coal Worker Class Rocketman, Wojak with Background, Spain, Worker",215952
5_Wojak_with_Background/1108,Wojak_with_Background,"Atari Enjoyer Trip, Wojak with Background, Brands, Video Game, 1980-1990",138424
5_Wojak_with_Background/1109,Wojak_with_Background,"Attack On Titan, Wojak with Background, Anime, Attack On Titan",2607439
5_Wojak_with_Background/1110,Wojak_with_Background,"Australian Bruce Family, Wojak with Background, Family, Group, Australia",1412138
5_Wojak_with_Background/1111,Wojak_with_Background,"Australian Doomer, Wojak with Background, Australia",876949
5_Wojak_with_Background/1112,Wojak_with_Background,"Australian Room, Wojak with Background, Room, Pacific, Australia",1349857
5_Wojak_with_Background/1113,Wojak_with_Background,"Australian Room, Wojak with Background, Pacific, Room, Australia",272187
5_Wojak_with_Background/1114,Wojak_with_Background,"Austria-Hungary Empire Soldier, Wojak with Background, Austria-Hungarian Empire, 1914-1918",138327
5_Wojak_with_Background/1115,Wojak_with_Background,"Austrian Soldier, Wojak with Background, Other Army (Europe), Austria",309814
5_Wojak_with_Background/1116,Wojak_with_Background,"Average Gunner, Wojak with Background, Post Apocalyptic, Fallout",1336212
5_Wojak_with_Background/1117,Wojak_with_Background,"Average Medieval English King, Wojak with Background, 476-1492, Knight, Monarch, Room, United Kingdom",1237588
5_Wojak_with_Background/1118,Wojak_with_Background,"Azerbaijani Room, Wojak with Background, Azerbaijan, Room, Asia",870576
5_Wojak_with_Background/1119,Wojak_with_Background,"Babak Khorramdin, Wojak with Background, 476-1492, Iran, Middle East, Knight",1491183
5_Wojak_with_Background/1120,Wojak_with_Background,"Bandeli Room, Wojak with Background, Iran, Kurdistan, Room",570026
5_Wojak_with_Background/1121,Wojak_with_Background,"Barbara , Wojak with Background, Video Game, Genshin Impact, Masked",592795
5_Wojak_with_Background/1122,Wojak_with_Background,"Based ottoman with backround, Wojak with Background, Ottoman Empire, Ottoman Army",1581210
5_Wojak_with_Background/1123,Wojak_with_Background,"Bernie Sanders Podium, Wojak with Background, United States, Liberal Left, 2010-2020, Political Figure",177888
5_Wojak_with_Background/1124,Wojak_with_Background,"Berserk Wojak, Wojak with Background, Anime, Berserk",324665
5_Wojak_with_Background/1125,Wojak_with_Background,"Big Smoke and CJ, Wojak with Background, Video Game, Grand Theft Auto, Criminal",247259
5_Wojak_with_Background/1126,Wojak_with_Background,"Blank Room, Wojak with Background, Template, Room",243207
5_Wojak_with_Background/1127,Wojak_with_Background,"Blobjak Looking In The Fridge, Wojak with Background, Food and Drink",8081439
5_Wojak_with_Background/1128,Wojak_with_Background,"BMPO Soldier, Wojak with Background, Macedonia, Other Army (Europe)",178243
5_Wojak_with_Background/1129,Wojak_with_Background,"BMW Sauber Fan Room, Wojak with Background, Sport, Room",549710
5_Wojak_with_Background/1130,Wojak_with_Background,"BMW Sauber Fan Room, Wojak with Background, Sport, Room",783333
5_Wojak_with_Background/1131,Wojak_with_Background,"Boomer Family, Wojak with Background, Group, United States, Family",878998
5_Wojak_with_Background/1132,Wojak_with_Background,"Boomer Fishing, Wojak with Background, Group, United States, Civilian (Eldery)",289935
5_Wojak_with_Background/1133,Wojak_with_Background,"Bosnian Room, Wojak with Background, Armed Forces of Bosnia and Herzegovina, Room, 1914-1918, Bosnia and Herzegovina",281265
5_Wojak_with_Background/1134,Wojak_with_Background,"Bosnian Room, Wojak with Background, Europe, Balkan, Bosnia and Herzegovina",1554800
5_Wojak_with_Background/1135,Wojak_with_Background,"Bosnian Soldier Pepe, Wojak with Background, Armed Forces of Bosnia and Herzegovina, Bosnia and Herzegovina",919254
5_Wojak_with_Background/1136,Wojak_with_Background,"Brainlet, Wojak with Background, Corporation, Corporation",425486
5_Wojak_with_Background/1137,Wojak_with_Background,"Brainlet, Wojak with Background, Corporation, Corporation",425486
5_Wojak_with_Background/1138,Wojak_with_Background,"Brazilian Room, Wojak with Background, Brazil, Room, South America",515118
5_Wojak_with_Background/1139,Wojak_with_Background,"Brazilian Room, Wojak with Background, Brazil, Room, South America",625822
5_Wojak_with_Background/1140,Wojak_with_Background,"Brazilian Room, Wojak with Background, Brazil, Room, North America",509378
5_Wojak_with_Background/1141,Wojak_with_Background,"Brazilian Room, Wojak with Background, Brazil, Room, South America",542722
5_Wojak_with_Background/1142,Wojak_with_Background,"Breton Room, Wojak with Background, Room, France, Europe",2467332
5_Wojak_with_Background/1143,Wojak_with_Background,"British Music Enjoyer, Wojak with Background, United Kingdom, Music",374241
5_Wojak_with_Background/1144,Wojak_with_Background,"Bulgarian Couple, Wojak with Background, Bulgaria, Group, Europe, Balkan",548785
5_Wojak_with_Background/1145,Wojak_with_Background,"Bulgarian Room, Wojak with Background, Room, Europe, Bulgaria",961134
5_Wojak_with_Background/1146,Wojak_with_Background,"Bulgarian soldier with gas mask, Wojak with Background, Bulgaria, Europe",338648
5_Wojak_with_Background/1147,Wojak_with_Background,"Burning Fire Rage, Wojak with Background, Strange",1112900
5_Wojak_with_Background/1148,Wojak_with_Background,"Caersar's Defeat Of Vercingetorix, Wojak with Background, Roman Empire, -3000-476, France, Imperial",2698013
5_Wojak_with_Background/1149,Wojak_with_Background,"Camo Soldier, Wojak with Background, 1960-1970, Vietnam War, United States, United States Army",23853
5_Wojak_with_Background/1150,Wojak_with_Background,"Canadian Room, Wojak with Background, Canada, North America, Room",592519
5_Wojak_with_Background/1151,Wojak_with_Background,"Carla Boone's Obsession, Wojak with Background, Fallout : New Vegas, Post Apocalyptic",673307
5_Wojak_with_Background/1152,Wojak_with_Background,"Casino Pepe, Wojak with Background, 2000-2010, Civilian (Adult)",164396
5_Wojak_with_Background/1153,Wojak_with_Background,"Catholic militant, Wojak with Background, Christianism, Militia Forces",1285234
5_Wojak_with_Background/1154,Wojak_with_Background,"Centrist Smug PolComp, Wojak with Background, Centrism, Political Compass",662146
5_Wojak_with_Background/1155,Wojak_with_Background,"Chad Hieroglyph, Wojak with Background, Egypt, Ancient Egypt, -3000-476, Monarch",2427040
5_Wojak_with_Background/1156,Wojak_with_Background,"Charles The First Execution, Wojak with Background, United Kingdom, Monarch, 1492-1789",1077444
5_Wojak_with_Background/1157,Wojak_with_Background,"Chechen Soldier Wojak, Wojak with Background, 1990-2000, Chechnya, Other Army (Caucasus)",3454811
5_Wojak_with_Background/1158,Wojak_with_Background,"Chicão Wojak, Wojak with Background, Portugal, Political Compass",56856
5_Wojak_with_Background/1159,Wojak_with_Background,"Chinese Room, Wojak with Background, Room, China, Asia",367155
5_Wojak_with_Background/1160,Wojak_with_Background,"Christmas Ashbie, Wojak with Background, Civilian (Teenager), Festivity",567076
5_Wojak_with_Background/1161,Wojak_with_Background,"Cisorhands band, Wojak with Background, Group, Movie and TV Show, Marvel, Monster",1298718
5_Wojak_with_Background/1162,Wojak_with_Background,"Claudius, Wojak with Background, -3000-476, Roman Empire, Imperial",91085
5_Wojak_with_Background/1163,Wojak_with_Background,"Club Penguin, Wojak with Background, Internet, Club Penguin",550912
5_Wojak_with_Background/1164,Wojak_with_Background,"Cniva, Wojak with Background, -3000-476, Germany",195482
5_Wojak_with_Background/1165,Wojak_with_Background,"Cold young Canadian, Wojak with Background, Canada, North America",433868
5_Wojak_with_Background/1166,Wojak_with_Background,"Colonial Allyssa Beria, Wojak with Background, Internet, Colonial, Egypt",2622833
5_Wojak_with_Background/1167,Wojak_with_Background,"Colonial Allyssa Beria, Wojak with Background, Internet, Colonial, Egypt",2622833
5_Wojak_with_Background/1168,Wojak_with_Background,"Colonial Raj Room, Wojak with Background, Room, United Kingdom, Colonial, India, 1821-1914",361688
5_Wojak_with_Background/1169,Wojak_with_Background,"Colorado Room, Wojak with Background, United States, Room",658002
5_Wojak_with_Background/1170,Wojak_with_Background,"Colossus Titan, Wojak with Background, Anime, Attack On Titan",1337650
5_Wojak_with_Background/1171,Wojak_with_Background,"Colossus Titan, Wojak with Background, Anime, Attack On Titan",1337650
5_Wojak_with_Background/1172,Wojak_with_Background,"Communist Leader, Wojak with Background, Germany, Authoritarian Left, Soviet Union, Philosophy",221666
5_Wojak_with_Background/1173,Wojak_with_Background,"Communist Leader, Wojak with Background, Germany, Authoritarian Left, Philosophy, Soviet Union",974415
5_Wojak_with_Background/1174,Wojak_with_Background,"Communist Pepe, Wojak with Background, Authoritarian Left (Political Compass), Political Compass",77521
5_Wojak_with_Background/1175,Wojak_with_Background,"Confederate Room, Wojak with Background, Confederate States of America, 1821-1914, Confederate States Army, Room",420837
5_Wojak_with_Background/1176,Wojak_with_Background,"Confederate Soldier, Wojak with Background, Confederate States of America, 1821-1914, Confederate States Army",831519
5_Wojak_with_Background/1177,Wojak_with_Background,"Croatian Knight, Wojak with Background, Croatia, Knight, 476-1492",222456
5_Wojak_with_Background/1178,Wojak_with_Background,"Crucifixion of Jesus, Wojak with Background, Roman Empire, -3000-476, Mythology, Christianism",235907
5_Wojak_with_Background/1179,Wojak_with_Background,"Cry, Wojak with Background, Template",34586
5_Wojak_with_Background/1180,Wojak_with_Background,"Crying Morning Routine, Wojak with Background, Civilian (Eldery)",133025
5_Wojak_with_Background/1181,Wojak_with_Background,"Crying Polish Soldier, Wojak with Background, Polish Armed Forces, 1939-1945, Poland, Red Army",364300
5_Wojak_with_Background/1182,Wojak_with_Background,"Crying Solo Doomer, Wojak with Background, Civilian (Adult)",136021
5_Wojak_with_Background/1183,Wojak_with_Background,"Crying Widow, Wojak with Background, 1821-1914, United States, American Civil War",364527
5_Wojak_with_Background/1184,Wojak_with_Background,"Crying Wojak Gif, Wojak with Background, Masked, GIF",6758
5_Wojak_with_Background/1185,Wojak_with_Background,"Cultist Room Doomer, Wojak with Background, Room",570031
5_Wojak_with_Background/1186,Wojak_with_Background,"CyberDoomer 2077, Wojak with Background, Video Game, Futuristic, Cyberpunk 2077",690173
5_Wojak_with_Background/1187,Wojak_with_Background,"Czech Wojak, Wojak with Background, Czechia, Other Army (Europe)",303091
5_Wojak_with_Background/1188,Wojak_with_Background,"Daddy's Girl In The Bathroom, Wojak with Background, Civilian (Adult)",462770
5_Wojak_with_Background/1189,Wojak_with_Background,"Daddy's Girl Room, Wojak with Background, Room",601017
5_Wojak_with_Background/1190,Wojak_with_Background,"Dafuq's Gago, Wojak with Background, Armenia, Meme",319773
5_Wojak_with_Background/1191,Wojak_with_Background,"Dakimakura Wojak, Wojak with Background, NSFW, Art, Anime",307585
5_Wojak_with_Background/1192,Wojak_with_Background,"Danish Room, Wojak with Background, Europe, Scandinavia, Denmark, Room",649013
5_Wojak_with_Background/1193,Wojak_with_Background,"Dark Elf Consumer, Wojak with Background, Fantasy, Elf",162993
5_Wojak_with_Background/1194,Wojak_with_Background,"Darth Maul, Wojak with Background, Space, Futuristic, Star Wars, Movie and TV Show",658525
5_Wojak_with_Background/1195,Wojak_with_Background,"David and Goliath, Wojak with Background, Mythology, -3000-476, Christianism, Judaism",235745
5_Wojak_with_Background/1196,Wojak_with_Background,"Decebalus, Wojak with Background, -3000-476, Roman Empire, Brainlet",227758
5_Wojak_with_Background/1197,Wojak_with_Background,"Decimus Brutus (in battle armor), Wojak with Background, -3000-476, Roman Empire",268502
5_Wojak_with_Background/1198,Wojak_with_Background,"Deep Space Juri Romanenko, Wojak with Background, Soviet Union, Space",1119886
5_Wojak_with_Background/1199,Wojak_with_Background,"Deep Space Soviet Cosmonaut, Wojak with Background, Soviet Union, Space, Science, 1960-1970",1875308
5_Wojak_with_Background/1200,Wojak_with_Background,"Dimitar Popgeorgiev, Wojak with Background, Bulgaria, Revolution, 1821-1914",2371581
5_Wojak_with_Background/1201,Wojak_with_Background,"Doomer GIF, Wojak with Background, GIF",26283
5_Wojak_with_Background/1202,Wojak_with_Background,"Doomer Junior, Wojak with Background, Civilian (Teenager), Academic",352864
5_Wojak_with_Background/1203,Wojak_with_Background,"Doomer Operator, Wojak with Background, Militia Forces",154622
5_Wojak_with_Background/1204,Wojak_with_Background,"Doomer Room, Wojak with Background, Room",265554
5_Wojak_with_Background/1205,Wojak_with_Background,"Doomer Room, Wojak with Background, Civilian (Teenager)",199816
5_Wojak_with_Background/1206,Wojak_with_Background,"Doomer Room, Wojak with Background, Civilian (Adult), Room",120131
5_Wojak_with_Background/1207,Wojak_with_Background,"Doomer Screen, Wojak with Background, Civilian (Adult)",327661
5_Wojak_with_Background/1208,Wojak_with_Background,"Doomer Soldier, Wojak with Background, Russia, Russian Armed Forces",920739
5_Wojak_with_Background/1209,Wojak_with_Background,"Doomer War GIF, Wojak with Background, GIF, 1990-2000, Militia Forces",11804
5_Wojak_with_Background/1210,Wojak_with_Background,"Dracula Wojak Nazi, Wojak with Background, National-Socialism, Monster",305895
5_Wojak_with_Background/1211,Wojak_with_Background,"Driving Wojak, Wojak with Background, Civilian (Adult)",359744
5_Wojak_with_Background/1212,Wojak_with_Background,"Dr Manhattan, Wojak with Background, Comics, DC",472755
5_Wojak_with_Background/1213,Wojak_with_Background,"Dust to Dust mission, Wojak with Background, Video Game, Group, Injured and Dead",1081320
5_Wojak_with_Background/1214,Wojak_with_Background,"Eating Spaghetti Wojak, Wojak with Background, Civilian (Adult), Food and Drink",155242
5_Wojak_with_Background/1215,Wojak_with_Background,"Eating Wojak, Wojak with Background, Civilian (Adult), Food and Drink",429004
5_Wojak_with_Background/1216,Wojak_with_Background,"Egyptian Craig, Wojak with Background, -3000-476, Ancient Egypt, Autochthonous",298128
5_Wojak_with_Background/1217,Wojak_with_Background,"Egyptian Doomer, Wojak with Background, -3000-476, Ancient Egypt",625616
5_Wojak_with_Background/1218,Wojak_with_Background,"Emblem of the Social-Nationalist Empire of Belgium, Wojak with Background, Belgium, Authoritarian Left",156540
5_Wojak_with_Background/1219,Wojak_with_Background,"End of Coomvangelion, Wojak with Background, Anime, Evangelion",476702
5_Wojak_with_Background/1220,Wojak_with_Background,"English Outside Room, Wojak with Background, Room, United Kingdom, Europe",180071
5_Wojak_with_Background/1221,Wojak_with_Background,"English Room, Wojak with Background, Room, United Kingdom, Europe",469099
5_Wojak_with_Background/1222,Wojak_with_Background,"Espírito Santo Wojak, Wojak with Background, Brazil, South America, Room",269193
5_Wojak_with_Background/1223,Wojak_with_Background,"Estonian Doomer, Wojak with Background, Other Army (Europe), Ukraine, Estonia",560731
5_Wojak_with_Background/1224,Wojak_with_Background,"Euphoria, Wojak with Background, Civilian (Adult)",533460
5_Wojak_with_Background/1225,Wojak_with_Background,"Euphoria Withered Wojak, Wojak with Background, Template",986682
5_Wojak_with_Background/1226,Wojak_with_Background,"European Union Room, Wojak with Background, Room, European Union, Europe, Rescue Services",232488
5_Wojak_with_Background/1227,Wojak_with_Background,"Facing Oomer, Wojak with Background, Strange",14044
5_Wojak_with_Background/1228,Wojak_with_Background,"Fallout Ghoul, Wojak with Background, Post Apocalyptic, Fallout",934414
5_Wojak_with_Background/1229,Wojak_with_Background,"Fallout : New Vegas Ranger, Wojak with Background, Post Apocalyptic, Fallout : New Vegas, New California Republic",828715
5_Wojak_with_Background/1230,Wojak_with_Background,"Fallout, Wojak with Background, Post Apocalyptic, Fallout : New Vegas",1288388
5_Wojak_with_Background/1231,Wojak_with_Background,"Farmer, Wojak with Background, Farm, Peasant",396098
5_Wojak_with_Background/1232,Wojak_with_Background,"Fatass, Wojak with Background, Civilian (Adult)",597283
5_Wojak_with_Background/1233,Wojak_with_Background,"Feldwebel Ichigo's Lonely Hearts Club Band, Wojak with Background, Austria, Group, Hungary, 1914-1918",570091
5_Wojak_with_Background/1234,Wojak_with_Background,"Ferrari Fan Room CrassusXY, Wojak with Background, Sport, Room",729377
5_Wojak_with_Background/1235,Wojak_with_Background,"FIA Wojaks, Wojak with Background, Video Game, Arma, Group",1313842
5_Wojak_with_Background/1236,Wojak_with_Background,"Fighter Pilot In Desert, Wojak with Background, Militia Forces, Middle East",155628
5_Wojak_with_Background/1237,Wojak_with_Background,"Fighting Pilot, Wojak with Background, Netherlands, Other Army (Europe)",25346
5_Wojak_with_Background/1238,Wojak_with_Background,"Finnish Room, Wojak with Background, Scandinavia, Room, Finland, Europe",626875
5_Wojak_with_Background/1239,Wojak_with_Background,"Flavius Gratianus, Wojak with Background, -3000-476, Roman Empire, Imperial",486358
5_Wojak_with_Background/1240,Wojak_with_Background,"Flavius Odoacer, Wojak with Background, -3000-476, Germany, Hungary",212066
5_Wojak_with_Background/1241,Wojak_with_Background,"Flavius Ricimer, Wojak with Background, -3000-476, Germany",187283
5_Wojak_with_Background/1242,Wojak_with_Background,"Flavius Valens, Wojak with Background, -3000-476, Roman Empire, Imperial",147707
5_Wojak_with_Background/1243,Wojak_with_Background,"Flavius Zeno, Wojak with Background, -3000-476, Roman Empire, Imperial",165238
5_Wojak_with_Background/1244,Wojak_with_Background,"Fool Pepe, Wojak with Background, 476-1492",182884
5_Wojak_with_Background/1245,Wojak_with_Background,"Forest Anon Christmas Lights, Wojak with Background, Survivalism, Festivity, GIF",147486
5_Wojak_with_Background/1246,Wojak_with_Background,"Francophonic States in Europe Map, Wojak with Background, Europe, France, Map",343730
5_Wojak_with_Background/1247,Wojak_with_Background,"Freikorps Soldat, Wojak with Background, 1918-1939, Germany, Deutsches Heer",688423
5_Wojak_with_Background/1248,Wojak_with_Background,"French Room, Wojak with Background, France, Room, Europe",743544
5_Wojak_with_Background/1249,Wojak_with_Background,"French Room, Wojak with Background, Room, Europe, France",129094
5_Wojak_with_Background/1250,Wojak_with_Background,"Fritigern, Wojak with Background, -3000-476, Germany",1026936
5_Wojak_with_Background/1251,Wojak_with_Background,"Full Moon, Wojak with Background, Romania, Monster, Strange",2268797
5_Wojak_with_Background/1252,Wojak_with_Background,"Furry Trans Doomer, Wojak with Background, LGBT+",100520
5_Wojak_with_Background/1253,Wojak_with_Background,"Gaiseric, Wojak with Background, -3000-476, Germany",270499
5_Wojak_with_Background/1254,Wojak_with_Background,"Gaul Brainlet, Wojak with Background, -3000-476, France, Brainlet",158395
5_Wojak_with_Background/1255,Wojak_with_Background,"Gaul Room, Wojak with Background, France, -3000-476, Autochthonous, Room",1269342
5_Wojak_with_Background/1256,Wojak_with_Background,"German Boomer With His Car, Wojak with Background, Civilian (Eldery), Germany",217172
5_Wojak_with_Background/1257,Wojak_with_Background,"German Soldier, Wojak with Background, Deutsches Heer, 1939-1945, The Third Reich",444546
5_Wojak_with_Background/1258,Wojak_with_Background,"Germanus the Younger, Wojak with Background, -3000-476, Roman Empire, Imperial",84210
5_Wojak_with_Background/1259,Wojak_with_Background,"German Wojak, Wojak with Background, The Third Reich, 1939-1945, Deutsches Heer",1287580
5_Wojak_with_Background/1260,Wojak_with_Background,"German WW1 Officer, Wojak with Background, 1914-1918, Germany, Deutsches Heer",237282
5_Wojak_with_Background/1261,Wojak_with_Background,"Giga Doomer, Wojak with Background, Strange",132686
5_Wojak_with_Background/1262,Wojak_with_Background,"Go Fight For the Republic, Wojak with Background, Post Apocalyptic, Fallout : New Vegas, New California Republic",869201
5_Wojak_with_Background/1263,Wojak_with_Background,"Goiano quarto , Wojak with Background, Brazil, Room, South America",389681
5_Wojak_with_Background/1264,Wojak_with_Background,"Gopnik Wtih Balaklava, Wojak with Background, Criminal, Russia",544984
5_Wojak_with_Background/1265,Wojak_with_Background,"Gordian I, Wojak with Background, -3000-476, Roman Empire, Imperial",241611
5_Wojak_with_Background/1266,Wojak_with_Background,"Greek EON member wojak, Wojak with Background, Greece, 1939-1945",280040
5_Wojak_with_Background/1267,Wojak_with_Background,"GTA San Andreas Gang, Wojak with Background, Video Game, Group, Grand Theft Auto, Criminal",535225
5_Wojak_with_Background/1268,Wojak_with_Background,"Haas Fan Room, Wojak with Background, Sport, Room",522907
5_Wojak_with_Background/1269,Wojak_with_Background,"Hadrian, Wojak with Background, Roman Empire, -3000-476, Imperial",322991
5_Wojak_with_Background/1270,Wojak_with_Background,"Halo Trooper, Wojak with Background, Video Game, Futuristic, Halo",1094839
5_Wojak_with_Background/1271,Wojak_with_Background,"Halo Trooper Wojak, Wojak with Background, Video Game, Halo",1207429
5_Wojak_with_Background/1272,Wojak_with_Background,"Happy Couple, Wojak with Background, Family, Group",1740008
5_Wojak_with_Background/1273,Wojak_with_Background,"Happy Doomer , Wojak with Background, Civilian (Teenager)",1232774
5_Wojak_with_Background/1274,Wojak_with_Background,"Happy Doomer, Wojak with Background, Civilian (Adult)",175016
5_Wojak_with_Background/1275,Wojak_with_Background,"Henry VIII Wife's Execution, Wojak with Background, United Kingdom, Monarch, 1492-1789",341887
5_Wojak_with_Background/1276,Wojak_with_Background,"He was a consul of Rome, Wojak with Background, Roman Empire, -3000-476, Imperial",417455
5_Wojak_with_Background/1277,Wojak_with_Background,"He was Consul of Rome, Wojak with Background, Ancient Egypt, -3000-476, Roman Empire",773994
5_Wojak_with_Background/1278,Wojak_with_Background,"Hitler Suicide, Wojak with Background, 1939-1945, The Third Reich, National-Socialism",503403
5_Wojak_with_Background/1279,Wojak_with_Background,"Huaso Chileno, Wojak with Background, Chile",1553448
5_Wojak_with_Background/1280,Wojak_with_Background,"Hundred years war wojak, Wojak with Background, France, United Kingdom, 476-1492, Knight",1982132
5_Wojak_with_Background/1281,Wojak_with_Background,"Hungarian Room, Wojak with Background, Room, Europe, Hungary",737812
5_Wojak_with_Background/1282,Wojak_with_Background,"Hunter (Hunt: Showdown), Wojak with Background, Video Game, First-Person Shooter, Hunt: Showdown, Far West",344602
5_Wojak_with_Background/1283,Wojak_with_Background,"Indian Legion Wojak SS, Wojak with Background, India, Other Army (Asia), National-Socialism, The Third Reich",87912
5_Wojak_with_Background/1284,Wojak_with_Background,"Indian Room, Wojak with Background, India, Asia, Room",522065
5_Wojak_with_Background/1285,Wojak_with_Background,"Indonesian Room, Wojak with Background, Room, Asia, Indonesia",398927
5_Wojak_with_Background/1286,Wojak_with_Background,"Insane Serbian Kebab Remover, Wojak with Background, Serbia, Serbian Armed Forces, 1990-2000",84307
5_Wojak_with_Background/1287,Wojak_with_Background,"Internet Commie Room, Wojak with Background, Belarus, Room",832897
5_Wojak_with_Background/1288,Wojak_with_Background,"Inuit Room, Wojak with Background, Denmark, Room",355175
5_Wojak_with_Background/1289,Wojak_with_Background,"Iran Map, Wojak with Background, Middle East, Iran, Map",916734
5_Wojak_with_Background/1290,Wojak_with_Background,"Iraqi Gunmen In Kuwait, Wojak with Background, Kuwait, Iraq, Other Army (Middle East), Middle East",190513
5_Wojak_with_Background/1291,Wojak_with_Background,"Iraqi Peshmerga Soldier, Wojak with Background, Iraq, Syria, Other Army (Middle East)",943125
5_Wojak_with_Background/1292,Wojak_with_Background,"Iraqi Room, Wojak with Background, Terrorism, Iraq, Room, Middle East",409276
5_Wojak_with_Background/1293,Wojak_with_Background,"Iraqi Soldier, Wojak with Background, Iraq, 2000-2010, Royal Iraqi Army",711888
5_Wojak_with_Background/1294,Wojak_with_Background,"Iraqi Soldier In Iran, Wojak with Background, Iran, Iraq, Other Army (Middle East), Middle East",519051
5_Wojak_with_Background/1295,Wojak_with_Background,"Iraqi Soldier in Kuwait, Wojak with Background, Kuwait, Iraq, Other Army (Middle East), Middle East",293873
5_Wojak_with_Background/1296,Wojak_with_Background,"Iraqi terrorist, Wojak with Background, Terrorism, Iraq, Middle East",1485715
5_Wojak_with_Background/1297,Wojak_with_Background,"IRA Terrorist, Wojak with Background, 1980-1990, Ireland, Terrorism",201659
5_Wojak_with_Background/1298,Wojak_with_Background,"IRA Terrorist, Wojak with Background, 1980-1990, Ireland, Terrorism",201659
5_Wojak_with_Background/1299,Wojak_with_Background,"ISIS Wojak, Wojak with Background, Terrorism, Middle East, Islam",7839
5_Wojak_with_Background/1300,Wojak_with_Background,"Israeli Room, Wojak with Background, Israel, Judaism, Room, Middle East",497286
5_Wojak_with_Background/1301,Wojak_with_Background,"Italian Room, Wojak with Background, Room, Europe, Italy",1459882
5_Wojak_with_Background/1302,Wojak_with_Background,"Italy Room, Wojak with Background, Room, Europe, Italy",264811
5_Wojak_with_Background/1303,Wojak_with_Background,"Ivan the Terrible kills his son, Wojak with Background, Imperial, Russia, 1492-1789",5773411
5_Wojak_with_Background/1304,Wojak_with_Background,"Japanese Room, Wojak with Background, Room, Japan, Asia",197870
5_Wojak_with_Background/1305,Wojak_with_Background,"Jewish-Adventist, Wojak with Background, Judaism",277103
5_Wojak_with_Background/1306,Wojak_with_Background,"Jewish-Adventist, Wojak with Background, Judaism",326813
5_Wojak_with_Background/1307,Wojak_with_Background,"Joannes, Wojak with Background, -3000-476, Roman Empire, Imperial",179213
5_Wojak_with_Background/1308,Wojak_with_Background,"John Duns Scotus, Wojak with Background, Christianism, 476-1492, Italy, Religious Authority",181759
5_Wojak_with_Background/1309,Wojak_with_Background,"Joseph Stalin, Wojak with Background, 1939-1945, Soviet Union, Authoritarian Left, General Secretary",1265771
5_Wojak_with_Background/1310,Wojak_with_Background,"Joseph Stalin, Wojak with Background, 1939-1945, Soviet Union, Authoritarian Left, General Secretary",1265771
5_Wojak_with_Background/1311,Wojak_with_Background,"Julian the Apostate, Wojak with Background, -3000-476, Roman Empire, Imperial",444562
5_Wojak_with_Background/1312,Wojak_with_Background,"Justinian Pepe, Wojak with Background, Imperial, Roman Empire, 476-1492",787723
5_Wojak_with_Background/1313,Wojak_with_Background,"Justin II, Wojak with Background, 476-1492, Roman Empire, Imperial",115326
5_Wojak_with_Background/1314,Wojak_with_Background,"Justin II, Wojak with Background, 476-1492, Roman Empire, Imperial",122720
5_Wojak_with_Background/1315,Wojak_with_Background,"Kabylian Nomad, Wojak with Background, Kabylia, Africa, Algeria",418502
5_Wojak_with_Background/1316,Wojak_with_Background,"Kamina (Gurren Lagann), Wojak with Background, Anime, Anime",171967
5_Wojak_with_Background/1317,Wojak_with_Background,"Kazakhstan, Wojak with Background, Kazakhstan, Other Army (Asia)",597620
5_Wojak_with_Background/1318,Wojak_with_Background,"Kemalist Soldier Wojak, Wojak with Background, Turkey, Turkish Armed Forces",61442
5_Wojak_with_Background/1319,Wojak_with_Background,"Khalistani Sikh Room, Wojak with Background, Room, Sikhism, India",1304533
5_Wojak_with_Background/1320,Wojak_with_Background,"King Ashot Erkat, Wojak with Background, Armenia, 476-1492, Monarch",733815
5_Wojak_with_Background/1321,Wojak_with_Background,"Kosovo, Wojak with Background, Kosovo",687963
5_Wojak_with_Background/1322,Wojak_with_Background,"Krosno, Wojak with Background, Room, Europe",480660
5_Wojak_with_Background/1323,Wojak_with_Background,"Late Night Feels, Wojak with Background, Civilian (Adult)",304789
5_Wojak_with_Background/1324,Wojak_with_Background,"Lebanese “Phoenician” Believer, Wojak with Background, Lebanon, Room",607345
5_Wojak_with_Background/1325,Wojak_with_Background,"Le Boys but Sideways, Wojak with Background, Video Game, League of Legends, Group, Internet",854236
5_Wojak_with_Background/1326,Wojak_with_Background,"Leo I, Wojak with Background, -3000-476, Roman Empire, Imperial",186483
5_Wojak_with_Background/1327,Wojak_with_Background,"Leon Degrelle Pepe, Wojak with Background, Belgium, 1939-1945, Authoritarian Right, Political Figure",1645848
5_Wojak_with_Background/1328,Wojak_with_Background,"Lewded Daddy's Girl, Wojak with Background, Civilian (Teenager)",380507
5_Wojak_with_Background/1329,Wojak_with_Background,"Liberal Right Circlejerk, Wojak with Background, Liberal Right (Political Compass), Group, Political Compass",631502
5_Wojak_with_Background/1330,Wojak_with_Background,"Licinia, Wojak with Background, -3000-476, Roman Empire",89192
5_Wojak_with_Background/1331,Wojak_with_Background,"Lonely Doomer Girl in the Nature, Wojak with Background, Civilian (Teenager)",339406
5_Wojak_with_Background/1332,Wojak_with_Background,"Lonely Wojak Late at Night, Wojak with Background, Civilian (Teenager)",176025
5_Wojak_with_Background/1333,Wojak_with_Background,"Louis XVI's Execution by Robespierre, Wojak with Background, 1789-1821, France, French Revolution, Monarch",1246958
5_Wojak_with_Background/1334,Wojak_with_Background,"Maga Room, Wojak with Background, United States, MAGA, Authoritarian Right, Room, 2010-2020",422247
5_Wojak_with_Background/1335,Wojak_with_Background,"MAN IM DEAD, Wojak with Background, Criminal, Injured and Dead",129657
5_Wojak_with_Background/1336,Wojak_with_Background,"Maranhao Room, Wojak with Background, Brazil, Room, South America",445907
5_Wojak_with_Background/1337,Wojak_with_Background,"Marcus Aurelius Valerius Maximianus, Wojak with Background, -3000-476, Roman Empire, Imperial",193069
5_Wojak_with_Background/1338,Wojak_with_Background,"Marine Le Pen Dream, Wojak with Background, Authoritarian Right, France, 2010-2020, Algeria, Ocean, Political Figure",365935
5_Wojak_with_Background/1339,Wojak_with_Background,"Marine Le Pen Dream, Wojak with Background, Authoritarian Right, France, 2010-2020, Algeria, Ocean, Political Figure",1439761
5_Wojak_with_Background/1340,Wojak_with_Background,"Marine Le Pen Room, Wojak with Background, France, Authoritarian Right, 2010-2020, Room, Political Figure",1441372
5_Wojak_with_Background/1341,Wojak_with_Background,"Martin Luther, Wojak with Background, 476-1492, Protestantism, Religious Authority, Germany, Christianism",320067
5_Wojak_with_Background/1342,Wojak_with_Background,"Masked Gaia Eco, Wojak with Background, Authoritarian Right, Anarchism, Masked, Monster",289422
5_Wojak_with_Background/1343,Wojak_with_Background,"Mathew, Wojak with Background, Civilian (Adult)",95928
5_Wojak_with_Background/1344,Wojak_with_Background,"Matrix Wojak, Wojak with Background, Movie and TV Show, Matrix",481206
5_Wojak_with_Background/1345,Wojak_with_Background,"McDonald’s Jimmy Wilson, Wojak with Background, Video Game, Music, Corporation, Food And Drink",549114
5_Wojak_with_Background/1346,Wojak_with_Background,"McLaren Fan Room, Wojak with Background, Sport, Room",584065
5_Wojak_with_Background/1347,Wojak_with_Background,"Medieval Painting, Wojak with Background, 476-1492, Monarch, Knight",438159
5_Wojak_with_Background/1348,Wojak_with_Background,"Medieval Painting, Wojak with Background, 476-1492, Knight",3173499
5_Wojak_with_Background/1349,Wojak_with_Background,"Medieval Painting, Wojak with Background, 476-1492, Knight",3173499
5_Wojak_with_Background/1350,Wojak_with_Background,"Medieval peasant, Wojak with Background, Peasant, 476-1492",1257928
5_Wojak_with_Background/1351,Wojak_with_Background,"Mercedes Fan Room, Wojak with Background, Sport, Room",637303
5_Wojak_with_Background/1352,Wojak_with_Background,"Metro 2033 Artyom, Wojak with Background, Video Game, Metro 2033",1247085
5_Wojak_with_Background/1353,Wojak_with_Background,"Metro 2033 Wojak, Wojak with Background, Video Game, Post Apocalyptic, Metro 2033",1259107
5_Wojak_with_Background/1354,Wojak_with_Background,"Metro 2033 Wojak, Wojak with Background, Video Game, Post Apocalyptic, Metro 2033",1276242
5_Wojak_with_Background/1355,Wojak_with_Background,"Mexican Room, Wojak with Background, Mexico, Room, Central America",471229
5_Wojak_with_Background/1356,Wojak_with_Background,"Mexican Room, Wojak with Background, Mexico, Central America, Room",188715
5_Wojak_with_Background/1357,Wojak_with_Background,"MHA Stan Wojak , Wojak with Background, Anime, My Hero Academia, Flag",380478
5_Wojak_with_Background/1358,Wojak_with_Background,"Middle East Heat Map, Wojak with Background, Middle East, Iraq",318964
5_Wojak_with_Background/1359,Wojak_with_Background,"Mikhail Gorbachev Announces the end of the Soviet Union , Wojak with Background, Soviet Union, General Secretary, 1990-2000",302771
5_Wojak_with_Background/1360,Wojak_with_Background,"Minas Gerais Room, Wojak with Background, Brazil, Room, South America",483178
5_Wojak_with_Background/1361,Wojak_with_Background,"MNE LORE, Wojak with Background, Other Army (Europe), Imperial Russian Army",23863
5_Wojak_with_Background/1362,Wojak_with_Background,"Morning Rage, Wojak with Background, Civilian (Adult)",267084
5_Wojak_with_Background/1363,Wojak_with_Background,"Morning Routine, Wojak with Background, Template",389996
5_Wojak_with_Background/1364,Wojak_with_Background,"Morning Routine, Wojak with Background, Civilian (Adult)",211009
5_Wojak_with_Background/1365,Wojak_with_Background,"Morpheus, Wojak with Background, Matrix, Futuristic, Movie and TV Show",236683
5_Wojak_with_Background/1366,Wojak_with_Background,"Morpheus, Wojak with Background, Matrix, Futuristic, Movie and TV Show",236683
5_Wojak_with_Background/1367,Wojak_with_Background,"My Wojak, Wojak with Background, Other Army (Europe)",672615
5_Wojak_with_Background/1368,Wojak_with_Background,"Napoleonic War, Wojak with Background, France, Vatican, 1789-1821, Imperial, Egypt",1529781
5_Wojak_with_Background/1369,Wojak_with_Background,"Narses, Wojak with Background, 476-1492, Armenia, Roman Empire",125320
5_Wojak_with_Background/1370,Wojak_with_Background,"Nastusha (Azovstal Wojak Girl), Wojak with Background, Ukraine, Armed Forces of Ukraine, 2020-2030, Ellie",1350276
5_Wojak_with_Background/1371,Wojak_with_Background,"National-Socialist NPC VS Chad Zazou, Wojak with Background, 1939-1945, National-Socialism, France",1923130
5_Wojak_with_Background/1372,Wojak_with_Background,"NCR Bearjak, Wojak with Background, Video Game, Fallout : New Vegas, New California Republic",148030
5_Wojak_with_Background/1373,Wojak_with_Background,"Neon Room, Wojak with Background, Room, Futuristic",557533
5_Wojak_with_Background/1374,Wojak_with_Background,"Nero Fiddled as Rome Burned, Wojak with Background, Roman Empire, -3000-476, Imperial",522648
5_Wojak_with_Background/1375,Wojak_with_Background,"Newfoundland Room, Wojak with Background, Room, Canada, North America",622644
5_Wojak_with_Background/1376,Wojak_with_Background,"New Zealander Room, Wojak with Background, Pacific, New Zealand, Room",133949
5_Wojak_with_Background/1377,Wojak_with_Background,"NFT BE LIKE, Wojak with Background, Internet, Corporation",347892
5_Wojak_with_Background/1378,Wojak_with_Background,"Nilderlandic Marine In Jungle, Wojak with Background, Other Army (South And Central America)",1222973
5_Wojak_with_Background/1379,Wojak_with_Background,"Nothing to worry about., Wojak with Background, Post Apocalyptic",759790
5_Wojak_with_Background/1380,Wojak_with_Background,"Nuclear War Wojak, Wojak with Background, Hazmat",331503
5_Wojak_with_Background/1381,Wojak_with_Background,"Occitan Room, Wojak with Background, Room, Europe, France",1139738
5_Wojak_with_Background/1382,Wojak_with_Background,"Office Doomer Car, Wojak with Background, Employee",65000
5_Wojak_with_Background/1383,Wojak_with_Background,"One pal on metal concert, Wojak with Background, Music",2017520
5_Wojak_with_Background/1384,Wojak_with_Background,"Ork Brainlet, Wojak with Background, Fantasy",394244
5_Wojak_with_Background/1385,Wojak_with_Background,"Orthodox Bosnian Room, Wojak with Background, Orthodox, Bosnia and Herzegovina, Room",1836109
5_Wojak_with_Background/1386,Wojak_with_Background,"Ottoman Soldier, Wojak with Background, Ottoman Empire, Ottoman Army",308084
5_Wojak_with_Background/1387,Wojak_with_Background,"Ottoman Wojak, Wojak with Background, Ottoman Empire, 1492-1789",821397
5_Wojak_with_Background/1388,Wojak_with_Background,"Ottoman Wojak, Wojak with Background, Ottoman Empire, 1492-1789",1027114
5_Wojak_with_Background/1389,Wojak_with_Background,"Painting Shroomjak, Wojak with Background, Strange, Art",2023419
5_Wojak_with_Background/1390,Wojak_with_Background,"Painting Shroomjak, Wojak with Background, Strange, Art",2023419
5_Wojak_with_Background/1391,Wojak_with_Background,"Pakistani jihadi discordian, Wojak with Background, Pakistan, Other Army (Asia)",1994070
5_Wojak_with_Background/1392,Wojak_with_Background,"Pakistani Room, Wojak with Background, Asia, Pakistan, Room",257049
5_Wojak_with_Background/1393,Wojak_with_Background,"Pakistan Room, Wojak with Background, Pakistan, Room",1613846
5_Wojak_with_Background/1394,Wojak_with_Background,"Palestinian Wojak, Wojak with Background, Palestine, Terrorism, 2000-2010",691581
5_Wojak_with_Background/1395,Wojak_with_Background,"Panick Wojak, Wojak with Background, Template",217659
5_Wojak_with_Background/1396,Wojak_with_Background,"Para Room, Wojak with Background, Brazil, Room, South America",455314
5_Wojak_with_Background/1397,Wojak_with_Background,"Patrick, Wojak with Background, Civilian (Adult)",56880
5_Wojak_with_Background/1398,Wojak_with_Background,"Patriotic Portuguese Teen, Wojak with Background, Portugal, Authoritarian Right",298146
5_Wojak_with_Background/1399,Wojak_with_Background,"Patriotic Portuguese Teen, Wojak with Background, Portugal, Authoritarian Right",174144
5_Wojak_with_Background/1400,Wojak_with_Background,"Pepe and Wojak Watching The Sunset, Wojak with Background, Tourism",237247
5_Wojak_with_Background/1401,Wojak_with_Background,"Pepe Beating Up a Korean Girl, Wojak with Background, Injured and Dead, Korea",74054
5_Wojak_with_Background/1402,Wojak_with_Background,"Peruvian Chad, Wojak with Background, South America, Peru, Room",366452
5_Wojak_with_Background/1403,Wojak_with_Background,"Peruvian Soldier-Soldado Peruano, Wojak with Background, Peru, Peruvian Armed Forces, South America",253887
5_Wojak_with_Background/1404,Wojak_with_Background,"Phalangist Soyjak Group, Wojak with Background, Spanish Civil War, Authoritarian Right, Group, Spain, 1918-1939",305084
5_Wojak_with_Background/1405,Wojak_with_Background,"Pink Elf, Wojak with Background, Fantasy",578353
5_Wojak_with_Background/1406,Wojak_with_Background,"Poland Soldier With Immigrants, Wojak with Background, Poland, GIF, Europe, Polish Armed Forces, 2010-2020",41059
5_Wojak_with_Background/1407,Wojak_with_Background,"Polish Hussard, Wojak with Background, 476-1492, Knight, Poland",671276
5_Wojak_with_Background/1408,Wojak_with_Background,"Polish Military School, Wojak with Background, Poland, Polish Armed Forces, 1990-2000",2066380
5_Wojak_with_Background/1409,Wojak_with_Background,"Polish Room, Wojak with Background, Room, Europe, Poland",606158
5_Wojak_with_Background/1410,Wojak_with_Background,"Polish Room, Wojak with Background, Room, Europe, Poland",195396
5_Wojak_with_Background/1411,Wojak_with_Background,"Polish Room, Wojak with Background, Room, Europe, Poland",480150
5_Wojak_with_Background/1412,Wojak_with_Background,"Polish Room, Wojak with Background, Room, Europe, Poland",480150
5_Wojak_with_Background/1413,Wojak_with_Background,"Polish Teenager, Wojak with Background, Poland, 1990-2000",387992
5_Wojak_with_Background/1414,Wojak_with_Background,"Portuguese Room, Wojak with Background, Room, Europe, Portugal",236557
5_Wojak_with_Background/1415,Wojak_with_Background,"Postumus, Wojak with Background, -3000-476, Roman Empire, Imperial",141738
5_Wojak_with_Background/1416,Wojak_with_Background,"Post Workout, Wojak with Background, Civilian (Teenager)",612735
5_Wojak_with_Background/1417,Wojak_with_Background,"Post Workout, Wojak with Background, Sport",608772
5_Wojak_with_Background/1418,Wojak_with_Background,"Purple Crowd , Wojak with Background, Political Compass, Liberal Right (Political Compass), Group",524783
5_Wojak_with_Background/1419,Wojak_with_Background,"Rage Animation, Wojak with Background, GIF",16233
5_Wojak_with_Background/1420,Wojak_with_Background,"Rage Evangelion, Wojak with Background, Anime, Evangelion",1923263
5_Wojak_with_Background/1421,Wojak_with_Background,"Rage Michel Ouelbec, Wojak with Background, France, Philosophy",1148301
5_Wojak_with_Background/1422,Wojak_with_Background,"Razakars Wojakized (1971), Wojak with Background, 1970-1980, Other Army (Asia), Pakistan",3230974
5_Wojak_with_Background/1423,Wojak_with_Background,"Reconquista, Wojak with Background, Knight, 476-1492, Spain, Portugal",460178
5_Wojak_with_Background/1424,Wojak_with_Background,"Red Bull Racing Fan Room, Wojak with Background, Sport, Room",588843
5_Wojak_with_Background/1425,Wojak_with_Background,"Red Bull Racing Fan Room, Wojak with Background, Sport, Room",588843
5_Wojak_with_Background/1426,Wojak_with_Background,"Remove Kebab, Wojak with Background, Serbia, Serbian Armed Forces, 1990-2000, Meme",20273
5_Wojak_with_Background/1427,Wojak_with_Background,"Renaissance Chuddie, Wojak with Background, Internet, Authoritarian Right, Group, Art",1272174
5_Wojak_with_Background/1428,Wojak_with_Background,"Renault Fan Room, Wojak with Background, Sport, Room",589449
5_Wojak_with_Background/1429,Wojak_with_Background,"Renault Williams Fan Room, Wojak with Background, Sport, Room",608082
5_Wojak_with_Background/1430,Wojak_with_Background,"Repulsive Wojak, Wojak with Background, Injured and Dead",48409
5_Wojak_with_Background/1431,Wojak_with_Background,"Revolutionary American Room, Wojak with Background, Room, Revolution, United States, 1492-1789",246000
5_Wojak_with_Background/1432,Wojak_with_Background,"Revolutionary American Room, Wojak with Background, Room, United States, Revolution, 1492-1789",1276363
5_Wojak_with_Background/1433,Wojak_with_Background,"Richard Spencer Punched in the Face, Wojak with Background, United States, Authoritarian Right, 2010-2020, MAGA",402003
5_Wojak_with_Background/1434,Wojak_with_Background,"Rio Grande do Sul Room, Wojak with Background, Brazil, Room, South America",551761
5_Wojak_with_Background/1435,Wojak_with_Background,"Rio Grande do Sul Room, Wojak with Background, Brazil, Room, South America",1508448
5_Wojak_with_Background/1436,Wojak_with_Background,"ROA soldier (version with background), Wojak with Background, Russia, The Third Reich, Authoritarian Right, 1939-1945",504355
5_Wojak_with_Background/1437,Wojak_with_Background,"Robert E. Lee, Wojak with Background, Confederate States Army, American Civil War, 1821-1914, Confederate States of America",13340
5_Wojak_with_Background/1438,Wojak_with_Background,"Robert E. Lee, Wojak with Background, Confederate States Army, American Civil War, 1821-1914, Confederate States of America",13340
5_Wojak_with_Background/1439,Wojak_with_Background,"Robespierre's Execution, Wojak with Background, 1789-1821, France, French Revolution",946757
5_Wojak_with_Background/1440,Wojak_with_Background,"Romanian Room, Wojak with Background, Room, Romania, Europe",1555410
5_Wojak_with_Background/1441,Wojak_with_Background,"Roman Legionnaire, Wojak with Background, -3000-476, Roman Empire",339823
5_Wojak_with_Background/1442,Wojak_with_Background,"Roman Room, Wojak with Background, Roman Empire, -3000-476, Room",549056
5_Wojak_with_Background/1443,Wojak_with_Background,"Roof Korean Pepe and Wojak, Wojak with Background, United States, 1990-2000, Korea",483919
5_Wojak_with_Background/1444,Wojak_with_Background,"Rude Boy and Rude Girl, Wojak with Background, Music, 1970-1980, Jamaica, United Kingdom",315327
5_Wojak_with_Background/1445,Wojak_with_Background,"RugerCo307, Wojak with Background, Music",277879
5_Wojak_with_Background/1446,Wojak_with_Background,"Russian Soldier, Wojak with Background, Russia, Russian Armed Forces, 1990-2000",266924
5_Wojak_with_Background/1447,Wojak_with_Background,"Saddam Hussein, Wojak with Background, Iraq, Royal Iraqi Army",1192695
5_Wojak_with_Background/1448,Wojak_with_Background,"Saudi Room, Wojak with Background, Middle East, Saudi Arabia, Room",812073
5_Wojak_with_Background/1449,Wojak_with_Background,"Saudi Soldier, Wojak with Background, Saudi Arabia, Other Army (Middle East), Middle East, Flag",2445710
5_Wojak_with_Background/1450,Wojak_with_Background,"Saudi Soldier In Yemen, Wojak with Background, Saudi Arabia, Other Army (Middle East)",301641
5_Wojak_with_Background/1451,Wojak_with_Background,"Save Trad Lisa Painting, Wojak with Background, France, 1939-1945, Art, French Resistance",2599948
5_Wojak_with_Background/1452,Wojak_with_Background,"Scottish Room, Wojak with Background, Scotland, Room, United Kingdom, Europe",204784
5_Wojak_with_Background/1453,Wojak_with_Background,"SCP Wojak , Wojak with Background, SCP Foundation, Internet",581271
5_Wojak_with_Background/1454,Wojak_with_Background,"Sebastian, Wojak with Background, Civilian (Teenager)",75535
5_Wojak_with_Background/1455,Wojak_with_Background,"Sebastian, Wojak with Background, Civilian (Teenager)",157518
5_Wojak_with_Background/1456,Wojak_with_Background,"Seperartist Jamtlandic Soldier, Wojak with Background, Sweden, Militia Forces",768186
5_Wojak_with_Background/1457,Wojak_with_Background,"Serbian Room, Wojak with Background, Room, Europe, Serbia",832066
5_Wojak_with_Background/1458,Wojak_with_Background,"Serbian Room, Wojak with Background, Room, Serbia, Europe",904159
5_Wojak_with_Background/1459,Wojak_with_Background,"Serbian Room, Wojak with Background, Room, Serbia, Europe",904159
5_Wojak_with_Background/1460,Wojak_with_Background,"Sergei Sokolov and Alexandr Dvornikov, Wojak with Background, Russia, 2000-2010, Russian Armed Forces",309965
5_Wojak_with_Background/1461,Wojak_with_Background,"Severus Alexander, Wojak with Background, -3000-476, Roman Empire, Imperial",113518
5_Wojak_with_Background/1462,Wojak_with_Background,"Shadow Eyes, Wojak with Background, Strange, Strange",701530
5_Wojak_with_Background/1463,Wojak_with_Background,"Shadowman, Wojak with Background, Monster",30579
5_Wojak_with_Background/1464,Wojak_with_Background,"Shapur II, Wojak with Background, Fantasy",202640
5_Wojak_with_Background/1465,Wojak_with_Background,"Shocked Eutropius, Wojak with Background, -3000-476, Roman Empire",148924
5_Wojak_with_Background/1466,Wojak_with_Background,"Shromer Simpson, Wojak with Background, Cartoon, The Simpsons",143885
5_Wojak_with_Background/1467,Wojak_with_Background,"Shroomjack Landscape, Wojak with Background, Strange",633317
5_Wojak_with_Background/1468,Wojak_with_Background,"Siege Mask Wojak, Wojak with Background, Authoritarian Right, National-Socialism, Militia Forces, Schutzstaffel",248947
5_Wojak_with_Background/1469,Wojak_with_Background,"Sierra Madre, Wojak with Background, Post Apocalyptic, Fallout : New Vegas",2315747
5_Wojak_with_Background/1470,Wojak_with_Background,"Sierra Madre, Wojak with Background, Video Game, Fallout : New Vegas",813658
5_Wojak_with_Background/1471,Wojak_with_Background,"Sierra Madre Allyssa Beria, Wojak with Background, Internet, Criminal",2220661
5_Wojak_with_Background/1472,Wojak_with_Background,"Simon Bar Kokhba, Wojak with Background, -3000-476, Roman Empire, Israel, Judaism",324726
5_Wojak_with_Background/1473,Wojak_with_Background,"Singing Rage, Wojak with Background, Music",54953
5_Wojak_with_Background/1474,Wojak_with_Background,"Sitting Alone Wojak, Wojak with Background, Civilian (Adult)",767529
5_Wojak_with_Background/1475,Wojak_with_Background,"Skull German, Wojak with Background, The Third Reich, Injured and Dead, Deutsches Heer",427706
5_Wojak_with_Background/1476,Wojak_with_Background,"Smug Bruce, Wojak with Background, Pacific, Australia",20846
5_Wojak_with_Background/1477,Wojak_with_Background,"Smug Mr House, Wojak with Background, Post Apocalyptic, Fallout : New Vegas",368791
5_Wojak_with_Background/1478,Wojak_with_Background,"Smug Mr House, Wojak with Background, Post Apocalyptic, Fallout : New Vegas",368791
5_Wojak_with_Background/1479,Wojak_with_Background,"Snapped Wojak, Wojak with Background, Strange",443890
5_Wojak_with_Background/1480,Wojak_with_Background,"Snapped Wojak, Wojak with Background, Strange",212499
5_Wojak_with_Background/1481,Wojak_with_Background,"Snapped Wojak, Wojak with Background, Strange",846979
5_Wojak_with_Background/1482,Wojak_with_Background,"Soldier of the Roman Empire, Wojak with Background, Roman Empire, Italy, -3000-476",315902
5_Wojak_with_Background/1483,Wojak_with_Background,"Soyjak Red Flare, Wojak with Background, Template",187630
5_Wojak_with_Background/1484,Wojak_with_Background,"Spanish Room, Wojak with Background, Room, Europe, Spain",235354
5_Wojak_with_Background/1485,Wojak_with_Background,"Stalingrad Wojak, Wojak with Background, 1939-1945, Red Army",308432
5_Wojak_with_Background/1486,Wojak_with_Background,"Stared Evil, Wojak with Background, Strange",338737
5_Wojak_with_Background/1487,Wojak_with_Background,"Starry Night, Wojak with Background, Space",369311
5_Wojak_with_Background/1488,Wojak_with_Background,"Star Wars III  Revenge Of The Meme, Wojak with Background, Space, Star Wars, Futuristic",435939
5_Wojak_with_Background/1489,Wojak_with_Background,"St Augustine Coomer, Wojak with Background, Christianism, Orthodox, Mythology",425714
5_Wojak_with_Background/1490,Wojak_with_Background,"Stronkjak With Background, Wojak with Background, Sport, Futuristic",67424
5_Wojak_with_Background/1491,Wojak_with_Background,"Sunset Gigachad, Wojak with Background, Tourism",348688
5_Wojak_with_Background/1492,Wojak_with_Background,"Super Mutant Terror, Wojak with Background, Post Apocalyptic, Fallout",141982
5_Wojak_with_Background/1493,Wojak_with_Background,"Swedish Room, Wojak with Background, Europe, Scandinavia, Sweden, Room",646604
5_Wojak_with_Background/1494,Wojak_with_Background,"Swedish Room, Wojak with Background, Room, Europe, France, Scandinavia",528223
5_Wojak_with_Background/1495,Wojak_with_Background,"Swedish Room, Wojak with Background, Sweden, Europe, Scandinavia, Room",198147
5_Wojak_with_Background/1496,Wojak_with_Background,"Syrian Civil War, Wojak with Background, Syria, 2000-2010, Russian Armed Forces, Other Army (Middle East)",100635
5_Wojak_with_Background/1497,Wojak_with_Background,"Tatarstan Room, Wojak with Background, Russia, Asia, Room",341079
5_Wojak_with_Background/1498,Wojak_with_Background,"Ted loving trad wife , Wojak with Background, Civilian (Adult)",2053768
5_Wojak_with_Background/1499,Wojak_with_Background,"Ted loving trad wife (mask), Wojak with Background, Civilian (Adult)",2002995
5_Wojak_with_Background/1500,Wojak_with_Background,"Teenage Girl Room, Wojak with Background, Room, Harry Potter, Fantasy, Movie and TV Show",693971
5_Wojak_with_Background/1501,Wojak_with_Background,"Terraria Golem, Wojak with Background, Video Game, Terraria",629385
5_Wojak_with_Background/1502,Wojak_with_Background,"Terrorist Attack, Wojak with Background, Pakistan, United States, Terrorism",628146
5_Wojak_with_Background/1503,Wojak_with_Background,"Tetricus, Wojak with Background, -3000-476, Roman Empire, Imperial",231926
5_Wojak_with_Background/1504,Wojak_with_Background,"The 1945 Battle of Castle Itter 30 Year Old Waffen SS Doomer, Wojak with Background, The Third Reich, National-Socialism, 1939-1945, Schutzstaffel",845099
5_Wojak_with_Background/1505,Wojak_with_Background,"The Emperor, Wojak with Background, 476-1492, Imperial, Japan",1882019
5_Wojak_with_Background/1506,Wojak_with_Background,"The End Of Twinkjak, Wojak with Background, Anime, Evangelion",1304925
5_Wojak_with_Background/1507,Wojak_with_Background,"The Execution of Joan of Arc, Wojak with Background, 476-1492, Knight, France, United Kingdom",1003118
5_Wojak_with_Background/1508,Wojak_with_Background,"The Execution Of The UE, Wojak with Background, France, Europe, European Union",343790
5_Wojak_with_Background/1509,Wojak_with_Background,"The Fungus, Wojak with Background, Criminal, Italy, Movie and TV Show",35593
5_Wojak_with_Background/1510,Wojak_with_Background,"The Germanic Tribes, Wojak with Background, -3000-476, Group, Germany",593917
5_Wojak_with_Background/1511,Wojak_with_Background,"The Green Incident, Wojak with Background, Strange",23358
5_Wojak_with_Background/1512,Wojak_with_Background,"The Hood Sinks., Wojak with Background, 1939-1945, The Third Reich, British Armed Forces, Deutsches Heer, United Kingdom, Ocean",1250479
5_Wojak_with_Background/1513,Wojak_with_Background,"The Inchoroi, Wojak with Background, Monster, Fantasy",357111
5_Wojak_with_Background/1514,Wojak_with_Background,"The Kim Dynasty , Wojak with Background, Korea, Authoritarian Left, General Secretary, Group",306901
5_Wojak_with_Background/1515,Wojak_with_Background,"The leader of the BLITZ, Wojak with Background, The Ever-Expanding Bunker, Steampunk",475172
5_Wojak_with_Background/1516,Wojak_with_Background,"The Living Battery, Wojak with Background, The Ever-Expanding Bunker, Robot",422182
5_Wojak_with_Background/1517,Wojak_with_Background,"The Loner STALKER, Wojak with Background, Video Game, S.T.A.L.K.E.R, Post Apocalyptic",1417899
5_Wojak_with_Background/1518,Wojak_with_Background,"The Middle East Map, Wojak with Background, Map, Middle East",756876
5_Wojak_with_Background/1519,Wojak_with_Background,"The Mud Guy, Wojak with Background, Fantasy, Peasant",290237
5_Wojak_with_Background/1520,Wojak_with_Background,"Theodoric, Wojak with Background, -3000-476, Germany",126304
5_Wojak_with_Background/1521,Wojak_with_Background,"Theodoric II, Wojak with Background, -3000-476, Germany",58201
5_Wojak_with_Background/1522,Wojak_with_Background,"Theodosius II, Wojak with Background, 476-1492, Roman Empire, Imperial",152422
5_Wojak_with_Background/1523,Wojak_with_Background,"The Republican Soldier and his Dead Wife, Wojak with Background, Spain, Spanish Civil War, 1918-1939, Spanish Republican Army",1183099
5_Wojak_with_Background/1524,Wojak_with_Background,"The Witcher, Wojak with Background, Video Game, Fantasy",768152
5_Wojak_with_Background/1525,Wojak_with_Background,"Thoughtful wojak looking at horizon, Wojak with Background, Art",397948
5_Wojak_with_Background/1526,Wojak_with_Background,"Thracian Couple, Wojak with Background, Group, Peasant, Turkey, Bulgaria",669409
5_Wojak_with_Background/1527,Wojak_with_Background,"Tiberius Caesar Augustus, Wojak with Background, -3000-476, Roman Empire",42604
5_Wojak_with_Background/1528,Wojak_with_Background,"Tired Art, Wojak with Background, Art",604023
5_Wojak_with_Background/1529,Wojak_with_Background,"Tired Art, Wojak with Background, Art",855377
5_Wojak_with_Background/1530,Wojak_with_Background,"Tired Art, Wojak with Background, Art",527681
5_Wojak_with_Background/1531,Wojak_with_Background,"Tired Art, Wojak with Background, Art",792552
5_Wojak_with_Background/1532,Wojak_with_Background,"Tired Art, Wojak with Background, Art",693324
5_Wojak_with_Background/1533,Wojak_with_Background,"Tired Art, Wojak with Background, Art",900698
5_Wojak_with_Background/1534,Wojak_with_Background,"Tired Art, Wojak with Background, Art",574506
5_Wojak_with_Background/1535,Wojak_with_Background,"Tired Art, Wojak with Background, Art",723243
5_Wojak_with_Background/1536,Wojak_with_Background,"Tired Art, Wojak with Background, Art",858024
5_Wojak_with_Background/1537,Wojak_with_Background,"Tired Art, Wojak with Background, Art",802370
5_Wojak_with_Background/1538,Wojak_with_Background,"Tired Art, Wojak with Background, Art",639901
5_Wojak_with_Background/1539,Wojak_with_Background,"Tired Art, Wojak with Background, Art",790671
5_Wojak_with_Background/1540,Wojak_with_Background,"Tired Art, Wojak with Background, Art",583334
5_Wojak_with_Background/1541,Wojak_with_Background,"Tired Art, Wojak with Background, Art",819889
5_Wojak_with_Background/1542,Wojak_with_Background,"Tired Art, Wojak with Background, Art",911233
5_Wojak_with_Background/1543,Wojak_with_Background,"Tired Art, Wojak with Background, Art",534235
5_Wojak_with_Background/1544,Wojak_with_Background,"Tired Art, Wojak with Background, Art",883116
5_Wojak_with_Background/1545,Wojak_with_Background,"Tired Art, Wojak with Background, Art",852991
5_Wojak_with_Background/1546,Wojak_with_Background,"Tired Art, Wojak with Background, Art",357983
5_Wojak_with_Background/1547,Wojak_with_Background,"Tired Art, Wojak with Background, Art",778234
5_Wojak_with_Background/1548,Wojak_with_Background,"Tired Art, Wojak with Background, Art",768422
5_Wojak_with_Background/1549,Wojak_with_Background,"Tired Art, Wojak with Background, Art",794035
5_Wojak_with_Background/1550,Wojak_with_Background,"Tired Art, Wojak with Background, Art",820034
5_Wojak_with_Background/1551,Wojak_with_Background,"Tired Art, Wojak with Background, Art",820034
5_Wojak_with_Background/1552,Wojak_with_Background,"Tired Coomer, Wojak with Background, Template",217752
5_Wojak_with_Background/1553,Wojak_with_Background,"Tired Doomer, Wojak with Background, Civilian (Adult)",154766
5_Wojak_with_Background/1554,Wojak_with_Background,"Tired Doomer, Wojak with Background, Civilian (Adult)",701530
5_Wojak_with_Background/1555,Wojak_with_Background,"Tired Doomer, Wojak with Background, Civilian (Adult)",191365
5_Wojak_with_Background/1556,Wojak_with_Background,"Tired Doomer Hell, Wojak with Background, Strange",688498
5_Wojak_with_Background/1557,Wojak_with_Background,"Tired Doomer, Wojak with Background, Civilian (Adult)",246718
5_Wojak_with_Background/1558,Wojak_with_Background,"Tired Doomer Room, Wojak with Background, Room",430523
5_Wojak_with_Background/1559,Wojak_with_Background,"Tired Negative Wojak, Wojak with Background, Template",124488
5_Wojak_with_Background/1560,Wojak_with_Background,"Tired Wojak, Wojak with Background, Civilian (Adult)",117418
5_Wojak_with_Background/1561,Wojak_with_Background,"Tito smoking in white House, Wojak with Background, Yugoslavia, United States, President, 1970-1980",268811
5_Wojak_with_Background/1562,Wojak_with_Background,"Tomb Raider, Wojak with Background, Civilian (Adult), Video Game",556609
5_Wojak_with_Background/1563,Wojak_with_Background,"Trad Flower Paterns, Wojak with Background, Template",5968748
5_Wojak_with_Background/1564,Wojak_with_Background,"Trad Wife Life, Wojak with Background, National-Socialism, Authoritarian Right, Group, Family",2732340
5_Wojak_with_Background/1565,Wojak_with_Background,"Traumatised Polish soldier 1939, Wojak with Background, 1939-1945, Polish Armed Forces, Poland",1263611
5_Wojak_with_Background/1566,Wojak_with_Background,"Turan soldier, Wojak with Background, Other Army (Asia), China",412193
5_Wojak_with_Background/1567,Wojak_with_Background,"Turkish Room, Wojak with Background, Middle East, Turkey, Room",136882
5_Wojak_with_Background/1568,Wojak_with_Background,"Turkish Soldier, Wojak with Background, Turkish Armed Forces, Turkey",1483041
5_Wojak_with_Background/1569,Wojak_with_Background,"Turkish Soldier, Wojak with Background, Turkish Armed Forces, Turkey",903398
5_Wojak_with_Background/1570,Wojak_with_Background,"UÇK soldier, Wojak with Background, Albania",4206994
5_Wojak_with_Background/1571,Wojak_with_Background,"Ukrainian Doomer, Wojak with Background, Ukraine, Armed Forces of Ukraine",536081
5_Wojak_with_Background/1572,Wojak_with_Background,"Ukrainian Doomer, Wojak with Background, Ukraine, Armed Forces of Ukraine",537288
5_Wojak_with_Background/1573,Wojak_with_Background,"Ukranie-Russian war , Wojak with Background, Russia, Map, Ukraine, Serbia, Europe",1282755
5_Wojak_with_Background/1574,Wojak_with_Background,"UK Subject, Wojak with Background, United Kingdom, Law Enforcement",252792
5_Wojak_with_Background/1575,Wojak_with_Background,"Ulysses S. Grant, Wojak with Background, United States, American Civil War, President, 1821-1914",14735
5_Wojak_with_Background/1576,Wojak_with_Background,"Ulysses S. Grant, Wojak with Background, United States, American Civil War, President, 1821-1914",14735
5_Wojak_with_Background/1577,Wojak_with_Background,"Uncanny Wojak, Wojak with Background, Injured and Dead",221048
5_Wojak_with_Background/1578,Wojak_with_Background,"Uncle Sam, Wojak with Background, United States, Festivity, North America",28705
5_Wojak_with_Background/1579,Wojak_with_Background,"Uslter Room, Wojak with Background, United Kingdom, Ireland, Europe, Room",1898208
5_Wojak_with_Background/1580,Wojak_with_Background,"Uzbekistani Room, Wojak with Background, Asia, Uzbekistan, Room",297054
5_Wojak_with_Background/1581,Wojak_with_Background,"Valencian Room, Wojak with Background, Spain, Europe, Room",3218702
5_Wojak_with_Background/1582,Wojak_with_Background,"Valentian II, Wojak with Background, -3000-476, Roman Empire, Imperial",356008
5_Wojak_with_Background/1583,Wojak_with_Background,"Valerius Licinianus Licinius, Wojak with Background, -3000-476, Roman Empire, Imperial",246957
5_Wojak_with_Background/1584,Wojak_with_Background,"Vercingetorix , Wojak with Background, -3000-476, France",376800
5_Wojak_with_Background/1585,Wojak_with_Background,"Viet Cong Room, Wojak with Background, Room, Vietnam, Vietnam War, 1960-1970, People's Army of Vietnam",612314
5_Wojak_with_Background/1586,Wojak_with_Background,"Viking, Wojak with Background, 476-1492, Viking, Scandinavia",766045
5_Wojak_with_Background/1587,Wojak_with_Background,"Viktor Reznov, Wojak with Background, Video Game, First-Person Shooter, Call Of Duty, Soviet Union, Red Army",719257
5_Wojak_with_Background/1588,Wojak_with_Background,"Vincent Van Gogh, Wojak with Background, Netherlands, Art, 1821-1914",413973
5_Wojak_with_Background/1589,Wojak_with_Background,"Vladimir Lenin, Wojak with Background, Authoritarian Left, 1914-1918, Philosophy, General Secretary",342697
5_Wojak_with_Background/1590,Wojak_with_Background,"Vlad The Impaler, Wojak with Background, Romania, 476-1492, Other Sovereign Title",1928196
5_Wojak_with_Background/1591,Wojak_with_Background,"Walter White Chimist, Wojak with Background, Science, Breaking Bad",750521
5_Wojak_with_Background/1592,Wojak_with_Background,"WehrJack, Wojak with Background, Deutsches Heer, 1939-1945, The Third Reich",1276116
5_Wojak_with_Background/1593,Wojak_with_Background,"White boy on the streets, Wojak with Background, Criminal",69726
5_Wojak_with_Background/1594,Wojak_with_Background,"Willy Brandt posing Infront of the Brandenburg gate , Wojak with Background, Germany, 1960-1970, Liberal Left, President",275566
5_Wojak_with_Background/1595,Wojak_with_Background,"Winter German, Wojak with Background, The Third Reich, Deutsches Heer, 1939-1945",1133303
5_Wojak_with_Background/1596,Wojak_with_Background,"Withered Doom, Wojak with Background, Template",877980
5_Wojak_with_Background/1597,Wojak_with_Background,"Withered Guard, Wojak with Background, Video Game, Half Life",285183
5_Wojak_with_Background/1598,Wojak_with_Background,"Wojak Arma 3, Wojak with Background, Video Game, Arma",325972
5_Wojak_with_Background/1599,Wojak_with_Background,"Wojak Browsing Internet, Wojak with Background, Internet",207311
5_Wojak_with_Background/1600,Wojak_with_Background,"Wojak Family Dinner, Wojak with Background, Family, Group",957873
5_Wojak_with_Background/1601,Wojak_with_Background,"Wojak Feel, Wojak with Background, Movie and TV Show",343153
5_Wojak_with_Background/1602,Wojak_with_Background,"Wojak Foomer Girlfriend Night Riding, Wojak with Background, Civilian (Adult)",233750
5_Wojak_with_Background/1603,Wojak_with_Background,"Wojak In Bed, Wojak with Background, Civilian (Adult)",284433
5_Wojak_with_Background/1604,Wojak_with_Background,"Wojak in Orthodox Church, Wojak with Background, Christianism, Orthodox, Balkan",1762640
5_Wojak_with_Background/1605,Wojak_with_Background,"Wojak In The Bar, Wojak with Background, Food and Drink, 1918-1939",499703
5_Wojak_with_Background/1606,Wojak_with_Background,"Wojak In The Bus, Wojak with Background, Civilian (Adult)",367476
5_Wojak_with_Background/1607,Wojak_with_Background,"Wojak Poland, Wojak with Background, Poland, Europe, Polish Armed Forces",275473
5_Wojak_with_Background/1608,Wojak_with_Background,"Wojak Pondering His Orb, Wojak with Background, Fantasy, Internet, Meme",100803
5_Wojak_with_Background/1609,Wojak_with_Background,"Wojak Sitting Alone In The Bus, Wojak with Background, Civilian (Adult)",104788
5_Wojak_with_Background/1610,Wojak_with_Background,"Wojak Skywalker, Wojak with Background, Space, Movie and TV Show, Star Wars",970974
5_Wojak_with_Background/1611,Wojak_with_Background,"Workers strike, Wojak with Background, Worker, Militia Forces",525434
5_Wojak_with_Background/1612,Wojak_with_Background,"Wuhan ( China ) Room, Wojak with Background, China, Medical, Asia, Room",78660
5_Wojak_with_Background/1613,Wojak_with_Background,"Young Muammar Gaddafi, Wojak with Background, Other Army (Africa), 1970-1980, Lybia",574136
5_Wojak_with_Background/1614,Wojak_with_Background,"Yugoslav Room, Wojak with Background, Europe, Balkan, Yugoslavia, Room",823110
5_Wojak_with_Background/1615,Wojak_with_Background,"Zimbabwe Ghosts, Wojak with Background, 1970-1980, Zimbabwe, Rhodesian Security Forces",666900
5_Yes_Honey/12836,Yes_Honey,"Art, Yes Honey, Comics, Invincible",374910
5_Yes_Honey/12837,Yes_Honey,"Brainiak seduced by his own brain, Yes Honey, Template",903283
5_Yes_Honey/12838,Yes_Honey,"Cartoon Network Enjoyer, Yes Honey, Cartoon, Brands",99662
5_Yes_Honey/12839,Yes_Honey,"Donald Trump and His Supporter , Yes Honey, 2020-2030, Group, President, MAGA, Authoritarian Right",196813
5_Yes_Honey/12840,Yes_Honey,"Dr. John Johnson, Yes Honey, The Ever-Expanding Bunker, Medical, Science",50199
5_Yes_Honey/12841,Yes_Honey,"Earth-Chan Yes Honey, Yes Honey, Space",71554
5_Yes_Honey/12842,Yes_Honey,"Edward Cisorhands , Yes Honey, Movie and TV Show, Strange, Full Body",701335
5_Yes_Honey/12843,Yes_Honey,"Egg, Yes Honey, Strange, Comics, Video Game",21667
5_Yes_Honey/12844,Yes_Honey,"Ethan Winters, Yes Honey, Video Game, Resident Evil",56238
5_Yes_Honey/12845,Yes_Honey,"Full Body Yes Honey, Yes Honey, Template",40702
5_Yes_Honey/12846,Yes_Honey,"HD Yes Honey, Yes Honey, Template",407076
5_Yes_Honey/12847,Yes_Honey,"Hifumi Yamada, Yes Honey, Video Game, Danganronpa",67667
5_Yes_Honey/12848,Yes_Honey,"Hooded Yes Honey, Yes Honey, Civilian (Adult)",60356
5_Yes_Honey/12849,Yes_Honey,"James [Team Rocket], Yes Honey, Video Game, Nintendo, Pokemon",41163
5_Yes_Honey/12850,Yes_Honey,"Jesus Yes Honey, Yes Honey, -3000-476, Christianism, Mythology",700287
5_Yes_Honey/12851,Yes_Honey,"Jewish Yes Honey, Yes Honey, Judaism, -3000-476",605266
5_Yes_Honey/12852,Yes_Honey,"Joe Biden and His Supporter, Yes Honey, 2020-2030, Group, President",171360
5_Yes_Honey/12853,Yes_Honey,"Joseph Stalin Yes Honey, Yes Honey, 1950-1960, Soviet Union, Authoritarian Left, General Secretary",85778
5_Yes_Honey/12854,Yes_Honey,"Medieval Russian, Yes Honey, Russia, 476-1492, Nobility and Bourgeoisie",60303
5_Yes_Honey/12855,Yes_Honey,"Mexican Soldier In War With USA, Yes Honey, Mexico, Other Army (South And Central America), 1821-1914",63500
5_Yes_Honey/12856,Yes_Honey,"Mocker yes honey, Yes Honey, Template, Full Body",265656
5_Yes_Honey/12857,Yes_Honey,"Neeko, Yes Honey, Video Game, League of Legends",104095
5_Yes_Honey/12858,Yes_Honey,"Paraguayan Yes Honey, Yes Honey, South America, Paraguay",208709
5_Yes_Honey/12859,Yes_Honey,"Petelgeuse, Yes Honey, Re: Zero, Anime",288776
5_Yes_Honey/12860,Yes_Honey,"Raiden Yes Honey, Yes Honey, Video Game, Robot, Metal Gear Solid",99352
5_Yes_Honey/12861,Yes_Honey,"Real Mr House , Yes Honey, Post Apocalyptic, Fallout : New Vegas",113346
5_Yes_Honey/12862,Yes_Honey,"Robin Hood, Yes Honey, Fantasy, 476-1492",96273
5_Yes_Honey/12863,Yes_Honey,"Royal Retainer, Yes Honey, Video Game, Hollow Knight",65806
5_Yes_Honey/12864,Yes_Honey,"Sad Aztec Yes Honey, Yes Honey, 476-1492, Autochthonous, Mexico",287936
5_Yes_Honey/12865,Yes_Honey,"Soldier, Yes Honey, Video Game, Team Fortress 2",88697
5_Yes_Honey/12866,Yes_Honey,"Spy, Yes Honey, Video Game, Team Fortress 2",111849
5_Yes_Honey/12867,Yes_Honey,"Tahiti Bob, Yes Honey, Cartoon, The Simpsons",8121
5_Yes_Honey/12868,Yes_Honey,"Teen Yes Honey, Yes Honey, Civilian (Teenager)",49897
5_Yes_Honey/12869,Yes_Honey,"The Corail Addict, Yes Honey, Fantasy, Ocean",37649
5_Yes_Honey/12870,Yes_Honey,"The Leg Eater, Yes Honey, Video Game, Hollow Knight",107657
5_Yes_Honey/12871,Yes_Honey,"The NeoCrat Nurser, Yes Honey, Fantasy, Futuristic",50761
5_Yes_Honey/12872,Yes_Honey,"The Tired Bunker Worker, Yes Honey, The Ever-Expanding Bunker, Robot",66736
5_Yes_Honey/12873,Yes_Honey,"The Tired Guard, Yes Honey, The Ever-Expanding Bunker, Guard (The Ever-Expanding Bunker)",165066
5_Yes_Honey/12874,Yes_Honey,"The Tired Mummy Soul Eater, Yes Honey, Monster, -3000-476, Ancient Egypt",284659
5_Yes_Honey/12875,Yes_Honey,"The Wheezer, Yes Honey, Monster",335762
5_Yes_Honey/12876,Yes_Honey,"Tired Beast Titan, Yes Honey, Anime, Attack On Titan",840499
5_Yes_Honey/12877,Yes_Honey,"Tired Doomer Yes Honey, Yes Honey, Template",49284
5_Yes_Honey/12878,Yes_Honey,"Tired Engineer , Yes Honey, Video Game, Team Fortress 2, Worker",102474
5_Yes_Honey/12879,Yes_Honey,"Tired Heavy, Yes Honey, Video Game, Team Fortress 2",111600
5_Yes_Honey/12880,Yes_Honey,"Tired Hittite King, Yes Honey, -3000-476, Monarch, Turkey",171861
5_Yes_Honey/12881,Yes_Honey,"Tired Muk, Yes Honey, Video Game, Nintendo, Pokemon",51829
5_Yes_Honey/12882,Yes_Honey,"Tired Pyro, Yes Honey, Video Game, Team Fortress 2",89539
5_Yes_Honey/12883,Yes_Honey,"Tired Queen Chrysalis, Yes Honey, Cartoon, My Little Pony",128619
5_Yes_Honey/12884,Yes_Honey,"Tired Scatman, Yes Honey, United States, North America, Music",414777
5_Yes_Honey/12885,Yes_Honey,"Tired Scout, Yes Honey, Video Game, Team Fortress 2",92273
5_Yes_Honey/12886,Yes_Honey,"Tired Shining Armor, Yes Honey, Cartoon, My Little Pony",118984
5_Yes_Honey/12887,Yes_Honey,"Tired Sniper, Yes Honey, Video Game, Team Fortress 2",120078
5_Yes_Honey/12888,Yes_Honey,"Tired Sultan, Yes Honey, Ottoman Empire, Imperial, 1821-1914",1418681
5_Yes_Honey/12889,Yes_Honey,"Yes Honey Amelia Watson, Yes Honey, Japan, Virtual Youtuber, Youtube",114673
5_Yes_Honey/12890,Yes_Honey,"Yes Honey Anarchist, Yes Honey, Post Apocalyptic, Anarchism",749781
5_Yes_Honey/12891,Yes_Honey,"Yes Honey Bee, Yes Honey, Farm",342471
5_Yes_Honey/12892,Yes_Honey,"Yes Honey Blackjak, Yes Honey, Civilian (Adult)",62258
5_Yes_Honey/12893,Yes_Honey,"Yes Honey Blitzo, Yes Honey, Cartoon, Hazbin Hotel",83149
5_Yes_Honey/12894,Yes_Honey,"Yes Honey Coronavirus, Yes Honey, Medical, Science",4066
5_Yes_Honey/12895,Yes_Honey,"Yes Honey Demon Girl, Yes Honey, Demon",11064
5_Yes_Honey/12896,Yes_Honey,"Yes Honey Haachama, Yes Honey, Japan, Virtual Youtuber, Youtube",257729
5_Yes_Honey/12897,Yes_Honey,"Yes Honey Horse, Yes Honey, Farm",76811
5_Yes_Honey/12898,Yes_Honey,"Yes Honey Imperator, Yes Honey, -3000-476, Imperial, Roman Empire",106572
5_Yes_Honey/12899,Yes_Honey,"Yes Honey Jacobin, Yes Honey, 1789-1821, France, French Revolution",98517
5_Yes_Honey/12900,Yes_Honey,"Yes Honey Juche Officer, Yes Honey, Korea, People's Army of Korea, Authoritarian Left",60898
5_Yes_Honey/12901,Yes_Honey,"Yes Honey Kazuma Sato, Yes Honey, Anime, KonoSuba",141468
5_Yes_Honey/12902,Yes_Honey,"Yes Honey Knight, Yes Honey, 476-1492, Knight",51198
5_Yes_Honey/12903,Yes_Honey,"Yes Honey Leon S. Kennedy, Yes Honey, Video Game, Resident Evil",131937
5_Yes_Honey/12904,Yes_Honey,"Yes Honey Luigi, Yes Honey, Nintendo, Video Game, Super Mario",112366
5_Yes_Honey/12905,Yes_Honey,"Yes Honey Monarch, Yes Honey, 476-1492, Monarch",438925
5_Yes_Honey/12906,Yes_Honey,"Yes Honey Mongol, Yes Honey, Mongolia, Asia",127108
5_Yes_Honey/12907,Yes_Honey,"Yes Honey Office Worker, Yes Honey, Civilian (Adult)",126474
5_Yes_Honey/12908,Yes_Honey,"Yes Honey Pharaoh, Yes Honey, Ancient Egypt, -3000-476, Monarch",223498
5_Yes_Honey/12909,Yes_Honey,"Yes Honey Pony, Yes Honey, Cartoon, My Little Pony",18215
5_Yes_Honey/12910,Yes_Honey,"Yes Honey Sasha, Yes Honey, Video Game, Pokemon, Nintendo",126710
5_Yes_Honey/12911,Yes_Honey,"Yes Honey Stoney, Yes Honey, 2020-2030, Internet, Cartoon",81460
5_Yes_Honey/12912,Yes_Honey,"Yes Honey Terraria Player, Yes Honey, Video Game, Terraria",45414
5_Yes_Honey/12913,Yes_Honey,"Yes Honey Terraria Player, Yes Honey, Video Game, Terraria",32080
5_Yes_Honey/12914,Yes_Honey,"Yes Honey Twitter, Yes Honey, Internet, Brands, Social Media",7979
5_Yes_Honey/12915,Yes_Honey,"Yes Honey Video Game Character, Yes Honey, Video Game",157609
5_Yes_Honey/12916,Yes_Honey,"Zero Two Support (Darling in the FranXX), Yes Honey, Anime",523238
5_Zoomer/10674,Zoomer,"Anarkiddie, Zoomer, Anarchism",63737
5_Zoomer/10675,Zoomer,"Ancient Chinese Knight, Zoomer, Knight, 476-1492, China",60902
5_Zoomer/10676,Zoomer,"Apex Assassin, Zoomer, First-Person Shooter, Video Game",334303
5_Zoomer/10677,Zoomer,"Archimedes of Syracuse, Zoomer, -3000-476, Greece, Science",159963
5_Zoomer/10678,Zoomer,"Austria Hungarian Soldier Zoomer, Zoomer, Austro-Hungarian Armed Forces, 1914-1918, Austria-Hungarian Empire",265542
5_Zoomer/10679,Zoomer,"Big Mom, Zoomer, Anime, One Piece, Ocean, Pirate",21084
5_Zoomer/10680,Zoomer,"Black Zoomer, Zoomer, Civilian (Adult)",26716
5_Zoomer/10681,Zoomer,"British Zoomer, Zoomer, United Kingdom, Europe",110164
5_Zoomer/10682,Zoomer,"Brotherhood Of Steel, Zoomer, Post Apocalyptic, Fallout : New Vegas",486091
5_Zoomer/10683,Zoomer,"Child Zoomer, Zoomer, Civilian (Teenager)",39143
5_Zoomer/10684,Zoomer,"Coomer Zoomer, Zoomer, Template",246799
5_Zoomer/10685,Zoomer,"Corona-Chan, Zoomer, 2010-2020, China, Medical",57674
5_Zoomer/10686,Zoomer,"Crying Ahsoka Tano, Zoomer, Movie and TV Show, Futuristic, Star Wars, Space",9717
5_Zoomer/10687,Zoomer,"Crying Gamer, Zoomer, Video Game, Internet",99250
5_Zoomer/10688,Zoomer,"Crying Italian Officer, Zoomer, 1914-1918, Royal Italian Army, Italy",74806
5_Zoomer/10689,Zoomer,"Crying Troll, Zoomer, Fantasy",164451
5_Zoomer/10690,Zoomer,"Crying Zoomer, Zoomer, Template",8101
5_Zoomer/10691,Zoomer,"Crying Zoomer Roman, Zoomer, -3000-476, Roman Empire",22477
5_Zoomer/10692,Zoomer,"Crying Zoomer Troupes de Marines, Zoomer, 2020-2030, France, Armée Française",70901
5_Zoomer/10693,Zoomer,"Dance Zoomer, Zoomer, Civilian (Teenager)",107252
5_Zoomer/10694,Zoomer,"Detective Zoomer, Zoomer, Rescue Services, United Kingdom, 1960-1970",117908
5_Zoomer/10695,Zoomer,"Diavolo, Zoomer, Anime, JoJo's Bizarre Adventure",130142
5_Zoomer/10696,Zoomer,"Disgusted Vae Victis Fan, Zoomer, Music, Authoritarian Right, France",455096
5_Zoomer/10697,Zoomer,"Dravem, Zoomer, Video Game, League of Legends",8411
5_Zoomer/10698,Zoomer,"Emperor Honorius (393–423), Zoomer, Roman Empire, Imperial, -3000-476",33429
5_Zoomer/10699,Zoomer,"Evil Zoomer, Zoomer, Civilian (Teenager)",69902
5_Zoomer/10700,Zoomer,"Fantasy Character, Zoomer, Fantasy",39964
5_Zoomer/10701,Zoomer,"Faustino Harrison, Zoomer, Uruguay, 1960-1970, Liberal Right, President",93756
5_Zoomer/10702,Zoomer,"Francisco Franco Zoomer, Zoomer, Spain, Spanish Civil War, Authoritarian Right, 1918-1939, Nationalist Side (Spanish Civil War)",16008
5_Zoomer/10703,Zoomer,"Front Facing Zoomer Crying, Zoomer, Template",96812
5_Zoomer/10704,Zoomer,"General Augustus Autumn, Zoomer, Post Apocalyptic, Fallout",8081
5_Zoomer/10705,Zoomer,"Giorgio Napolitano, Zoomer, Italy, 1980-1990, Liberal Left",393630
5_Zoomer/10706,Zoomer,"Gopnick Zoomer, Zoomer, Russia, Criminal",116131
5_Zoomer/10707,Zoomer,"Happy Vae Victis Fan, Zoomer, Music, Authoritarian Right, France",454155
5_Zoomer/10708,Zoomer,"Headshot Zoomer, Zoomer, Injured and Dead",24213
5_Zoomer/10709,Zoomer,"Indian Zoomer, Zoomer, India, Asia, Hinduism",26933
5_Zoomer/10710,Zoomer,"Injured Zoomer, Zoomer, Injured and Dead",89383
5_Zoomer/10711,Zoomer,"ISIS Zoomer, Zoomer, Middle East, Terrorism, Islam",145490
5_Zoomer/10712,Zoomer,"Italian Soldier, Zoomer, Italy, Royal Italian Army, 1914-1918",267232
5_Zoomer/10713,Zoomer,"Japanese Shogun Zoomer, Zoomer, 476-1492, Japan, Knight",161435
5_Zoomer/10714,Zoomer,"Jim Hawkins, Zoomer, Cartoon, Treasure Island, Pirate, Ocean",72888
5_Zoomer/10715,Zoomer,"Julian, Zoomer, Civilian (Teenager)",81051
5_Zoomer/10716,Zoomer,"Kamen Rider Ex-Aid, Zoomer, Movie and TV Show, Japan",45850
5_Zoomer/10717,Zoomer,"Kid Zoomer, Zoomer, Civilian (Teenager)",175114
5_Zoomer/10718,Zoomer,"Leon Kuwata, Zoomer, Video Game, Danganronpa",45743
5_Zoomer/10719,Zoomer,"Leon Trotsky Zoomer, Zoomer, 1918-1939, Red Army, Philosophy, Authoritarian Left, Soviet Union",26129
5_Zoomer/10720,Zoomer,"LibRight Zoomer, Zoomer, Political Compass, Liberal Right (Political Compass)",314814
5_Zoomer/10721,Zoomer,"Literally me zoomer, Zoomer, Civilian (Teenager)",127843
5_Zoomer/10722,Zoomer,"Marguerite Stern, Zoomer, France, 2020-2030, Internet, Authoritarian Right",81123
5_Zoomer/10723,Zoomer,"Mark, Zoomer, Comics, Invincible",71181
5_Zoomer/10724,Zoomer,"Masked Insurgent Zoomer, Zoomer, Criminal, Russia",45037
5_Zoomer/10725,Zoomer,"Moogis, Zoomer, The Ever-Expanding Bunker",57387
5_Zoomer/10726,Zoomer,"New Super Man, Zoomer, Comics, DC",97744
5_Zoomer/10727,Zoomer,"Noble Zoomer, Zoomer, 476-1492, Nobility and Bourgeoisie",239976
5_Zoomer/10728,Zoomer,"Oriental Zoomer, Zoomer, Autochthonous, -3000-476",14104
5_Zoomer/10729,Zoomer,"Pakistani Zoomer, Zoomer, Asia, Pakistan",26989
5_Zoomer/10730,Zoomer,"Petit Charles, Zoomer, France, European Union",9449
5_Zoomer/10731,Zoomer,"Rich Zoomer, Zoomer, Nobility and Bourgeoisie",94618
5_Zoomer/10732,Zoomer,"Russian Imperial Zoomer, Zoomer, Russia, 1821-1914",22933
5_Zoomer/10733,Zoomer,"Russian Liberal Zoomer, Zoomer, Asia, Europe, Russia",23046
5_Zoomer/10734,Zoomer,"Russian Z Zoomer, Zoomer, Russia, Authoritarian Right, 2020-2030",37536
5_Zoomer/10735,Zoomer,"Samurai Zoomer, Zoomer, Japan, Knight, 476-1492",85192
5_Zoomer/10736,Zoomer,"Sans, Zoomer, Video Game, Undertale, Internet",56397
5_Zoomer/10737,Zoomer,"Sans, Zoomer, Video Game, Undertale, Internet",56397
5_Zoomer/10738,Zoomer,"Saudi Zoomer , Zoomer, Middle East, Saudi Arabia",137592
5_Zoomer/10739,Zoomer,"Sea People Ancient Zoomers, Zoomer, -3000-476, -3000-476, Middle East",201345
5_Zoomer/10740,Zoomer,"Seminary students, Zoomer, Fantasy, Religious Authority, Elf, Christianism",43128
5_Zoomer/10741,Zoomer,"Share Bear (The Care Bears' Big Wish Movie), Zoomer, Movie and TV Show, Toy, Cartoon",18506
5_Zoomer/10742,Zoomer,"Smooth Zoomer, Zoomer, Civilian (Teenager)",419081
5_Zoomer/10743,Zoomer,"Soviet Soldier Winter War Zoomer, Zoomer, 1939-1945, Soviet Union, Red Army",139564
5_Zoomer/10744,Zoomer,"Soviet Zoomer, Zoomer, Soviet Union, Authoritarian Left (Political Compass)",28296
5_Zoomer/10745,Zoomer,"Soviet Zoomer Caporal, Zoomer, Soviet Union, Red Army, 1939-1945",73838
5_Zoomer/10746,Zoomer,"Soyjak Maga, Zoomer, United States, MAGA, Authoritarian Right, 2010-2020",322468
5_Zoomer/10747,Zoomer,"Soyjak Maga, Zoomer, United States, MAGA, Authoritarian Right, 2010-2020",322468
5_Zoomer/10748,Zoomer,"Soy Zoomer, Zoomer, Template",7565
5_Zoomer/10749,Zoomer,"Star-Lord, Zoomer, Comics, Marvel",49033
5_Zoomer/10750,Zoomer,"Star Lord , Zoomer, Comics, Marvel, Space",53389
5_Zoomer/10751,Zoomer,"Star Wars Enjoyer, Zoomer, Star Wars, Space",32924
5_Zoomer/10752,Zoomer,"Taliban Zoomer, Zoomer, 2010-2020, Afghanistan, Terrorism",70673
5_Zoomer/10753,Zoomer,"Teen Zoomer, Zoomer, Civilian (Teenager)",184342
5_Zoomer/10754,Zoomer,"Tekashi 6ix9ine, Zoomer, United States, 2010-2020, Music",34665
5_Zoomer/10755,Zoomer,"Tekashi 6ix9ine, Zoomer, United States, 2010-2020, Music",34665
5_Zoomer/10756,Zoomer,"The Gamer Boy, Zoomer, The Ever-Expanding Bunker",71852
5_Zoomer/10757,Zoomer,"The Glorious Leader Fan, Zoomer, Post Apocalyptic",1116855
5_Zoomer/10758,Zoomer,"The Magic Kid, Zoomer, Fantasy",87690
5_Zoomer/10759,Zoomer,"The Pale King, Zoomer, Video Game, Hollow Knight",21481
5_Zoomer/10760,Zoomer,"The Zoomer Pack, Zoomer, Monster",176573
5_Zoomer/10761,Zoomer,"Tourist Zoomer, Zoomer, Tourism",37948
5_Zoomer/10762,Zoomer,"Trainer, Zoomer, Video Game, Nintendo, Pokemon",3967
5_Zoomer/10763,Zoomer,"Trainer, Zoomer, Video Game, Nintendo, Pokemon",3967
5_Zoomer/10764,Zoomer,"Trans-Humanist Zoomer, Zoomer, Futuristic, Cyberpunk 2077",130006
5_Zoomer/10765,Zoomer,"Vae Victis Fan, Zoomer, Music, Authoritarian Right, France",437253
5_Zoomer/10766,Zoomer,"Vaggie And Charlie Magne, Zoomer, Cartoon, Hazbin Hotel, Group",74225
5_Zoomer/10767,Zoomer,"Vietcong Crying, Zoomer, Vietnam War, Vietnam, People's Army of Vietnam, 1960-1970",213051
5_Zoomer/10768,Zoomer,"Winter War Soviet Soldier, Zoomer, 1939-1945, Soviet Union, Red Army",116387
5_Zoomer/10769,Zoomer,"Yellow Guy (Don't hug me I'm scared), Zoomer, Music, Movie and TV Show, Don't hug me I'm scared",422687
5_Zoomer/10770,Zoomer,"Zeke Yeager, Zoomer, Anime, Attack On Titan",148452
5_Zoomer/10771,Zoomer,"Zoogis, Zoomer, The Ever-Expanding Bunker",74670
5_Zoomer/10772,Zoomer,"Zoogis, Zoomer, The Ever-Expanding Bunker",57560
5_Zoomer/10773,Zoomer,"Zoomer, Zoomer, Template",6290
5_Zoomer/10774,Zoomer,"Zoomer, Zoomer, Civilian (Teenager)",34015
5_Zoomer/10775,Zoomer,"Zoomer Bishop, Zoomer, Christianism, Religious Authority",82762
5_Zoomer/10776,Zoomer,"Zoomer British Officer, Zoomer, United Kingdom, British Armed Forces, 1939-1945",202060
5_Zoomer/10777,Zoomer,"Zoomer CRS, Zoomer, France, 2000-2010, Rescue Services",52831
5_Zoomer/10778,Zoomer,"Zoomer Darth Vader, Zoomer, Space, Star Wars, Movie and TV Show, Futuristic",34518
5_Zoomer/10779,Zoomer,"Zoomer Dwarf, Zoomer, Fantasy",296765
5_Zoomer/10780,Zoomer,"Zoomer Fridge, Zoomer, Food and Drink",33273
5_Zoomer/10781,Zoomer,"Zoomer Hazmat, Zoomer, Hazmat",255945
5_Zoomer/10782,Zoomer,"Zoomer Jean Pierre Polnareff, Zoomer, Anime, JoJo's Bizarre Adventure",5651
5_Zoomer/10783,Zoomer,"Zoomer Jesse McCree, Zoomer, Video Game, Overwatch",25690
5_Zoomer/10784,Zoomer,"Zoomer Knight, Zoomer, 476-1492, Knight",99466
5_Zoomer/10785,Zoomer,"Zoomer Legionnaire, Zoomer, Roman Empire, Knight, -3000-476",179531
5_Zoomer/10786,Zoomer,"Zoomer Lets Fucking go !, Zoomer, Internet",306707
5_Zoomer/10787,Zoomer,"Zoomer Pirate, Zoomer, Pirate, Ocean",36189
5_Zoomer/10788,Zoomer,"Zoomer Spy, Zoomer, Video Game, Team Fortress 2",53649
5_Zoomer/10789,Zoomer,"Zoomer Swishing, Zoomer, Civilian (Teenager)",64012
5_Zoomer/10790,Zoomer,"Zoomer Vietnam War Soldier, Zoomer, Vietnam War, United States, 1960-1970, United States Army",874679
5_Zoomer/10791,Zoomer,"Zoomer Wehrmacht Soldier, Zoomer, 1939-1945, Deutsches Heer, The Third Reich",53751
5_Zoomer/10792,Zoomer,"Zoomer Zuko, Zoomer, Cartoon, The Last Airbender",81964
5_Zoomer/10793,Zoomer,"Zoomster, Zoomer, Civilian (Teenager)",11588
5_unsorted/1000,unsorted,"German Wehrmacht, Warsaw, 1944, Wojak, Deutsches Heer, The Third Reich, 1939-1945",301542
5_unsorted/1001,unsorted,"Grand Tourney of Atlanta (2666, colorized), Wojak with Background, United States, Knight, Fantasy",918940
5_unsorted/1002,unsorted,"guy, the masturbater, Blackjak, Civilian (Adult)",46689
5_unsorted/1003,unsorted,"Hadrian, Destroyer of the Jews, Wojak with Background, Roman Empire, -3000-476, Judaism, Group",610973
5_unsorted/1004,unsorted,"H.E.C.U, New Mexico, 2000~, Wojak, Futuristic Army, Half Life, Video Game",439462
5_unsorted/1005,unsorted,"Hussein bin Ali, King of Hejaz, Wojak, Monarch, Palestine, Saudi Arabia, 1918-1939",269316
5_unsorted/1006,unsorted,"Imperial Japanese Army, The Pacific, 1942, Wojak, 1939-1945, Imperial Japanese Army, Japan",375262
5_unsorted/1007,unsorted,"IRA, Derry, 2005, Wojak, 2000-2010, Other Army (Europe), Ireland, Terrorism",391630
5_unsorted/1008,unsorted,"Iraqi General in Syria, 2020, Wojak, Iraq, Iran, Turkey, Syria",191230
5_unsorted/1009,unsorted,"IRAQI Soldier in Syria, 2020, Wojak, Syria, Iran, Turkey, Iraq",183420
5_unsorted/1010,unsorted,"Iraqi Soldier in Syria, 2020, Wojak with Background, Iraq, Middle East, Other Army (Middle East)",378795
5_unsorted/1011,unsorted,"Israeli IDF, Hesbolla, 2020, Trad Wife, 2020-2030, Israel Defense Forces, Israel, Judaism",394605
5_unsorted/1012,unsorted,"Italian CBRN, Vicenza 2026, Wojak, Futuristic Army, Italy, Futuristic",452129
5_unsorted/1013,unsorted,"Jacket, Florida, 1989, Wojak, Video Game, Criminal, 1980-1990",380339
5_unsorted/1014,unsorted,"Justice, The High Prosecutor, Yes Chad, Video Game, Helltaker, Demon",145482
5_unsorted/1015,unsorted,"Lady Misery, the White Worm, Trad Wife, Fantasy, Movie and TV Show, Game of Thrones, Masked",459277
5_unsorted/1016,unsorted,"Loner, Pripyat, 2004, Wojak, Video Game, Militia Forces, S.T.A.L.K.E.R",901264
5_unsorted/1017,unsorted,"Marx, Engels and Lenin, Wojak, 1821-1914, Philosophy, Soviet Union, Germany, Authoritarian Left",168971
5_unsorted/1018,unsorted,"Marx,Engels and Lenin, Yes Chad, Germany, Soviet Union, Authoritarian Left, Philosophy, 1821-1914",107686
5_unsorted/1019,unsorted,"Marx, Engels, Lenin and Stalin, Wojak, 1821-1914, Philosophy, Soviet Union, Germany, Authoritarian Left, 1945-1950",242767
5_unsorted/1020,unsorted,"Mushroom, the Jester, Shroomjak, Fantasy",248447
5_unsorted/1021,unsorted,"Nintendo Fan, Blooomer, Video Game, Nintendo, Corporation",125862
5_unsorted/1022,unsorted,"Norwegian FSK, Setermoen, 2020, Wojak, 2020-2030, Other Army (Europe), Norway",476302
5_unsorted/1023,unsorted,"Op. Desert Storm, US Tank Crew, Wojak with Background, United States, United States Army, 2000-2010",590254
5_unsorted/1024,unsorted,"People's Army of Hungary, Budapest, 1947, Wojak, Other Army (Europe), 1945-1950, Hungary",434509
5_unsorted/1025,unsorted,"PMC, Unknown, 2022, Wojak, Militia Forces, 2020-2030",487141
5_unsorted/1026,unsorted,"Polish GROM, Kabul, 2021, Wojak, 2020-2030, Polish Armed Forces, Poland",494819
5_unsorted/1027,unsorted,"Polis Özel Harekat(re designed by Veral, from Cahit Eren Can), Wojak, Turkey, Turkish Armed Forces",282847
5_unsorted/1028,unsorted,"Postal Dude, Arizona, 2003, Oomer, United States, Video Game, 2000-2010, Postal",368195
5_unsorted/1029,unsorted,"Prince Daemon Targaryen, the Rogue Prince, Oomer, Fantasy, Movie and TV Show, Game of Thrones, Knight",484460
5_unsorted/1030,unsorted,"Project at Eden's Gate, Montana, 2018 (Far Cry), Wojak, Video Game, Terrorism, United States",430526
5_unsorted/1031,unsorted,"Pro-PRC Militia, Taiwan (Psycho), Oomer, China, Taiwan, Authoritarian Left, Militia Forces",169536
5_unsorted/1032,unsorted,"Pro-Republic Partisan, Taiwan, Wojak, Taiwan, China, 2020-2030, Militia Forces, Other Army (Asia)",105690
5_unsorted/1033,unsorted,"RASD, Western Sahara, Crying Wojak, Morocco, Africa",292798
5_unsorted/1034,unsorted,"RCS, Goma, 1998, Blackjak, Other Army (Africa), Congo, 1990-2000",402043
5_unsorted/1035,unsorted,"Romanian Anti - Communist Fighters, Brashov, 1989, Wojak, 1980-1990, Romanian Armed Forces, Romania",399850
5_unsorted/1036,unsorted,"Rövşən Cavadov, Azerbaijan, Other Army (Caucasus)",40671
5_unsorted/1037,unsorted,"RSLF, Najran, 2018, Wojak, Saudi Arabia, Middle East, Yemen",224478
5_unsorted/1038,unsorted,"Russian Ground Forces, Russo-Ukranian War, Smugjak, Russia, 2020-2030, Russian Armed Forces",590765
5_unsorted/1039,unsorted,"Russian ВДВ, Crimea, 2014, Wojak, 2010-2020, Russian Armed Forces, Russia",550782
5_unsorted/1040,unsorted,"Russian ВДВ, Kharkiv, 2022, Withered Wojak, Russian Armed Forces, Russia, 2020-2030",672268
5_unsorted/1041,unsorted,"Russian ФСБ, Beslan, 2004, Wojak, Russian Armed Forces, 2000-2010, Russia",479091
5_unsorted/1042,unsorted,"Russian ФСБ, Crimea, 2021, Wojak, 2020-2030, Russian Armed Forces, Russia",508204
5_unsorted/1043,unsorted,"SCAR, Europe, 2085, Wojak, Futuristic Army, Video Game, Futuristic, First-Person Shooter",250864
5_unsorted/1044,unsorted,"Serbian Ari Force, Buđanovci, 1999, Wojak, Serbian Armed Forces, 1990-2000, Serbia",300400
5_unsorted/1045,unsorted,"Sidi Hassan, 19th Dey of Algiers, Yes Chad, Algeria, Monarch, 1789-1821",135150
5_unsorted/1046,unsorted,"Soviet КГБ, Berlin, 1981, Wojak, 1980-1990, Red Army, Soviet Union",367759
5_unsorted/1047,unsorted,"Soviet ССВ, Moscow, 1993, Wojak, Soviet Union, 1990-2000, Red Army",285505
5_unsorted/1048,unsorted,"Suomi, Perkele !, Wojak, Finland, Other Army (Europe)",87465
5_unsorted/1049,unsorted,"Swedish SOG, Stockholm, 2017, Wojak, Other Army (Europe), 2010-2020, Sweden",457010
5_unsorted/1050,unsorted,"The Engineer, Texas, 1968, Wojak, Video Game, Team Fortress 2, Worker",352899
5_unsorted/1051,unsorted,"The Filipino Resistance, Luzon, 1945, Wojak, Other Army (Asia), Philippines, 1939-1945",393988
5_unsorted/1052,unsorted,"The Hellenic Resistance, Navarino, 1927, Wojak, Greece, Other Army (Europe), 1821-1914",483943
5_unsorted/1053,unsorted,"Think Chad , Think !, Soyjak, Meme, Group, Internet",380974
5_unsorted/1054,unsorted,"Trad Wife Kidnapped, Gagged, Trad Wife, NSFW",661230
5_unsorted/1055,unsorted,"Travis Henderson (Paris, Texas), Wojak, Movie and TV Show",992712
5_unsorted/1056,unsorted,"Turkish Blue Beret,Turkey , Late 90's Era,, Wojak, Turkish Armed Forces, 1990-2000, Turkey",424860
5_unsorted/1057,unsorted,"Turkish TSK, Afrin, 2016, Wojak, Turkish Armed Forces, Turkey, 2010-2020, Syria",474872
5_unsorted/1058,unsorted,"Twink Team 6, Homostan, 2022, Twinkjak, Futuristic Army, LGBT+",352162
5_unsorted/1059,unsorted,"Tzarina Katarin Bokha, The Ice Queen of Kislev, Trad Wife, Video Game, Fantasy, Warhammer",410915
5_unsorted/1060,unsorted,"Ukrainian Soldier,Donbass, 2022, Wojak, Ukraine, Armed Forces of Ukraine, 2020-2030",442950
5_unsorted/1061,unsorted,"Ukrainian ЗСУ, Donbass, 2014, Doomer, Armed Forces of Ukraine, Ukraine, 2010-2020",426889
5_unsorted/1062,unsorted,"Ukrainian УСВ, Donbass, 2014, Bloomer, 2010-2020, Armed Forces of Ukraine, Ukraine",375376
5_unsorted/1063,unsorted,"Ukranian Infantry, Russo-Ukranian War, Smugjak, Ukraine, 2020-2030, Armed Forces of Ukraine",543113
5_unsorted/1064,unsorted,"Ukranian Спецгруппа А, Crimea, 2020, Wojak, 2020-2030, Armed Forces of Ukraine, Ukraine",514493
5_unsorted/1065,unsorted,"United States DEA, Medellín, 1991, Wojak, Rescue Services, United States, Colombia, Rescue Services, 1990-2000",368027
5_unsorted/1066,unsorted,"Unknown Soldier, Russia 1812 , Withered Wojak, France, 1789-1821, Grande Armée",126229
5_unsorted/1067,unsorted,"US 75th Ranger Regiment, Kahandar, 2011, Wojak, 2010-2020, United States Army, United States",495637
5_unsorted/1068,unsorted,"USA, Khasham, 2018, Wojak, United States, United States Army, Syria, Middle East, 2010-2020",209029
5_unsorted/1069,unsorted,"US Colonial Marine, SulacoMoon, 2122, Hooker, Futuristic Army, Futuristic, United States, North America",474552
5_unsorted/1070,unsorted,"US Marine Corps, Huế, 1968, Doomer, 1960-1970, United States Army, United States, Vietnam War",487994
5_unsorted/1071,unsorted,"US Marine Corps, Raqqa, 2017, Wojak, 2010-2020, United States Army, United States",519532
5_unsorted/1072,unsorted,"Yugoslav Partisan, Belgrade, 1944, Wojak, Yugoslav People's Army, 1939-1945, Yugoslavia",376694
5_unsorted/974,unsorted,"1991 Bosnian Soldier with Beret, Beard and Sunglasses , Wojak, Bosnia and Herzegovina, Armed Forces of Bosnia and Herzegovina, 1990-2000",266294
5_unsorted/975,unsorted,"1991 Bosnian Soldier with Cap, Beard and Sunglasses , Wojak, Bosnia and Herzegovina, Armed Forces of Bosnia and Herzegovina, 1990-2000",291547
5_unsorted/976,unsorted,"1991 Slovenian Soldier with beret, Sunglasses and Beard, Wojak, Slovenia, Slovenian Armed Forces, 1990-2000",287957
5_unsorted/977,unsorted,"1991 Slovenian Soldier with Cap, Sunglasses and beard, Wojak, Slovenia, Slovenian Armed Forces, 1990-2000",290331
5_unsorted/978,unsorted,"Albanian UÇK, Kosovo, 1998, Wojak, Other Army (Europe), 1990-2000, Albania",548414
5_unsorted/979,unsorted,"Albanian UÇK (Sniper Rifle), Kosovo, 1998, Wojak, Other Army (Europe), 1990-2000, Albania",454063
5_unsorted/980,unsorted,"angry ""1991"", rage, 1939-1945",46293
5_unsorted/981,unsorted,"Arenos Karlaen Captain, 1st Company, Wojak, Video Game, Futuristic, Warhammer, Futuristic Army",121700
5_unsorted/982,unsorted,"Argentinian Soldier, The Falklands, 1982, Wojak, Other Army (South And Central America), 1980-1990, Argentina",398472
5_unsorted/983,unsorted,"Army of the Serbian Republic, Goražde, 1995, Oomer, 1990-2000, Serbian Armed Forces, Serbia",372651
5_unsorted/984,unsorted,"Azerbaijani Shah, Ismail, Wojak, Iran, 1492-1789, Monarch",169030
5_unsorted/985,unsorted,"Bosnian Mudjahideen, Goražde, 1995, Hooker, Armed Forces of Bosnia and Herzegovina, 1990-2000, Bosnia and Herzegovina",326709
5_unsorted/986,unsorted,"British Desert Rat, The Persian Gulf, 1991, Wojak, 1990-2000, British Armed Forces, United Kingdom",398835
5_unsorted/987,unsorted,"British SAS, London, 2018, Doomer, 2010-2020, British Armed Forces, United Kingdom",533368
5_unsorted/988,unsorted,"Chad Marx, Engels, Lenin, Trotsky, Yes Chad, Group, Authoritarian Left, Philosophy, 1821-1914, Russia",281007
5_unsorted/989,unsorted,"Chechen Fighters, Grozny, 2000, Wojak, 2000-2010, Other Army (Europe), Russia, Chechnya",414289
5_unsorted/990,unsorted,"Crying Darkness,Ryūko Matoi And Sieg, Soyjak, Anime, Fate",273777
5_unsorted/991,unsorted,"Doomer Girl Ruby, the Instigator, Doomer Girl, Video Game, Disco Elysium",54642
5_unsorted/992,unsorted,"Elvira, Mistress of the Dark, Trad Wife, Movie and TV Show, United States",60478
5_unsorted/993,unsorted,"Faccetta nera, bell'abbissina..., Blackjak, Royal Italian Army, Italy, Ethiopia, Group, 1939-1945",179280
5_unsorted/994,unsorted,"Feldwebel, I. Flak, Regiment 37 : Bergen,1943, Wojak, 1939-1945, The Third Reich, Deutsches Heer",642778
5_unsorted/995,unsorted,"French GIGN, Paris, 2020, Wojak, Rescue Services, 2020-2030, France",408792
5_unsorted/996,unsorted,"French Grande Armée, Belgium, 1815, Groomer, Belgian Armed Forces, 1789-1821, France, Belgium",407678
5_unsorted/997,unsorted,"German Heer, Kopenhag, 1940, Wojak, 1939-1945, Deutsches Heer, The Third Reich",318857
5_unsorted/998,unsorted,"German KSK, BW, 2018, Wojak, Bundeswehr, Germany, Rescue Services, 2010-2020",439014
5_unsorted/999,unsorted,"German Stasi, Berlin, 1981, Smugjak, 1980-1990, Red Army, Germany",464410
